master_record_number,agency,agency_tracking_number,county,city,collision_date,vehicles_involved,number_injured,number_dead,latitude,longitude,roadway_name,roadway_suffix,roadway_number,roadway_local_id,distance_from_reference,miles-feet_indicator,direction_from_reference,intersection_road_name,intersection_road_name_suffix,intersection_road_number,intersection_local_id,mile_marker,intersection_indicator,intersect_type,interchange_related_indicator,relation_to_junction,work_zone_type,construction_maintenance_zone,construction_maintenance_zone_location,fatal_case_number,officer_first_name,officer_last_name,weather_condition(s),manner_of_crash,pedestrian,bicycle,scooter,parking,hitrun,mou
103437451,METROPOLITAN NASHVILLE POLICE DEPT,20220497790,Davidson,Nashville,10/3/2022 2:35:00 PM,2,2,0,36.088210,-86.690610,HARDING PL,,,,552.00,Feet,East,ANTIOCH PKE,,,,0.00,N,Not at Intersection,N,Non-Junction,None,,,         ,Todd,Watson,Clear,Angle,no,no,no,no,no,False
103437454,METROPOLITAN NASHVILLE POLICE DEPT,20220499187,Davidson,Nashville,10/4/2022 6:50:00 AM,2,0,0,36.037520,-86.723640,WOODLANDS AV,,,,297.00,Feet,North,MAPLESONG CT,,,,0.00,N,Not at Intersection,N,Non-Junction,None,,,         ,Cherell,Kinchloe,Clear,HeadOn,no,no,no,no,no,False
103437467,METROPOLITAN NASHVILLE POLICE DEPT,20220499181,Davidson,Nashville,10/4/2022 6:42:00 AM,2,0,0,36.115900,-86.794040,I 440 E,FWY,,,0.00,Miles,East,,,I,,5.00,N,Not at Intersection,N,Non-Junction,None,,,         ,Sekou,Samassi,Clear,"Sideswipe, Same Direction",no,no,no,no,no,False
103437469,METROPOLITAN NASHVILLE POLICE DEPT,20220499156,Davidson,Not in City Limit,10/4/2022 6:22:00 AM,1,0,0,36.323830,-86.867130,I 24,,,,0.00,,,,,,,35.00,N,Not at Intersection, ,,None,,,         ,Judah,Parker,,,no,no,no,no,no,False
103437478,METROPOLITAN NASHVILLE POLICE DEPT,20220499121,Davidson,Nashville,10/4/2022 6:11:00 AM,3,0,0,36.094750,-86.653370,OLD MURFREESBORO PKE,,,,119.00,Feet,North,MURFREESBORO PKE,,,,0.00,N,Not at Intersection, ,Non-Junction,None,,,         ,Amanda,Hanna,Clear,Front to Rear,no,no,no,no,no,False
103437498,METROPOLITAN NASHVILLE POLICE DEPT,20220499419,Davidson,Nashville,10/4/2022 8:56:00 AM,3,0,0,36.145410,-86.776970,I 65,,,,0.00,,,,,,,82.20,N,Not at Intersection,N,Non-Junction,None,,,         ,Earl,Davis,Clear,Front to Rear,no,no,no,no,no,False
103437513,METROPOLITAN NASHVILLE POLICE DEPT,20220499413,Davidson,Nashville,10/4/2022 8:53:00 AM,2,1,0,36.178240,-86.604810,OLD HICKORY BLVD,,,,123.00,Feet,North,I40 E EXT RAMP,,,,0.00,N,Not at Intersection,N,Non-Junction,None,,,         ,Ryan,Sherry,Clear,Front to Rear,no,no,no,no,no,False
103437517,METROPOLITAN NASHVILLE POLICE DEPT,20220499354,Davidson,Nashville,10/4/2022 7:23:00 AM,2,2,0,36.064810,-86.622110,HAMILTON CHURCH RD,,,,0.00,,,OWENDALE DR,,,,0.00,Y,T-Intersection,N,Intersection,None,,,         ,Charles,Agius,Clear,Angle,no,no,no,no,no,False
103437535,METROPOLITAN NASHVILLE POLICE DEPT,20220499423,Davidson,Nashville,10/4/2022 8:45:00 AM,2,0,0,36.158850,-86.789740,CHURCH ST,,,,302.00,Feet,East,12TH AVN,,,,0.00,N,Not at Intersection, ,Non-Junction,None,,,         ,Alex,Mendoza-Aguilera,Clear,"Sideswipe, Same Direction",no,no,no,no,no,False
103437539,METROPOLITAN NASHVILLE POLICE DEPT,20220499206,Davidson,Nashville,10/4/2022 7:06:00 AM,2,1,0,36.205960,-86.769570,W TRINITY LN,,,,283.00,Feet,West,E TRINITY LN,,,,0.00,N,Not at Intersection,N,Non-Junction,None,,,         ,Jarret,Sonnenberg,Clear,Not Collision with Motor Vehicle in Transport,no,no,no,yes,no,False
103437540,METROPOLITAN NASHVILLE POLICE DEPT,20220499389,Davidson,Nashville,10/4/2022 8:41:00 AM,2,1,0,36.116140,-86.704270,BRILEY PKWYS,,,,480.00,Feet,East,BRILEY PKWYN,,,,0.00,N,Not at Intersection,N,Non-Junction,None,,,         ,Charles,Agius,Clear,Front to Rear,no,no,no,no,no,False
103437541,METROPOLITAN NASHVILLE POLICE DEPT,20220499464,Davidson,Nashville,10/4/2022 9:30:00 AM,2,0,0,36.122570,-86.727400,I 24,,,,0.00,,,,,,,52.70,N,Not at Intersection,N,Non-Junction,None,,,         ,John,Walden,Clear,Front to Rear,no,no,no,no,no,False
103437542,METROPOLITAN NASHVILLE POLICE DEPT,20220499208,Davidson,Nashville,10/4/2022 7:07:00 AM,2,1,0,36.138030,-86.805050,BLAKEMORE AV,,,,0.00,Feet,,24TH AVS,,,,0.00,Y,Four-Way,N,Intersection,None,,,         ,Megan,Lamon,Clear,HeadOn,no,no,no,no,no,Campus
103437546,METROPOLITAN NASHVILLE POLICE DEPT,20220499490,Davidson,Nashville,10/4/2022 6:55:00 AM,2,0,0,36.166570,-86.764900,I 24,,,,0.00,,,,,,,48.95,N,Not at Intersection,N,Non-Junction,None,,,         ,Carey,Steel,Clear,"Sideswipe, Same Direction",no,no,no,no,yes,False
103437583,METROPOLITAN NASHVILLE POLICE DEPT,20220499262,Davidson,Nashville,10/4/2022 7:25:00 AM,2,0,0,36.151510,-86.768430,I 40,,,,0.00,,,,,,,210.50,N,Not at Intersection,N,Non-Junction,None,,,         ,Patrick,Lancaster,Clear,Front to Rear,no,no,no,no,no,False
103437584,METROPOLITAN NASHVILLE POLICE DEPT,20220499392,Davidson,Nashville,10/4/2022 8:27:00 AM,2,0,0,36.147550,-86.758650,LEWIS ST,,,,0.00,,,LAFAYETTE ST,,,,0.00,Y,Four-Way,N,Intersection,None,,,         ,Patrick,Lancaster,Clear,Angle,no,no,no,no,no,False
103437591,METROPOLITAN NASHVILLE POLICE DEPT,2022-0499511,Davidson,Nashville,10/4/2022 9:35:00 AM,2,0,0,36.136050,-86.792410,WEDGEWOOD AV,,,,139.00,Feet,West,15TH AVS,,,,0.00,N,Not at Intersection,N,Non-Junction,None,,,         ,Po,Cheng,Clear,Angle,no,no,no,no,no,False
103437596,BERRY HILL POLICE DEPT,22-2899,Davidson,Berry Hill,10/4/2022 7:30:00 AM,2,0,0,36.120430,-86.774870,FRANKLIN PKE,,,,74.00,Feet,East,GALE LN,,,,0.00,N,Not at Intersection, ,Non-Junction,None,,,         ,Ronnie,Hill,Clear,Angle,no,no,no,yes,no,False
103437627,METROPOLITAN NASHVILLE POLICE DEPT,20220499690,Davidson,Nashville,10/4/2022 12:00:00 PM,2,1,0,36.235890,-86.781170,RICHMOND HILL DR,,,,0.00,Feet,West,BRICK CHURCH PKE,,,,0.00,N,Not at Intersection,N,Non-Junction,None,,,         ,Kyle,Eicholtz,Clear,Angle,no,no,no,no,no,False
103437628,METROPOLITAN NASHVILLE POLICE DEPT,20220499510,Davidson,Not in City Limit,10/4/2022 10:11:00 AM,2,1,0,36.048560,-86.939930,HIGHWAY 100,,,,64.00,Feet,East,TRACE CREEK DR,,,,0.00,N,Not at Intersection,N,Non-Junction,None,,,         ,Darren,Key,Clear,Angle,no,no,no,no,no,False
103437692,METROPOLITAN NASHVILLE POLICE DEPT,20220499738,Davidson,Nashville,10/4/2022 7:50:00 AM,2,0,0,36.195420,-86.774240,FERN AV,,,,248.00,Feet,East,WHITES CREEK PKE,,,,0.00,N,Not at Intersection,N,Non-Junction,None,,,         ,Jason,Milyaro Lucas,Clear,Front to Rear,no,no,no,no,yes,False
103437729,GOODLETTSVILLE POLICE DEPT,22-30401,Davidson,Goodlettsville,10/4/2022 10:53:00 AM,2,0,0,36.318820,-86.699490,NORTHCREEK BLVD,,,,0.00,,,LENOX PL,,,,0.00,Y,T-Intersection, ,Intersection,None,,,         ,Daniel,Knalls,Clear,Angle,no,no,no,no,no,False
103437732,METROPOLITAN NASHVILLE POLICE DEPT,20220499737,Davidson,Nashville,10/4/2022 10:08:00 AM,2,0,0,36.155650,-86.789720,BROADWAY,,,,0.00,Feet,,I40 E EXT RAMP,,,,0.00,Y,Four-Way, ,Intersection,None,,,         ,Megan,Lamon,Clear,Front to Rear,no,no,no,no,no,False
103437810,METROPOLITAN NASHVILLE POLICE DEPT,20220499880,Davidson,Nashville,10/4/2022 12:32:00 PM,4,0,0,36.142990,-86.768060,HOUSTON ST,,,,135.00,Feet,West,BROWN ST,,,,0.00,N,Not at Intersection,N,Non-Junction,None,,,         ,Earl,Davis,Clear,Unknown,no,no,no,no,yes,False
103437812,THP District 9 - Administrative,322082217,Davidson,Nashville,10/4/2022 12:40:00 PM,2,0,0,36.181230,-86.642350,LEBANON PKE,,,,310.00,Feet,West,POLO PARK APT PVTDR,,,,0.00,N,Not at Intersection, ,,None,,,         ,Andrew,Simunic,,,no,no,no,no,no,False
103437815,METROPOLITAN NASHVILLE POLICE DEPT,20220499500,Davidson,Nashville,10/4/2022 10:00:00 AM,4,3,0,36.104020,-86.715430,I 24,,,,0.00,,,,,,,54.20,N,Not at Intersection,N,Non-Junction,None,,,         ,Eric,Burford,Clear,Angle,no,no,no,no,no,False
103437864,METROPOLITAN NASHVILLE POLICE DEPT,20220499863,Davidson,Nashville,10/4/2022 1:20:00 PM,2,2,0,36.154900,-86.834580,40TH AVN,,,,52.00,Feet,South,DELAWARE AV,,,,0.00,N,Not at Intersection,N,Non-Junction,None,,,         ,Tony,Folad,Clear,Angle,no,no,no,no,no,False
103437877,METROPOLITAN NASHVILLE POLICE DEPT,20220499475,Davidson,Nashville,10/4/2022 8:38:00 AM,2,0,0,36.235980,-86.816780,WHITES CREEK PKE,,,,83.00,Feet,South,GREEN LN,,,,0.00,N,Not at Intersection,N,Non-Junction,None,,,         ,Judah,Parker,Clear,"Sideswipe, Same Direction",no,no,no,no,yes,False
103437900,THP District 3 - Nashville,322081870,Davidson,Nashville,10/3/2022 10:45:00 AM,2,0,0,36.156640,-86.631940,STEWARTS FERRY PKE,,,,126.00,Feet,East,I40 W ENT RAMP,,,,0.00,N,Not at Intersection, ,Non-Junction,None,,,         ,Lennart,Schaaf,Clear,Front to Rear,no,no,no,no,no,False
103437902,METROPOLITAN NASHVILLE POLICE DEPT,20220499860,Davidson,Nashville,10/4/2022 1:42:00 PM,2,1,0,36.078550,-86.721740,WALLACE RD,,,,351.00,Feet,West,BROOKRIDGE TRL,,,,0.00,N,Not at Intersection,N,Non-Junction,None,,,         ,Maxwell,Fritz,Clear,HeadOn,no,no,no,yes,no,False
103437908,METROPOLITAN NASHVILLE POLICE DEPT,20220499942,Davidson,Nashville,10/4/2022 2:30:00 PM,2,0,0,36.082460,-86.957890,GEORGE E HORN RD,,,,94.00,Feet,East,HARPETH VALLEY RD,,,,0.00,N,Not at Intersection, ,,None,,,         ,Wesley,Tilley,,,no,no,no,no,no,False
103437934,METROPOLITAN NASHVILLE POLICE DEPT,20220499656,Davidson,Nashville,10/4/2022 11:35:00 AM,2,1,0,36.089630,-86.700070,METROPLEX DR,,,,353.00,Feet,South,PARAGON MILLS RD,,,,0.00,N,Not at Intersection,N,Non-Junction,None,,,         ,Todd,Watson,Clear,Not Collision with Motor Vehicle in Transport,no,no,no,no,no,False
103437937,METROPOLITAN NASHVILLE POLICE DEPT,20220499938,Davidson,Nashville,10/4/2022 2:35:00 PM,2,0,0,36.062880,-86.626390,MURFREESBORO PKE,,,,931.00,Feet,South,HAMILTON CHURCH RD,,,,0.00,N,Not at Intersection,N,Non-Junction,None,,,         ,Charles,Agius,Clear,"Sideswipe, Same Direction",no,no,no,no,no,False
103437940,METROPOLITAN NASHVILLE POLICE DEPT,20220499981,Davidson,Nashville,10/4/2022 2:38:00 PM,1,0,0,36.137850,-86.868090,KNOB RD,,,,383.00,Feet,East,FORESTWOOD DR,,,,0.00,N,Not at Intersection,N,Non-Junction,None,,,         ,Jared,Dick,Clear,Not Collision with Motor Vehicle in Transport,no,no,no,no,no,False
103437954,METROPOLITAN NASHVILLE POLICE DEPT,20220499816,Davidson,Nashville,10/4/2022 1:03:00 PM,2,1,0,36.161360,-86.799940,17TH AVN,,,,2.00,Feet,North,JO JOHNSTON AV,,,,0.00,N,Not at Intersection,N,Non-Junction,None,,,         ,Judah,Parker,Clear,Angle,no,no,no,no,yes,False
103438002,METROPOLITAN NASHVILLE POLICE DEPT,20220500063,Davidson,Not in City Limit,10/4/2022 3:53:00 PM,2,0,0,36.280340,-86.708370,GALLATIN PKEN,,,,120.00,Feet,South,ODETTE ST,,,,0.00,N,Not at Intersection,N,Non-Junction,None,,,         ,Brandon,Lopez,Clear,Rear to Side,no,no,no,no,yes,False
103438008,METROPOLITAN NASHVILLE POLICE DEPT,20220499935,Davidson,Nashville,10/4/2022 2:30:00 PM,1,2,0,36.053980,-86.725280,AMALIE DR,,,,202.00,Feet,South,MCMURRAY DR,,,,0.00,N,Not at Intersection,N,Non-Junction,None,,,         ,Cherell,Kinchloe,Clear,Not Collision with Motor Vehicle in Transport,no,no,no,no,no,False
103438032,METROPOLITAN NASHVILLE POLICE DEPT,20220500131,Davidson,Nashville,10/4/2022 4:28:00 PM,2,0,0,36.154130,-86.836250,I 40,,,,0.00,,,,,,,205.10,N,Not at Intersection,N,Non-Junction,None,,,         ,Jared,Dick,Clear,Front to Rear,no,no,no,no,no,False
103438058,METROPOLITAN NASHVILLE POLICE DEPT,20220500149,Davidson,Nashville,10/4/2022 5:01:00 PM,2,0,0,36.212040,-86.733600,HART LN,,,,0.00,,,BAXTER ST,,,,0.00,Y,T-Intersection,N,Non-Junction,None,,,         ,Adam,Warren,Clear,Angle,no,no,no,no,no,False
103438073,VANDERBILT UNIVERSITY POLICE,20220500045,Davidson,Nashville,10/4/2022 3:53:00 PM,2,0,0,36.141550,-86.795520,18TH AVS,,,,0.00,,,,,,,0.00,,, ,Non-Junction,None,,,         ,Wintrust,Paul,,"Sideswipe, Same Direction",no,no,no,yes,no,Campus
103438082,GOODLETTSVILLE POLICE DEPT,22-30454,Davidson,Goodlettsville,10/4/2022 5:07:00 PM,2,0,0,36.312070,-86.677820,VIETNAM VETERANS BLVDN,,,,1.00,Miles,East,CONFERENCE DR,,,,0.00,N,Not at Intersection,N,Non-Junction,None,,,         ,Daniel,Knalls,Clear,Front to Rear,no,no,no,no,no,False
103438092,METROPOLITAN NASHVILLE POLICE DEPT,20220500046,Davidson,Nashville,10/4/2022 3:25:00 PM,2,0,0,36.076530,-86.640680,MURFREESBORO PKE,,,,317.00,Feet,East,LAKEVILLA DR,,,,0.00,N,Not at Intersection,N,Non-Junction,None,,,         ,Steven,Bowler,Clear,Angle,no,no,no,no,no,False
103438093,VANDERBILT UNIVERSITY POLICE,20220498164,Davidson,Nashville,10/3/2022 6:24:00 PM,2,0,0,36.143050,-86.810120,JESS NEELY DR,,,,0.00,,,NATCHEZ TRC,,,,0.00,Y,Four-Way,Y,Intersection-Related,None,,,         ,Wintrust,Paul,,Angle,no,no,no,no,yes,Campus
103438103,METROPOLITAN NASHVILLE POLICE DEPT,20220500185,Davidson,Nashville,10/4/2022 5:35:00 PM,2,1,0,36.156460,-86.796400,17TH AVN,,,,65.00,Feet,North,CHURCH STREET ALY,,,,0.00,N,Not at Intersection,N,Non-Junction,None,,,         ,Dakota,Davis,Clear,Angle,no,no,no,no,no,False
103438120,METROPOLITAN NASHVILLE POLICE DEPT,20220500218,Davidson,Nashville,10/4/2022 6:00:00 PM,2,0,0,36.240270,-86.747950,BRILEY PKWYE,,,,189.00,Feet,West,BRILEY PKWY W EXT RAMP,,,,0.00,N,Not at Intersection, ,Non-Junction,None,,,         ,Adam,Warren,Clear,"Sideswipe, Same Direction",no,no,no,no,no,False
103438123,METROPOLITAN NASHVILLE POLICE DEPT,20220500181,Davidson,Goodlettsville,10/4/2022 4:37:00 PM,2,0,0,36.297690,-86.700770,GLEAVES ST,,,,25.00,Feet,West,MCHENRY CENTER PVTDR,,,,0.00,N,Not at Intersection,N,Non-Junction,None,,,         ,Brandon,Lopez,Clear,"Sideswipe, Same Direction",no,no,no,no,yes,False
103438129,METROPOLITAN NASHVILLE POLICE DEPT,20220500200,Davidson,Nashville,10/4/2022 5:47:00 PM,2,0,0,36.168540,-86.788320,ROSA L PARKS BLVD,,,,0.00,,,HARRISON ST,,,,0.00,Y,Four-Way,N,Intersection,None,,,         ,Jonas,Elias,Clear,Angle,no,no,no,no,no,False
103438140,METROPOLITAN NASHVILLE POLICE DEPT,20220500229,Davidson,Nashville,10/4/2022 6:11:00 PM,3,1,0,36.157010,-86.780920,8TH AVS,,,,53.00,Feet,North,DEMONBREUN ST,,,,0.00,N,Not at Intersection,N,Non-Junction,None,,,         ,Matthew,Hogan,Clear,Angle,no,no,no,no,no,False
103438146,METROPOLITAN NASHVILLE POLICE DEPT,20220500184,Davidson,Nashville,10/4/2022 5:30:00 PM,2,2,0,36.149940,-86.773370,MULBERRY ST,,,,19.00,Feet,East,6TH AVS,,,,0.00,N,Not at Intersection,N,Non-Junction,None,,,         ,Trevor,Taylor,Clear,Front to Rear,no,no,no,no,no,False
103438158,METROPOLITAN NASHVILLE POLICE DEPT,20220500122,Davidson,Nashville,10/4/2022 4:40:00 PM,2,0,0,36.110210,-86.722270,I24 E ENT RAMP,,,,0.00,Feet,East,I 24,,,,0.00,N,Not at Intersection, ,,None,,,         ,Sean,McConnell,,,no,no,no,no,no,False
103438162,METROPOLITAN NASHVILLE POLICE DEPT,20220500354,Davidson,Nashville,10/4/2022 4:45:00 PM,2,0,0,36.138040,-86.727780,I 24,,,,0.00,,,,,,,51.25,N,Not at Intersection, ,Non-Junction,None,,,         ,Michael,Dance,Clear,Front to Rear,no,no,no,no,yes,False
103438165,METROPOLITAN NASHVILLE POLICE DEPT,20220500341,Davidson,Not in City Limit,10/4/2022 5:09:00 PM,1,0,0,36.279010,-86.796430,HICKORY HILLS BLVD,,,,500.00,Feet,North,HICKORY HILLS CT,,,,0.00,N,Not at Intersection,N,Non-Junction,None,,,         ,Kyle,Eicholtz,Clear,Not Collision with Motor Vehicle in Transport,no,no,no,no,no,False
103438175,METROPOLITAN NASHVILLE POLICE DEPT,20220500111,Davidson,Nashville,10/4/2022 1:20:00 PM,1,0,0,36.145670,-86.696260,I40 E ENT RAMP,,,,0.00,Feet,East,BRILEY PKWY S EXT RAMP,,,,0.00,N,Not at Intersection,Y,Entrance/Exit Ramp Related,None,,,         ,Phillip,Burke,Clear,Not Collision with Motor Vehicle in Transport,no,no,no,no,no,False
103438207,METROPOLITAN NASHVILLE POLICE DEPT,20220500315,Davidson,Nashville,10/4/2022 12:00:00 AM,3,2,0,36.231160,-86.724930,GALLATIN PKE,,,,0.00,,,SOLLEY DR,,,,0.00,Y,Four-Way,N,Non-Junction,None,,,         ,McKenzie,Harper,Clear,Front to Rear,no,no,no,no,no,False
103438221,METROPOLITAN NASHVILLE POLICE DEPT,20220500113,Davidson,Nashville,10/4/2022 4:37:00 PM,1,1,0,36.152680,-86.756100,GREEN ST,,,,76.00,Feet,West,I40 E ENT RAMP,,,,0.00,N,Not at Intersection,N,Non-Junction,None,,,         ,Rami,Rouhi,Clear,Not Collision with Motor Vehicle in Transport,yes,no,no,no,no,False
103438237,METROPOLITAN NASHVILLE POLICE DEPT,20220500085,Davidson,Nashville,10/4/2022 3:47:00 PM,2,0,0,36.172020,-86.799680,I40 E ENT RAMP,,,,0.00,,,I 40,,,,0.00,Y,OTHER, ,Entrance/Exit Ramp Related,None,,,         ,Madison,Rolon,Clear,"Sideswipe, Same Direction",no,no,no,no,no,False
103438239,METROPOLITAN NASHVILLE POLICE DEPT,20220500290,Davidson,Nashville,10/4/2022 12:00:00 AM,2,1,0,36.124410,-86.630290,BELL RD,,,,0.00,,,PLEASANT HILL RD,,,,0.00,Y,OTHER,N,Intersection,None,,,         ,Keenan,McCann,Clear,Angle,no,no,no,no,yes,False
103438240,METROPOLITAN NASHVILLE POLICE DEPT,20220500254,Davidson,Nashville,10/4/2022 6:25:00 PM,2,0,0,36.093860,-86.734990,NATCHEZ CT,,,,50.00,Feet,West,N NATCHEZ CT,,,,0.00,N,Not at Intersection,N,Non-Junction,None,,,         ,Sean,McConnell,Clear,Front to Rear,no,no,no,no,no,False
103438243,METROPOLITAN NASHVILLE POLICE DEPT,20220500397,Davidson,Nashville,10/4/2022 8:13:00 PM,2,1,0,36.168700,-86.685590,LEBANON PKE,,,,69.00,Feet,West,THE CROSSINGS PVTDR,,,,0.00,N,Not at Intersection,N,Non-Junction,None,,,         ,Rami,Rouhi,Clear,Front to Rear,no,no,no,no,no,False
103438269,VANDERBILT UNIVERSITY POLICE,2022-0500148,Davidson,Nashville,10/4/2022 4:15:00 PM,2,0,0,36.142080,-86.800410,21ST AVS,,,,0.00,,,,,,,0.00,,,N,Non-Junction,None,,,         ,Ryan,Ebenal,,Angle,no,no,no,yes,yes,Campus
103438282,METROPOLITAN NASHVILLE POLICE DEPT,20220500179,Davidson,Nashville,10/4/2022 5:05:00 PM,2,0,0,36.190280,-86.776240,I 24,,,,0.00,,,,,,,46.10,N,Not at Intersection,N,Non-Junction,None,,,         ,Craig,Paschetti,Clear,Front to Rear,no,no,no,no,no,False
103438283,METROPOLITAN NASHVILLE POLICE DEPT,20220500069,Davidson,Nashville,10/4/2022 4:03:00 PM,2,2,0,36.191830,-86.779410,I 65,,,,0.00,,,,,,,86.35,N,Not at Intersection,N,Non-Junction,None,,,         ,Craig,Paschetti,Clear,Front to Rear,no,no,no,no,no,False
103438293,METROPOLITAN NASHVILLE POLICE DEPT,20220500369,Davidson,Nashville,10/4/2022 7:55:00 PM,2,0,0,36.160800,-86.781800,COMMERCE ST,,,,0.00,,,7TH AVN,,,,0.00,Y,Four-Way, ,Non-Junction,None,,,         ,Jonas,Elias,Clear,"Sideswipe, Same Direction",no,no,no,no,no,False
103438320,METROPOLITAN NASHVILLE POLICE DEPT,20220500264,Davidson,Nashville,10/4/2022 5:00:00 PM,3,0,0,36.141690,-86.713510,I 40,,,,0.00,,,,,,,214.00,N,Not at Intersection,N,Non-Junction,None,,,         ,Phillip,Burke,Clear,Front to Rear,no,no,no,no,yes,False
103438322,METROPOLITAN NASHVILLE POLICE DEPT,20220500367,Davidson,Nashville,10/4/2022 7:54:00 PM,2,0,0,36.056240,-86.673500,ANTIOCH COMMUNITY CTR PVTDR,,,,128.00,Feet,East,MILL CREEK BLUE HOLE GRNWY,,,,0.00,N,Not at Intersection, ,,None,,,         ,Holly,Davis,,,no,no,no,yes,no,False
103438333,METROPOLITAN NASHVILLE POLICE DEPT,20220500249,Davidson,Nashville,10/4/2022 6:23:00 PM,2,1,0,36.142310,-86.709880,I 40,,,,0.00,,,,,,,214.20,N,Not at Intersection,N,Non-Junction,None,,,         ,Robert,Marquez,Clear,Front to Rear,no,no,no,no,no,False
103438348,METROPOLITAN NASHVILLE POLICE DEPT,20220500517,Davidson,Antioch,10/4/2022 6:46:00 PM,2,0,0,36.016490,-86.619970,OLD HICKORY BLVD,,,,134.00,Feet,South,FIRESTONE PKWY,,,,0.00,N,Not at Intersection,N,Non-Junction,None,,,         ,Jerrod,Kalinsky,Clear,Angle,no,no,no,no,yes,False
103438349,METROPOLITAN NASHVILLE POLICE DEPT,20220500495,Davidson,Nashville,10/4/2022 12:00:00 AM,2,0,0,36.055460,-86.723070,BREWER DR,,,,0.00,,,MCMURRAY DR,,,,0.00,Y,Four-Way,Y,Intersection,None,,,         ,Clayton,Cox,Clear,Angle,no,no,no,no,no,False
103438360,METROPOLITAN NASHVILLE POLICE DEPT,20220500584,Davidson,Nashville,10/4/2022 9:25:00 PM,2,1,0,36.135210,-86.708450,NORCROSS DR,,,,371.00,Feet,East,HAROLD DR,,,,0.00,N,Not at Intersection,N,Non-Junction,None,,,         ,Mario,Diaz,Clear,Front to Rear,no,no,no,no,yes,False
103438363,METROPOLITAN NASHVILLE POLICE DEPT,20220500501,Davidson,Nashville,10/4/2022 9:25:00 PM,2,1,0,36.137570,-86.800760,WEDGEWOOD AV,,,,0.00,,,21ST AVS,,,,0.00,Y,Four-Way,Y,Intersection,None,,,         ,Alexander,Perry,Clear,Angle,no,no,no,no,no,Campus
103438374,METROPOLITAN NASHVILLE POLICE DEPT,20220500700,Davidson,Nashville,10/4/2022 10:55:00 PM,1,0,0,36.088990,-86.615010,CASTLEGATE DR,,,,79.00,Feet,South,SMITH SPRINGS RD,,,,0.00,N,Not at Intersection,N,Non-Junction,None,,,         ,Thomas,Vasquez,Clear,Not Collision with Motor Vehicle in Transport,no,no,no,yes,yes,False
103438381,METROPOLITAN NASHVILLE POLICE DEPT,20220500013,Davidson,Nashville,10/4/2022 3:36:00 PM,4,3,0,36.123420,-86.809640,I440 E EXT RAMP,,,,0.00,Feet,East,I 440,,,,0.00,N,Not at Intersection,Y,Entrance/Exit Ramp Related,None,,,         ,Steven,Begley,Clear,Front to Rear,no,no,no,no,no,False
103438384,METROPOLITAN NASHVILLE POLICE DEPT,20220500770,Davidson,Nashville,10/4/2022 11:15:00 PM,2,0,0,36.203510,-86.738550,GALLATIN PKE,,,,15.00,Feet,South,E TRINITY LN,,,,0.00,N,Not at Intersection,N,Non-Junction,None,,,         ,Dillon,Hunt,Cloudy,Front to Rear,no,no,no,no,yes,False
103438388,METROPOLITAN NASHVILLE POLICE DEPT,20220500174,Davidson,Nashville,10/4/2022 4:25:00 PM,2,0,0,36.248240,-86.723590,DUE WEST AVW,,,,0.00,,,GIBSON DR,,,,0.00,Y,Four-Way,N,Intersection,None,,,         ,Dylan,Bradley,Clear,Angle,no,no,no,no,no,False
103438390,METROPOLITAN NASHVILLE POLICE DEPT,20220500789,Davidson,Nashville,10/4/2022 11:36:00 PM,1,0,0,36.231230,-86.747630,ELLINGTON PKWYS,,,,207.00,Feet,North,ELLINGTON PKWYN,,,,0.00,N,Not at Intersection,N,Non-Junction,None,,,         ,Adam,Warren,Clear,Not Collision with Motor Vehicle in Transport,no,no,no,no,no,False
103438395,METROPOLITAN NASHVILLE POLICE DEPT,20220500705,Davidson,Nashville,10/4/2022 10:55:00 PM,2,0,0,36.166230,-86.765790,I24 E EXT RAMP,,,,0.00,,,I 24,,,,0.00,Y,Four-Way,Y,Intersection,None,,,         ,Jarrett,Ipox,Clear,Front to Rear,no,no,no,no,yes,False
103438402,METROPOLITAN NASHVILLE POLICE DEPT,20220500932,Davidson,Nashville,10/5/2022 1:17:00 AM,2,1,0,36.154910,-86.776670,PEABODY ST,,,,0.00,Feet,,6TH AVS,,,,0.00,Y,Four-Way,Y,Intersection-Related,None,,,         ,Blake,Lutz,Clear,Angle,no,no,no,no,no,False
103438431,METROPOLITAN NASHVILLE POLICE DEPT,20220500999,Davidson,Nashville,10/5/2022 2:30:00 AM,2,1,0,36.164510,-86.781060,UNION ST,,,,0.00,,,5TH AVN,,,,0.00,Y,Four-Way,N,Intersection,None,,,         ,Damon,Hutcheson,Clear,Angle,no,no,no,no,no,False
103438432,METROPOLITAN NASHVILLE POLICE DEPT,20220500927,Davidson,Nashville,10/4/2022 11:45:00 PM,2,0,0,36.154070,-86.837840,I 40,,,,0.00,,,,,,,205.00,N,Not at Intersection, ,Non-Junction,Construction Zone,,,         ,Nicholaus,George,Clear,"Sideswipe, Same Direction",no,no,no,no,no,False
103438437,METROPOLITAN NASHVILLE POLICE DEPT,20220501062,Davidson,Nashville,10/5/2022 4:01:00 AM,4,0,0,36.151630,-86.792930,MUSIC SQW,,,,136.00,Feet,South,DIVISION ST,,,,0.00,N,Not at Intersection,N,Non-Junction,None,,,         ,Dallas,Johnson,Clear,"Sideswipe, Same Direction",no,no,no,no,no,False
103438447,METROPOLITAN NASHVILLE POLICE DEPT,20220501061,Davidson,Nashville,10/5/2022 3:00:00 AM,2,1,0,36.126700,-86.711090,MURFREESBORO PKE,,,,0.00,Feet,,THOMPSON PL,,,,0.00,Y,Four-Way,N,Intersection,None,,,         ,Autumn,Manning,Clear,Angle,no,no,no,no,yes,False