master_record_number,agency,agency_tracking_number,county,city,collision_date,vehicles_involved,number_injured,number_dead,latitude,longitude,roadway_name,roadway_suffix,roadway_number,roadway_local_id,distance_from_reference,miles-feet_indicator,direction_from_reference,intersection_road_name,intersection_road_name_suffix,intersection_road_number,intersection_local_id,mile_marker,intersection_indicator,intersect_type,interchange_related_indicator,relation_to_junction,work_zone_type,construction_maintenance_zone,construction_maintenance_zone_location,fatal_case_number,officer_first_name,officer_last_name,weather_condition(s),manner_of_crash,pedestrian,bicycle,scooter,parking,hitrun,mou
103438450,METROPOLITAN NASHVILLE POLICE DEPT,20220501125,Davidson,Nashville,10/5/2022 12:00:00 AM,2,0,0,36.106370,-86.742880,MORTON AV,,,,0.00,,,NOLENSVILLE PKE,,,,0.00,Y,Four-Way,Y,Intersection,None,,,         ,Clayton,Cox,Clear,Front to Rear,no,no,no,no,no,False
103438457,METROPOLITAN NASHVILLE POLICE DEPT,20220501120,Davidson,Madison,10/4/2022 11:26:00 PM,2,0,0,36.264730,-86.757080,DICKERSON PKE,,,,595.00,Feet,North,WESTCHESTER DR,,,,0.00,N,Not at Intersection,N,Non-Junction,None,,,         ,Paul,Hughes II,Clear,Other,no,no,no,yes,yes,False
103438462,METROPOLITAN NASHVILLE POLICE DEPT,20220495096,Davidson,Nashville,10/1/2022 11:42:00 PM,2,1,0,36.211590,-86.732570,GALLATIN PIKE,,,,0.00,,,HART LN,,,,0.00,Y,Four-Way,N,Intersection,None,,,         ,Paul,Stein,Clear,Angle,no,no,no,no,no,False
103438472,METROPOLITAN NASHVILLE POLICE DEPT,20220501151,Davidson,Nashville,10/5/2022 5:56:00 AM,2,4,0,36.173270,-86.791400,ROSA L PARKS BLVD,,,,0.00,,,JEFFERSON ST,,,,0.00,Y,Four-Way,N,Intersection,None,,,         ,Juan,Garcia-Canizales,Clear,Angle,no,no,no,no,no,False
103438474,METROPOLITAN NASHVILLE POLICE DEPT,20220500740,Davidson,Nashville,10/4/2022 2:00:00 PM,2,0,0,36.152200,-86.842220,CHARLOTTE AV,,,,0.00,Feet,East,46TH AVN,,,,0.00,N,Not at Intersection, ,Non-Junction,None,,,         ,Pamela,Caulder,Clear,Front to Rear,no,no,no,no,yes,False
103438499,GOODLETTSVILLE POLICE DEPT,22-30518,Davidson,Goodlettsville,10/5/2022 6:19:00 AM,3,1,0,36.304490,-86.707200,VIETNAM VETERANS BLVD SB ENT R,,,,0.00,,East,I 65,,,,0.00,N,Not at Intersection,N,Entrance/Exit Ramp Related,None,,,         ,Austin,Herendeen,Clear,Front to Rear,no,no,no,no,no,False
103438501,METROPOLITAN NASHVILLE POLICE DEPT,20220501221,Davidson,Not in City Limit,10/5/2022 6:49:00 AM,2,1,0,36.270780,-86.706610,ROOSEVELT AV,,,,0.00,,,BROOKS AV,,,,0.00,Y,Four-Way,N,Intersection-Related,None,,,         ,Wesley,Mcclelland,Clear,Angle,no,no,no,no,no,False
103438512,METROPOLITAN NASHVILLE POLICE DEPT,20220501376,Davidson,Nashville,10/5/2022 8:08:00 AM,1,1,0,36.139440,-86.819930,MURPHY RD,,,,0.00,,,PARK DR,,,,0.00,Y,T-Intersection,N,Intersection-Related,None,,,         ,Megan,Lamon,Clear,Not Collision with Motor Vehicle in Transport,yes,no,no,no,no,False
103438531,METROPOLITAN NASHVILLE POLICE DEPT,20220501209,Davidson,Not in City Limit,10/5/2022 6:45:00 AM,2,1,0,36.318370,-86.842050,I 24,,,,0.00,,,,,,,36.60,N,Not at Intersection,N,Non-Junction,None,,,         ,Jeanine,Sarno,Clear,Front to Rear,no,no,no,no,no,False
103438532,METROPOLITAN NASHVILLE POLICE DEPT,20220501250,Davidson,Nashville,10/5/2022 7:00:00 AM,2,0,0,36.045490,-86.647290,MT VIEW RD,,,,4.00,Feet,North,CROSSINGS BLVD,,,,0.00,N,Not at Intersection, ,Non-Junction,None,,,         ,Malik,Smith,Clear,"Sideswipe, Same Direction",no,no,no,no,no,False
103438540,METROPOLITAN NASHVILLE POLICE DEPT,20220501304,Davidson,Nashville,10/5/2022 7:31:00 AM,2,0,0,36.115800,-86.695920,MURFREESBORO PKE,,,,480.00,Feet,East,MCGAVOCK PKE,,,,0.00,N,Not at Intersection, ,Non-Junction,None,,,         ,Allison,Zornes,Clear,Front to Rear,no,no,no,no,no,False
103438565,METROPOLITAN NASHVILLE POLICE DEPT,20220501488,Davidson,Nashville,10/5/2022 8:55:00 AM,2,0,0,36.187070,-86.757080,ELLINGTON PKWYS,,,,171.00,Feet,East,APEX ST,,,,0.00,N,Not at Intersection,N,Non-Junction,None,,,         ,Jeffery,Leiser,Clear,Front to Rear,no,no,no,no,no,False
103438568,METROPOLITAN NASHVILLE POLICE DEPT,20220501476,Davidson,Nashville,10/5/2022 8:50:00 AM,3,1,0,36.248890,-86.719760,GALLATIN PKES,,,,209.00,Feet,South,E PALESTINE AV,,,,0.00,N,Not at Intersection,N,Non-Junction,None,,,         ,Brian,Otto,Clear,Angle,no,no,no,no,no,False
103438572,METROPOLITAN NASHVILLE POLICE DEPT,20220501355,Davidson,Nashville,10/5/2022 12:00:00 AM,5,0,0,36.147660,-86.768470,4TH AVS,,,,0.00,,,CAMERON ST,,,,0.00,Y,Four-Way,N,"Driveway, Alley Access, etc",None,,,         ,Todd,Watson,Clear,Angle,no,no,no,no,yes,False
103438575,METROPOLITAN NASHVILLE POLICE DEPT,20220501428,Davidson,Nashville,10/5/2022 8:34:00 AM,3,1,0,36.238040,-86.830800,STEVENS LN,,,,2.00,Feet,West,CLARKSVILLE PKE,,,,0.00,N,Not at Intersection,N,Non-Junction,None,,,         ,Ryan,Worstall,Clear,Front to Rear,no,no,no,no,no,False
103438578,Nashville Airport Police,2022-04224,Davidson,Nashville,10/5/2022 9:30:00 AM,2,0,0,36.108970,-86.665560,FAIRCLOTH LN,,,,0.00,,,COUCHVILLE PKE,,,,0.00,Y,OTHER, ,Non-Junction,None,,,         ,George,Youssef,Clear,Angle,no,no,no,no,yes,False
103438580,METROPOLITAN NASHVILLE POLICE DEPT,20220501624,Davidson,Nashville,10/5/2022 10:05:00 AM,2,0,0,36.244860,-86.750740,SKYLINE MEMORIAL CT,,,,689.00,Feet,North,I65 S EXT RAMP,,,,0.00,N,Not at Intersection,N,Non-Junction,None,,,         ,Keith,Covert,Clear,Angle,no,no,no,yes,yes,False
103438581,METROPOLITAN NASHVILLE POLICE DEPT,20220501632,Davidson,Nashville,10/5/2022 7:30:00 AM,2,0,0,36.045370,-86.713260,OLD HICKORY BLVD,,,,0.00,,,NOLENSVILLE PKE,,,,0.00,Y,Four-Way,N,Intersection,None,,,         ,Richard,Gilbert,Clear,Angle,no,no,no,no,yes,False
103438582,METROPOLITAN NASHVILLE POLICE DEPT,20220501508,Davidson,Goodlettsville,10/5/2022 9:00:00 AM,2,0,0,36.301650,-86.693440,THE GALLERY AT RIVERGATE PVTDR,,,,0.00,,,GALLATIN PKEN,,,,0.00,Y,T-Intersection, ,Intersection,None,,,         ,Michael,Reid,Clear,Angle,no,no,no,no,no,False
103438583,METROPOLITAN NASHVILLE POLICE DEPT,20220501623,Davidson,Nashville,10/5/2022 9:58:00 AM,3,0,0,36.229320,-86.595340,SAUNDERSVILLE RD,,,,214.00,Feet,West,GENERAL KERSHAW DR,,,,0.00,N,Not at Intersection,N,Non-Junction,None,,,         ,Cheri,Cox,Clear,Front to Rear,no,no,no,no,no,False
103438630,METROPOLITAN NASHVILLE POLICE DEPT,20220501728,Davidson,Nashville,10/5/2022 10:40:00 AM,2,0,0,36.132510,-86.726750,I 24,,,,0.00,,,,,,,52.10,N,Not at Intersection,N,Non-Junction,None,,,         ,Todd,Watson,Clear,Front to Rear,no,no,no,no,no,False
103438631,METROPOLITAN NASHVILLE POLICE DEPT,20220501703,Davidson,Nashville,10/5/2022 9:20:00 AM,2,1,0,36.167420,-86.835070,DR WALTER S DAVIS BLVD,,,,0.00,,,TIGERBELLE DR,,,,0.00,Y,T-Intersection,N,Intersection,None,,,         ,Jeanine,Sarno,Clear,Front to Rear,no,no,no,no,yes,False
103438645,METROPOLITAN NASHVILLE POLICE DEPT,20220501344,Davidson,Nashville,10/5/2022 7:30:00 AM,2,0,0,36.161940,-86.817440,HERMAN ST,,,,0.00,,,27TH AVN,,,,0.00,Y,T-Intersection,N,Intersection,None,,,         ,Andrew,Yurgil,Clear,Angle,no,no,no,no,no,False
103438668,BERRY HILL POLICE DEPT,22-2906,Davidson,Berry Hill,10/4/2022 12:00:00 AM,2,0,0,36.112160,-86.765270,THOMPSON LN,,,,698.00,Feet,West,E IRIS DR,,,,0.00,N,Not at Intersection, ,,None,,,         ,John,Gleixner,,,no,no,no,no,no,False
103438702,METROPOLITAN NASHVILLE POLICE DEPT,20220501814,Davidson,Nashville,10/5/2022 12:00:00 PM,3,1,0,36.218770,-86.774980,I 65,,,,0.00,,,,,,,88.20,N,Not at Intersection,N,Non-Junction,None,,,         ,Ashley,Kelley,Clear,Front to Rear,no,no,no,no,no,False
103438725,METROPOLITAN NASHVILLE POLICE DEPT,20220501712,Davidson,Nashville,10/5/2022 11:00:00 AM,3,4,0,36.080400,-86.717930,RECOVERY RD,,,,0.00,,,HARDING PL,,,,0.00,Y,Four-Way,Y,Intersection,None,,,         ,Zachary,Wilbanks,Clear,Angle,no,no,no,no,no,False
103438726,BERRY HILL POLICE DEPT,22-2897,Davidson,Berry Hill,10/4/2022 6:36:00 AM,2,3,0,36.118860,-86.774590,FRANKLIN PKE,,,,0.00,,,BERRY RD,,,,0.00,Y,Four-Way,Y,Intersection,None,,,         ,Ronnie,Hill,Clear,Angle,no,no,no,no,no,False
103438740,VANDERBILT UNIVERSITY POLICE,22-0501840,Davidson,Nashville,10/5/2022 12:50:00 PM,2,0,0,36.139530,-86.801310,PIERCE AV,,,,0.00,,,,,,,0.00,,, ,,None,,,         ,Scott,Johnson,,,no,no,no,yes,no,Campus
103438772,METROPOLITAN NASHVILLE POLICE DEPT,20220501742,Davidson,Nashville,10/5/2022 9:50:00 AM,2,1,0,36.207410,-86.839850,CLARKSVILLE PKE,,,,0.00,,,W HAMILTON AV,,,,0.00,Y,Four-Way,N,Intersection-Related,Construction Zone,Other,Activity Area,         ,Jeanine,Sarno,Clear,Front to Rear,no,no,no,no,no,False
103438801,METROPOLITAN NASHVILLE POLICE DEPT,20220501781,Davidson,Nashville,10/5/2022 11:45:00 AM,2,2,0,36.131430,-86.834320,WEST END AV,,,,0.00,,,WILSON BLVDS,,,,0.00,Y,T-Intersection,Y,Intersection,None,,,         ,Cory,Bean,Clear,Angle,no,no,no,no,no,False
103438815,METROPOLITAN NASHVILLE POLICE DEPT,20220502033,Davidson,Nashville,10/5/2022 2:35:00 PM,2,2,0,36.111060,-86.747360,THOMPSON LN,,,,0.00,,,LOUISE DR,,,,0.00,Y,T-Intersection,N,Non-Junction,None,,,         ,Richard,Gilbert,Clear,Front to Rear,no,no,no,no,no,False
103438820,METROPOLITAN NASHVILLE POLICE DEPT,20220502011,Davidson,Nashville,10/5/2022 12:00:00 PM,2,0,0,36.153590,-86.764220,I40 W ENT RAMP,,,,0.00,,,I 40,,,,0.00,Y,Y-Intersection,Y,Non-Junction,None,,,         ,Alex,Mendoza-Aguilera,Clear,"Sideswipe, Same Direction",no,no,no,no,yes,False
103438825,METROPOLITAN NASHVILLE POLICE DEPT,20220502058,Davidson,Nashville,10/5/2022 2:33:00 PM,2,0,0,36.153170,-86.852840,I 40,,,,0.00,,,,,,,204.20,N,Not at Intersection,N,Non-Junction,None,,,         ,Darren,Key,Clear,"Sideswipe, Same Direction",no,no,no,no,yes,False
103438828,METROPOLITAN NASHVILLE POLICE DEPT,20220501800,Davidson,Nashville,10/5/2022 11:56:00 AM,2,2,0,36.143250,-86.778830,8TH AVS,,,,98.00,Feet,South,OLYMPIC ST,,,,0.00,N,Not at Intersection,N,Non-Junction,None,,,         ,Rex,Engelbert,Clear,Angle,no,no,no,no,no,False
103438841,METROPOLITAN NASHVILLE POLICE DEPT,20220494641,Davidson,Nashville,10/1/2022 12:00:00 AM,2,1,0,36.249720,-86.719190,GALLATIN PKES,,,,136.00,Feet,North,E PALESTINE AV,,,,0.00,N,Not at Intersection,N,Non-Junction,None,,,         ,Amanda,Topping,Clear,Front to Rear,no,no,no,no,no,False
103438870,METROPOLITAN NASHVILLE POLICE DEPT,20220502047,Davidson,Goodlettsville,10/5/2022 2:40:00 PM,3,0,0,36.296170,-86.698590,MYATT DR,,,,77.00,Feet,North,RIVERGATE STATION PVTDR,,,,0.00,N,Not at Intersection, ,Non-Junction,None,,,         ,Michael,Reid,Clear,Angle,no,no,no,no,no,False
103438879,METROPOLITAN NASHVILLE POLICE DEPT,20220502192,Davidson,Nashville,10/5/2022 3:27:00 PM,2,0,0,36.144890,-86.689330,MARRIOTT DR,,,,126.00,Feet,East,ERMAC DR,,,,0.00,N,Not at Intersection,N,Non-Junction,None,,,         ,Nelson,Hemingway,Clear,Angle,no,no,no,yes,yes,False
103438880,METROPOLITAN NASHVILLE POLICE DEPT,20220502065,Davidson,Not in City Limit,10/5/2022 2:20:00 PM,1,0,0,36.054930,-86.980640,POPLAR CREEK RD,,,,1516.00,Feet,East,MONTCASTLE DR,,,,0.00,N,Not at Intersection,N,Non-Junction,None,,,         ,Wesley,Tilley,Clear,Not Collision with Motor Vehicle in Transport,no,no,no,no,no,False
103438881,METROPOLITAN NASHVILLE POLICE DEPT,20220501545,Davidson,Nashville,10/5/2022 9:28:00 AM,1,1,0,36.069900,-86.685740,HAYWOOD LN,,,,0.00,,,,,,,0.00,,,N,Non-Junction,None,,,         ,Daniel,Rizzo,Clear,Not Collision with Motor Vehicle in Transport,no,no,no,no,no,False
103438882,METROPOLITAN NASHVILLE POLICE DEPT,20220502139,Davidson,Nashville,10/5/2022 3:33:00 PM,2,0,0,36.153770,-86.665520,DONELSON PKE,,,,2.00,Feet,North,WHITLAND CROSSING DR,,,,0.00,N,Not at Intersection, ,Non-Junction,None,,,         ,Brandon,Chapman,Clear,"Sideswipe, Same Direction",no,no,no,no,no,False
103438883,METROPOLITAN NASHVILLE POLICE DEPT,20220502153,Davidson,Nashville,10/5/2022 3:42:00 PM,1,0,0,36.159840,-86.779910,BROADWAY,,,,0.00,,,6TH AVS,,,,0.00,Y,Four-Way, ,Intersection,None,,,         ,Jonas,Elias,Clear,Not Collision with Motor Vehicle in Transport,no,no,no,no,no,False
103438918,METROPOLITAN NASHVILLE POLICE DEPT,20220502168,Davidson,Nashville,10/5/2022 12:00:00 AM,2,1,0,36.238410,-86.723970,GALLATIN PKES,,,,147.00,Feet,South,WALTON LN,,,,0.00,N,Not at Intersection,N,Non-Junction,None,,,         ,Amanda,Topping,Clear,Front to Rear,no,no,no,no,no,False
103438938,METROPOLITAN NASHVILLE POLICE DEPT,20220502205,Davidson,Nashville,10/5/2022 3:45:00 PM,2,1,0,36.067670,-86.631530,MURFREESBORO PKE,,,,124.00,Feet,North,FOREST VIEW DR,,,,0.00,N,Not at Intersection,N,Non-Junction,None,,,         ,Parker,Vegas,Clear,Front to Rear,no,no,no,no,no,False
103438939,METROPOLITAN NASHVILLE POLICE DEPT,20220502304,Davidson,Nashville,10/5/2022 4:55:00 PM,2,0,0,36.158420,-86.863530,BRILEY PKWYN,,,,0.00,,,BRILEY PKWY N ENT RAMP,,,,0.00,Y,OTHER, ,,None,,,         ,Heather,Fox,,,no,no,no,no,no,False
103438941,METROPOLITAN NASHVILLE POLICE DEPT,20220502149,Davidson,Nashville,10/5/2022 3:39:00 PM,2,0,0,36.171060,-86.770130,JAMES ROBERTSON PKWY,,,,132.00,Feet,East,MAIN ST,,,,0.00,N,Not at Intersection,N,Non-Junction,None,,,         ,James,Hill,Clear,Angle,no,no,no,no,yes,False
103438942,METROPOLITAN NASHVILLE POLICE DEPT,20220502287,Davidson,Nashville,10/5/2022 4:47:00 PM,2,0,0,36.182140,-86.608120,OLD HICKORY BLVD,,,,0.00,,,ANDREW JACKSON WAY,,,,0.00,Y,Four-Way,N,Intersection-Related,None,,,         ,Alexandra,Foote,Clear,Front to Rear,no,no,no,no,no,False
103438948,METROPOLITAN NASHVILLE POLICE DEPT,20220502212,Davidson,Nashville,10/5/2022 4:09:00 PM,1,1,0,36.178900,-86.759340,SMILEY ST,,,,0.00,,,NEILL AV,,,,0.00,Y,Four-Way,N,Intersection,None,,,         ,Richard,Gilbert,Clear,Not Collision with Motor Vehicle in Transport,no,no,no,no,no,False
103438949,METROPOLITAN NASHVILLE POLICE DEPT,20220502364,Davidson,Antioch,10/5/2022 5:32:00 PM,2,1,0,36.034780,-86.586710,HICKORY VISTA DR,,,,17.00,Feet,East,ROUND ROCK DR,,,,0.00,N,Not at Intersection,N,Non-Junction,None,,,         ,Brandon,Simpkins,Clear,Angle,no,no,no,no,no,False
103438998,METROPOLITAN NASHVILLE POLICE DEPT,20220502272,Davidson,Nashville,10/5/2022 5:17:00 PM,2,0,0,36.157880,-86.781440,8TH AVS,,,,0.00,,,MCGAVOCK ST,,,,0.00,Y,Four-Way, ,Non-Junction,None,,,         ,Jonas,Elias,Clear,"Sideswipe, Same Direction",no,no,no,no,no,False
103439002,METROPOLITAN NASHVILLE POLICE DEPT,20220502274,Davidson,Nashville,10/5/2022 3:35:00 PM,2,0,0,36.031830,-86.712690,NOLENSVILLE PKE,,,,295.00,Feet,North,KINHAWK DR,,,,0.00,N,Not at Intersection, ,,None,,,         ,Jakub,Boyke,,,no,no,no,no,no,False
103439005,METROPOLITAN NASHVILLE POLICE DEPT,20220502259,Davidson,Nashville,10/5/2022 3:15:00 PM,1,0,0,36.211290,-86.748730,ELLINGTON PKWYN,,,,1382.00,Feet,South,ELLINGTON PKWY N EXT RAMP,,,,0.00,N,Not at Intersection,N,Non-Junction,None,,,         ,Erin,Savidge,Clear,Not Collision with Motor Vehicle in Transport,no,no,no,no,no,False
103439006,METROPOLITAN NASHVILLE POLICE DEPT,20220502455,Davidson,Nashville,10/5/2022 5:43:00 PM,2,0,0,36.170230,-86.772080,MAIN ST,,,,194.00,Feet,West,JAMES ROBERTSON PKWY,,,,0.00,N,Not at Intersection, ,Non-Junction,None,,,         ,Michael,Foster,Clear,Angle,no,no,no,no,no,False
103439007,METROPOLITAN NASHVILLE POLICE DEPT,20220502457,Davidson,Nashville,10/5/2022 6:21:00 PM,2,1,0,36.077380,-86.740070,HARDING PL,,,,0.00,,,BINKLEY DR,,,,0.00,Y,Four-Way,N,Intersection,None,,,         ,Steven,Powers,Clear,Angle,no,no,no,no,no,False
103439010,METROPOLITAN NASHVILLE POLICE DEPT,20220502436,Davidson,Nashville,10/5/2022 5:45:00 PM,2,0,0,36.164170,-86.762810,I 24,,,,0.00,,,,,,,49.15,N,Not at Intersection,N,Non-Junction,None,,,         ,Reagan,Heath,Clear,"Sideswipe, Same Direction",no,no,no,no,no,False
103439014,METROPOLITAN NASHVILLE POLICE DEPT,20220502452,Davidson,Goodlettsville,10/5/2022 6:29:00 PM,2,0,0,36.287650,-86.725820,I 65,,,,0.00,,,,,,,94.00,N,Not at Intersection,N,Non-Junction,None,,,         ,Brandon,Lopez,Clear,Front to Rear,no,no,no,no,no,False
103439019,METROPOLITAN NASHVILLE POLICE DEPT,20220502503,Davidson,Nashville,10/5/2022 6:33:00 PM,2,0,0,36.248500,-86.742580,I 65,,,,0.00,,,,,,,91.05,N,Not at Intersection,N,Non-Junction,None,,,         ,Kyle,Eicholtz,Clear,"Sideswipe, Same Direction",no,no,no,no,yes,False
103439028,METROPOLITAN NASHVILLE POLICE DEPT,20220502378,Davidson,Nashville,10/5/2022 5:44:00 PM,1,1,0,36.148400,-86.761190,LAFAYETTE ST,,,,0.00,,,CLAIBORNE ST,,,,0.00,Y,Four-Way,N,Intersection,None,,,         ,Rami,Rouhi,Clear,Not Collision with Motor Vehicle in Transport,yes,no,no,no,no,False
103439029,METROPOLITAN NASHVILLE POLICE DEPT,20220502575,Davidson,Nashville,10/5/2022 6:30:00 PM,2,0,0,36.087400,-86.730760,NOLENSVILLE PKE,,,,249.00,Feet,North,ELYSIAN FIELDS CT,,,,0.00,N,Not at Intersection, ,Non-Junction,None,,,         ,Gary,Anderson,Clear,Front to Rear,no,no,no,no,yes,False
103439031,METROPOLITAN NASHVILLE POLICE DEPT,20220502433,Davidson,Nashville,10/5/2022 5:45:00 PM,2,0,0,36.140980,-86.837410,MURPHY RD,,,,0.00,,,42ND AVN,,,,0.00,Y,T-Intersection,Y,Intersection,None,,,         ,Madison,Rolon,Clear,HeadOn,no,no,no,no,no,False
103439071,METROPOLITAN NASHVILLE POLICE DEPT,20220502664,Davidson,Nashville,10/5/2022 7:23:00 PM,2,0,0,36.094480,-86.736800,NOLENSVILLE PKE,,,,414.00,Feet,North,NATCHEZ CT,,,,0.00,N,Not at Intersection,N,Non-Junction,None,,,         ,Joseph,Hurst,Clear,Angle,no,no,no,no,yes,False
103439098,METROPOLITAN NASHVILLE POLICE DEPT,20220502560,Davidson,Nashville,10/5/2022 7:49:00 PM,3,0,0,36.129750,-86.796680,BLAIR BLVD,,,,289.00,Feet,East,18TH AVS,,,,0.00,N,Not at Intersection,N,Non-Junction,None,,,         ,Dakota,Davis,Clear,"Sideswipe, Same Direction",no,no,no,no,no,False
103439124,METROPOLITAN NASHVILLE POLICE DEPT,20220502463,Davidson,Nashville,10/5/2022 5:32:00 PM,2,1,0,36.086540,-86.691530,ANTIOCH PKE,,,,379.00,Feet,South,HARDING PL,,,,0.00,N,Not at Intersection,N,Non-Junction,None,,,         ,Tristen,Mayfield,Clear,Angle,no,no,no,no,no,False
103439195,METROPOLITAN NASHVILLE POLICE DEPT,20220502721,Davidson,Nashville,10/5/2022 9:19:00 PM,3,0,0,36.078790,-86.837000,TYNE BLVD,,,,0.00,,,HILLSBORO PKE,,,,0.00,Y,Four-Way,N,Intersection-Related,None,,,         ,Theodore,Meskers,Clear,Front to Rear,no,no,no,no,no,False
103439199,METROPOLITAN NASHVILLE POLICE DEPT,20220502310,Davidson,Not in City Limit,10/5/2022 4:29:00 PM,2,0,0,36.318390,-86.840640,I 24,,,,0.00,,,,,,,36.65,N,Not at Intersection,N,Non-Junction,None,,,         ,Gabriel,Centeno,Clear,"Sideswipe, Same Direction",no,no,no,no,no,False
103439210,METROPOLITAN NASHVILLE POLICE DEPT,20220502630,Davidson,Nashville,10/5/2022 7:38:00 PM,3,0,0,36.166630,-86.764780,SHELBY AV,,,,16.00,Feet,South,I24 W ENT RAMP,,,,0.00,N,Not at Intersection, ,Non-Junction,None,,,         ,Michael,Foster,Clear,Front to Rear,no,no,no,no,no,False
103439218,METROPOLITAN NASHVILLE POLICE DEPT,20220502435,Davidson,Nashville,10/5/2022 6:14:00 PM,2,0,0,36.032730,-86.770680,CHURCH STE,,,,186.00,Feet,East,ANNABEL LN,,,,0.00,N,Not at Intersection, ,Non-Junction,None,,,         ,Tyler,Shanks,Clear,Front to Rear,no,no,no,no,no,False
103439232,METROPOLITAN NASHVILLE POLICE DEPT,20220502769,Davidson,Nashville,10/5/2022 7:15:00 PM,2,0,0,36.083950,-86.705810,LINBAR DR,,,,80.00,Feet,South,HARDING PL,,,,0.00,N,Not at Intersection,N,OtherLocation,None,,,         ,Holly,Davis,Clear,Front to Rear,no,no,no,yes,yes,False
103439236,METROPOLITAN NASHVILLE POLICE DEPT,20220502459,Davidson,Nashville,10/5/2022 6:30:00 PM,2,0,0,36.170260,-86.767070,I 24,,,,0.00,,,,,,,48.65,N,Not at Intersection, ,Non-Junction,None,,,         ,Erin,Savidge,Clear,"Sideswipe, Same Direction",no,no,no,no,no,False
103439239,METROPOLITAN NASHVILLE POLICE DEPT,20220502736,Davidson,Goodlettsville,10/5/2022 12:00:00 AM,1,0,0,36.285320,-86.706110,GALLATIN PKEN,,,,58.00,Feet,North,TENNYSON AV,,,,0.00,N,Not at Intersection, ,Non-Junction,Construction Zone,,,         ,Zachary,Smith,Clear,Not Collision with Motor Vehicle in Transport,no,no,no,no,no,False
103439240,METROPOLITAN NASHVILLE POLICE DEPT,20220502623,Davidson,Nashville,10/5/2022 12:00:00 AM,2,0,0,36.132400,-86.629160,BELL RD,,,,115.00,Feet,South,HARBORWOOD DR,,,,0.00,N,Not at Intersection, ,Non-Junction,None,,,         ,Esther,Poysti,Clear,Front to Rear,no,no,no,no,no,False
103439241,METROPOLITAN NASHVILLE POLICE DEPT,20220502645,Davidson,Nashville,10/5/2022 8:39:00 PM,2,0,0,36.141650,-86.666570,DONELSON PKE,,,,198.00,Feet,South,I40 W EXT RAMP,,,,0.00,N,Not at Intersection, ,Non-Junction,None,,,         ,Douglas,Meringer,Clear,"Sideswipe, Same Direction",no,no,no,no,no,False
103439246,METROPOLITAN NASHVILLE POLICE DEPT,20220502542,Davidson,Nashville,10/5/2022 6:31:00 PM,2,4,0,36.078310,-86.643030,MURFREESBORO PKE,,,,0.00,Feet,West,MARTWAY DR,,,,0.00,N,Not at Intersection,N,Non-Junction,None,,,         ,Phillip,Burke,Clear,Angle,no,no,no,no,no,False
103439264,METROPOLITAN NASHVILLE POLICE DEPT,20220502705,Davidson,Nashville,10/5/2022 9:10:00 PM,2,1,0,36.163830,-86.770890,EAST BANK GRNWY,,,,0.00,,,,,,,0.00,,,N,OtherLocation,None,,,         ,Clayton,Lewis,Clear,Angle,no,no,no,yes,no,False
103439265,METROPOLITAN NASHVILLE POLICE DEPT,20220502637,Davidson,Nashville,10/5/2022 5:30:00 PM,1,0,0,36.217870,-86.781780,BRICK CHURCH PKE,,,,156.00,Feet,North,WOODFOLK AV,,,,0.00,N,Not at Intersection,N,Non-Junction,None,,,         ,Gabriel,Centeno,Clear,Not Collision with Motor Vehicle in Transport,no,no,no,no,yes,False
103439266,METROPOLITAN NASHVILLE POLICE DEPT,20220503023,Davidson,Nashville,10/6/2022 12:05:00 AM,1,1,0,36.056360,-86.664860,MT VIEW RD,,,,952.00,Feet,South,KEVINWOOD CT,,,,0.00,N,Not at Intersection,N,Non-Junction,None,,,         ,Douglas,Meringer,Clear,Not Collision with Motor Vehicle in Transport,no,no,no,no,yes,False
103439276,METROPOLITAN NASHVILLE POLICE DEPT,20220502875,Davidson,Nashville,10/5/2022 10:48:00 PM,2,0,0,36.056230,-86.719380,GREEN LEAF DR,,,,605.00,Feet,West,BREWER DR,,,,0.00,N,Not at Intersection, ,,None,,,         ,Tony,Mingsing,,,no,no,no,yes,no,False
103439280,METROPOLITAN NASHVILLE POLICE DEPT,20220503036,Davidson,Nashville,10/6/2022 12:21:00 AM,1,1,0,36.064980,-86.846920,HILLSBORO PKE,,,,442.00,Feet,North,KINGSBURY DR,,,,0.00,N,Not at Intersection,N,Non-Junction,None,,,         ,Theodore,Meskers,Clear,Not Collision with Motor Vehicle in Transport,no,no,no,no,no,False
103439288,METROPOLITAN NASHVILLE POLICE DEPT,20220503071,Davidson,Nashville,10/6/2022 12:00:00 AM,2,0,0,36.044160,-86.725590,OLD HICKORY BLVD,,,,312.00,Feet,South,ENCLAVE CIR,,,,0.00,N,Not at Intersection,N,Non-Junction,None,,,         ,Clayton,Cox,Clear,Not Collision with Motor Vehicle in Transport,no,no,no,no,yes,False
103439299,METROPOLITAN NASHVILLE POLICE DEPT,20220503207,Davidson,Nashville,10/6/2022 2:40:00 AM,1,0,0,36.152090,-86.858450,I 40,,,,0.00,,,,,,,203.90,N,Not at Intersection,N,Non-Junction,None,,,         ,John,Jones,Clear,Not Collision with Motor Vehicle in Transport,no,no,no,no,no,False
103439317,METROPOLITAN NASHVILLE POLICE DEPT,20220503200,Davidson,Nashville,10/6/2022 2:35:00 AM,1,0,0,36.152920,-86.765560,I 40,,,,0.00,,,,,,,210.60,N,Not at Intersection,N,Entrance/Exit Ramp Related,None,,,         ,Jeffrey,Palomino-Gonzalez,Clear,Not Collision with Motor Vehicle in Transport,no,no,no,no,no,False