master_record_number,agency,agency_tracking_number,county,city,collision_date,vehicles_involved,number_injured,number_dead,latitude,longitude,roadway_name,roadway_suffix,roadway_number,roadway_local_id,distance_from_reference,miles-feet_indicator,direction_from_reference,intersection_road_name,intersection_road_name_suffix,intersection_road_number,intersection_local_id,mile_marker,intersection_indicator,intersect_type,interchange_related_indicator,relation_to_junction,work_zone_type,construction_maintenance_zone,construction_maintenance_zone_location,fatal_case_number,officer_first_name,officer_last_name,weather_condition(s),manner_of_crash,pedestrian,bicycle,scooter,parking,hitrun,mou
103439369,METROPOLITAN NASHVILLE POLICE DEPT,20220503368,Davidson,Nashville,10/6/2022 6:17:00 AM,1,1,0,36.176260,-86.790250,MONROE ST,,,,0.00,,,6TH AVN,,,,0.00,Y,Four-Way,N,Non-Junction,None,,,         ,Ryan,Caulfield,Clear,Not Collision with Motor Vehicle in Transport,yes,no,no,no,yes,False
103439378,METROPOLITAN NASHVILLE POLICE DEPT,20220503353,Davidson,Nashville,10/6/2022 5:59:00 AM,3,0,0,36.150820,-86.749860,I 40,,,,0.00,,,,,,,211.60,N,Not at Intersection,N,Non-Junction,None,,,         ,Torry,Hill,Clear,Front to Rear,no,no,no,no,no,False
103439392,METROPOLITAN NASHVILLE POLICE DEPT,20220503365,Davidson,Nashville,10/6/2022 5:45:00 AM,1,0,0,36.075690,-86.717970,HOPEDALE DR,,,,213.00,Feet,West,FLORA MAXWELL RD,,,,0.00,N,Not at Intersection,N,Non-Junction,None,,,         ,Darrin,Hardin,Clear,Not Collision with Motor Vehicle in Transport,no,no,no,no,yes,False
103439402,METROPOLITAN NASHVILLE POLICE DEPT,20220502233,Davidson,Nashville,10/5/2022 4:10:00 PM,2,0,0,36.151460,-86.857740,WHITE BRIDGE PKE,,,,0.00,,,I40 E ENT RAMP,,,,0.00,Y,Four-Way, ,,None,,,         ,Michael,Pyle,,,no,no,no,no,no,False
103439436,METROPOLITAN NASHVILLE POLICE DEPT,20220503464,Davidson,Not in City Limit,10/6/2022 5:55:00 AM,2,0,0,36.269260,-86.755740,OLD HICKORY BLVDW,,,,0.00,,,DICKERSON PKE,,,,0.00,Y,Four-Way, ,Intersection,None,,,         ,Travis,Baxter,Clear,Angle,no,no,no,no,no,False
103439486,METROPOLITAN NASHVILLE POLICE DEPT,20220503444,Davidson,Nashville,10/6/2022 7:10:00 AM,2,0,0,36.117150,-86.725540,I 24,,,,0.00,,,,,,,53.10,N,Not at Intersection,N,Non-Junction,None,,,         ,Todd,Watson,Clear,Front to Rear,no,no,no,no,no,False
103439489,METROPOLITAN NASHVILLE POLICE DEPT,20220503465,Davidson,Nashville,10/6/2022 6:40:00 AM,2,0,0,36.154600,-86.786200,DEMONBREUN ST,,,,0.00,Feet,,12TH AVS,,,,0.00,Y,Four-Way,Y,Intersection,None,,,         ,Eric,Ziegler,Clear,Angle,no,no,no,no,no,False
103439491,METROPOLITAN NASHVILLE POLICE DEPT,20220503554,Davidson,Nashville,10/6/2022 5:16:00 AM,2,0,0,36.086910,-86.730170,ELYSIAN FIELDS CT,,,,21.00,Feet,East,NOLENSVILLE PKE,,,,0.00,N,Not at Intersection,N,Non-Junction,None,,,         ,John,Walden,Clear,Front to Rear,no,no,no,no,no,False
103439492,METROPOLITAN NASHVILLE POLICE DEPT,20220503546,Davidson,Nashville,10/6/2022 7:45:00 AM,2,0,0,36.127080,-86.902010,I 40,,,,0.00,,,,,,,200.75,N,Not at Intersection, ,Non-Junction,None,,,         ,Wesley,Tilley,Clear,Angle,no,no,no,no,no,False
103439495,METROPOLITAN NASHVILLE POLICE DEPT,20220503593,Davidson,Nashville,10/6/2022 8:00:00 AM,2,0,0,36.203310,-86.776650,I 65,,,,0.00,,,,,,,87.10,N,Not at Intersection,N,Non-Junction,None,,,         ,Ian,Wilson,Clear,Not Collision with Motor Vehicle in Transport,no,no,no,no,no,False
103439512,METROPOLITAN NASHVILLE POLICE DEPT,20220503674,Davidson,Nashville,10/6/2022 8:04:00 AM,2,0,0,36.153790,-86.755430,HERMITAGE AV,,,,193.00,Feet,East,FAIRFIELD AV,,,,0.00,N,Not at Intersection, ,Non-Junction,None,,,         ,Patrick,Lancaster,Clear,"Sideswipe, Same Direction",no,no,no,no,no,False
103439515,METROPOLITAN NASHVILLE POLICE DEPT,20220503651,Davidson,Goodlettsville,10/6/2022 9:00:00 AM,1,1,0,36.319250,-86.757650,DRY CREEK RD,,,,534.00,Feet,West,DRY CREEK RD PVTDR,,,,0.00,N,Not at Intersection,N,Non-Junction,None,,,         ,Travis,Baxter,Clear,Not Collision with Motor Vehicle in Transport,no,no,no,no,no,False
103439518,METROPOLITAN NASHVILLE POLICE DEPT,20220503650,Davidson,Nashville,10/6/2022 8:56:00 AM,2,0,0,36.042460,-86.712940,NOLENSVILLE PKE,,,,3.00,Feet,North,SWISS AV,,,,0.00,N,Not at Intersection, ,Non-Junction,None,,,         ,Brian,Cavaliere,Clear,"Sideswipe, Opposite Direction",no,no,no,no,no,False
103439542,METROPOLITAN NASHVILLE POLICE DEPT,20220503681,Davidson,Not in City Limit,10/6/2022 8:55:00 AM,2,2,0,36.320600,-86.851540,I 24,,,,0.00,,,,,,,35.95,N,Not at Intersection,N,Non-Junction,None,,,         ,Jeanine,Sarno,Clear,Front to Rear,no,no,no,no,no,False
103439547,METROPOLITAN NASHVILLE POLICE DEPT,20220503703,Davidson,Nashville,10/6/2022 8:25:00 AM,2,0,0,36.116080,-86.783830,,,I440W,,500.00,Feet,West,,,,,5.00,N,Not at Intersection,N,Non-Junction,None,,,         ,Jerre,Fly,Clear,"Sideswipe, Same Direction",no,no,no,no,yes,False
103439550,METROPOLITAN NASHVILLE POLICE DEPT,20220503774,Davidson,Nashville,10/6/2022 10:30:00 AM,1,0,0,36.180350,-86.817910,BUCHANAN ST,,,,0.00,Feet,West,25TH AVN,,,,0.00,N,Not at Intersection, ,Non-Junction,None,,,         ,Bailey,McCluskey,Clear,Not Collision with Motor Vehicle in Transport,no,no,no,no,no,False
103439551,METROPOLITAN NASHVILLE POLICE DEPT,20220503458,Davidson,Nashville,10/6/2022 12:00:00 AM,2,0,0,36.156540,-86.781640,DEMONBREUN ST,,,,156.00,Feet,East,9TH AVS,,,,0.00,N,Not at Intersection,N,Non-Junction,None,,,         ,James,Thornton,Clear,Front to Rear,no,no,no,no,yes,False
103439565,METROPOLITAN NASHVILLE POLICE DEPT,20220503741,Davidson,Nashville,10/6/2022 10:00:00 AM,2,1,0,36.045570,-86.711200,OLD HICKORY BLVD,,,,614.00,Feet,East,NOLENSVILLE PKE,,,,0.00,N,Not at Intersection,N,Non-Junction,None,,,         ,Gregory,Scott,Clear,Angle,no,no,no,no,no,False
103439570,METROPOLITAN NASHVILLE POLICE DEPT,20220503686,Davidson,Nashville,10/6/2022 9:05:00 AM,2,0,0,36.165100,-86.781980,DEADERICK ST,,,,140.00,Feet,West,5TH AVN,,,,0.00,N,Not at Intersection,N,Non-Junction,None,,,         ,Alex,Mendoza-Aguilera,Clear,Other,no,no,no,no,yes,False
103439575,METROPOLITAN NASHVILLE POLICE DEPT,20220503712,Davidson,Nashville,10/6/2022 9:00:00 AM,2,0,0,36.208290,-86.776640,EXIT 87,,,,0.00,,,I 65,,,,0.00,Y,OTHER,N,Non-Junction,None,,,         ,Alexandra,Wall,Clear,"Sideswipe, Same Direction",no,no,no,no,yes,False
103439585,METROPOLITAN NASHVILLE POLICE DEPT,20220503828,Davidson,Nashville,10/5/2022 5:00:00 PM,2,0,0,36.151290,-86.750960,I 40,,,,0.00,,,,,,,211.55,N,Not at Intersection, ,Non-Junction,None,,,         ,Jerre,Fly,Clear,Front to Rear,no,no,no,no,yes,False
103439588,METROPOLITAN NASHVILLE POLICE DEPT,20220503726,Davidson,Nashville,10/6/2022 9:50:00 AM,1,1,0,36.139890,-86.852410,KNOB RD,,,,69.00,Feet,East,MEADOWCREST LN,,,,0.00,N,Not at Intersection,N,Non-Junction,None,,,         ,George,Spencer,Clear,Not Collision with Motor Vehicle in Transport,no,no,no,yes,no,False
103439602,METROPOLITAN NASHVILLE POLICE DEPT,20220503414,Davidson,Nashville,10/6/2022 6:50:00 AM,2,0,0,36.073740,-86.724530,NOLENSVILLE PKE,,,,117.00,Feet,South,GOINS RD,,,,0.00,N,Not at Intersection, ,Non-Junction,None,,,         ,Daniel,Rizzo,Clear,Front to Rear,no,no,no,no,no,False
103439641,GOODLETTSVILLE POLICE DEPT,22-30655,Davidson,Goodlettsville,10/6/2022 11:45:00 AM,2,1,0,36.322690,-86.701370,CONFERENCE DR,,,,198.00,Feet,North,MUSIC CITY CENTER PVTDR,,,,0.00,N,Not at Intersection,N,Non-Junction,None,,,         ,Donald,Brinton,Clear,Angle,no,no,no,no,no,False
103439736,VANDERBILT UNIVERSITY POLICE,20220503951,Davidson,Nashville,10/6/2022 11:35:00 AM,1,0,0,36.109030,-86.766190,POWELL AV,,,,1037.00,Feet,North,POWELL PL,,,,0.00,N,Not at Intersection,N,Non-Junction,None,,,         ,Anthony,Jones,Clear,Not Collision with Motor Vehicle in Transport,no,no,no,yes,no,False
103439809,METROPOLITAN NASHVILLE POLICE DEPT,20220504154,Davidson,Nashville,10/6/2022 1:50:00 PM,2,0,0,36.220950,-86.821350,BUENA VISTA PKE,,,,0.00,,,KINGS LN,,,,0.00,Y,T-Intersection, ,Intersection,None,,,         ,Andrew,Yurgil,Clear,Angle,no,no,no,no,no,False
103439832,METROPOLITAN NASHVILLE POLICE DEPT,20220504124,Davidson,Nashville,10/6/2022 12:30:00 PM,2,0,0,36.140550,-86.731740,I 40,,,,0.00,,,,,,,212.85,N,Not at Intersection,N,Entrance/Exit Ramp Related,None,,,         ,Alex,Gibson,Clear,Front to Rear,no,no,no,no,yes,False
103439841,METROPOLITAN NASHVILLE POLICE DEPT,20220504096,Davidson,Nashville,10/6/2022 1:29:00 PM,2,0,0,36.154330,-86.743300,LEBANON PKE,,,,0.00,,,FESSLERS LN,,,,0.00,Y,T-Intersection,N,Intersection,None,,,         ,Cameron,Fritschie,Clear,Angle,no,no,no,no,no,False
103439845,METROPOLITAN NASHVILLE POLICE DEPT,2022-0504164,Davidson,Nashville,10/6/2022 2:33:00 PM,2,0,0,36.142870,-86.736680,I 40,,,,0.00,,,,,,,212.50,N,Not at Intersection, ,,None,,,         ,Calvin,Graham,,,no,no,no,no,no,False
103439862,METROPOLITAN NASHVILLE POLICE DEPT,20220504169,Davidson,Nashville,10/6/2022 1:17:00 PM,2,0,0,36.163870,-86.786620,CHARLOTTE AV,,,,0.00,Feet,,ROSA L PARKS BLVD,,,,0.00,Y,Four-Way,N,Intersection,None,,,         ,Shedie,Herbert III,Clear,Angle,no,no,no,no,no,False
103439895,METROPOLITAN NASHVILLE POLICE DEPT,20220504196,Davidson,Nashville,10/6/2022 2:15:00 PM,3,0,0,36.168420,-86.687960,LEBANON PKE,,,,0.00,,,BRILEY PKWY N ENT RAMP,,,,0.00,Y,Four-Way,N,Intersection,None,,,         ,Patrick,Lancaster,Clear,Angle,no,no,no,no,no,False
103439900,METROPOLITAN NASHVILLE POLICE DEPT,20220504054,Davidson,Nashville,10/6/2022 11:42:00 AM,2,0,0,36.109200,-86.680230,MURFREESBORO PKE,,,,822.00,Feet,South,AIR FREIGHT BLVD,,,,0.00,N,Not at Intersection,N,Non-Junction,None,,,         ,Wyatt,Brooks,Clear,Front to Rear,no,no,no,no,yes,False
103439912,METROPOLITAN NASHVILLE POLICE DEPT,20220503894,Davidson,Nashville,10/6/2022 11:21:00 AM,2,1,0,36.097200,-86.875890,HARDING PKE,,,,0.00,,,OLD HARDING PKE,,,,0.00,Y,T-Intersection,N,Intersection-Related,None,,,         ,Robert,Higgins,Clear,Front to Rear,no,no,no,no,no,False
103439937,METROPOLITAN NASHVILLE POLICE DEPT,20220504208,Davidson,Nashville,10/6/2022 2:47:00 PM,2,0,0,36.159380,-86.780990,7TH AVS,,,,0.00,,,BROADWAY,,,,0.00,Y,Four-Way, ,Intersection,None,,,         ,Zachary,Cooper,Clear,Angle,no,no,no,no,no,False
103439953,METROPOLITAN NASHVILLE POLICE DEPT,20220504257,Davidson,Nashville,10/6/2022 3:25:00 PM,2,0,0,36.167660,-86.765620,I 24,,,,0.00,,,,,,,48.85,N,Not at Intersection, ,,None,,,         ,Steven,Powers,,,no,no,no,no,no,False
103439964,METROPOLITAN NASHVILLE POLICE DEPT,20220504353,Davidson,Nashville,10/6/2022 3:25:00 PM,2,0,0,36.052170,-86.933130,HIGHWAY 100,,,,1761.00,Feet,North,YEARLING WAY,,,,0.00,N,Not at Intersection,N,OtherLocation,None,,,         ,Heather,Fox,Clear,HeadOn,no,no,no,no,no,False
103439983,METROPOLITAN NASHVILLE POLICE DEPT,20220504381,Davidson,Nashville,10/6/2022 12:00:00 AM,1,0,0,36.201080,-86.758310,CHICKASAW AV,,,,0.00,,,JONES AV,,,,0.00,Y,T-Intersection,N,Non-Junction,None,,,         ,Justen,Ogle,Clear,Not Collision with Motor Vehicle in Transport,no,no,no,no,no,False
103440003,METROPOLITAN NASHVILLE POLICE DEPT,20220504313,Davidson,Nashville,10/6/2022 3:50:00 PM,3,1,0,36.136210,-86.726730,I 24,,,,0.00,,,,,,,52.10,N,Not at Intersection,N,Non-Junction,None,,,         ,Taylor,Blackwelder,Clear,Front to Rear,no,no,no,no,yes,False
103440024,GOODLETTSVILLE POLICE DEPT,22-30677,Davidson,Goodlettsville,10/6/2022 2:45:00 PM,2,0,0,36.317010,-86.701810,I 65,,,,0.00,,,,,,,96.50,N,Not at Intersection,N,Non-Junction,None,,,         ,George,Henry,Clear,"Sideswipe, Same Direction",no,no,no,no,no,False
103440033,METROPOLITAN NASHVILLE POLICE DEPT,20220504253,Davidson,Nashville,10/6/2022 2:20:00 PM,2,1,0,36.178420,-86.703500,SHELBY BOTTOMS GRNWY,,,,716.00,Feet,East,SHELBY CORNELIA FORT TRAIL GRN,,,,0.00,N,Not at Intersection,N,Non-Junction,None,,,         ,Trevor,Jones,Clear,Angle,no,no,no,no,no,False
103440037,METROPOLITAN NASHVILLE POLICE DEPT,20220504387,Davidson,Nashville,10/6/2022 4:10:00 PM,2,0,0,36.158290,-86.781710,8TH AVS,,,,168.00,Feet,North,MCGAVOCK ST,,,,0.00,N,Not at Intersection, ,Non-Junction,None,,,         ,James,Hill,Clear,Angle,no,no,no,no,no,False
103440038,METROPOLITAN NASHVILLE POLICE DEPT,20220504444,Davidson,Nashville,10/6/2022 4:48:00 PM,2,0,0,36.181650,-86.867540,BRILEY PKWYN,,,,1943.00,Feet,South,BRILEY PKWYS,,,,0.00,N,Not at Intersection, ,Non-Junction,None,,,         ,Robert,Higgins,Clear,"Sideswipe, Same Direction",no,no,no,no,no,False
103440041,METROPOLITAN NASHVILLE POLICE DEPT,20220504493,Davidson,Nashville,10/6/2022 5:30:00 PM,1,0,0,36.169020,-86.753370,S 9TH ST,,,,168.00,Feet,North,SYLVAN ST,,,,0.00,N,Not at Intersection,N,Non-Junction,None,,,         ,Justen,Ogle,Clear,Not Collision with Motor Vehicle in Transport,no,no,no,no,yes,False
103440054,METROPOLITAN NASHVILLE POLICE DEPT,20220504471,Davidson,Nashville,10/6/2022 5:45:00 PM,3,1,0,36.169540,-86.678420,LEBANON PKE,,,,439.00,Feet,East,MCGAVOCK PKE,,,,0.00,N,Not at Intersection,N,Non-Junction,None,,,         ,Evan,Grace,Clear,Front to Rear,no,no,no,no,no,False
103440062,THP District 3 - Nashville,322082429,Davidson,Nashville,10/5/2022 8:30:00 AM,2,0,0,36.154290,-86.833110,I 40,,,,0.00,,,,,,,205.30,N,Not at Intersection, ,,None,,,         ,Keith,Velez,,,no,no,no,no,no,False
103440063,THP District 3 - Nashville,322082603,Davidson,Nashville,10/5/2022 6:19:00 PM,2,0,0,36.168750,-86.766280,I 24,,,,0.00,,,,,,,48.80,N,Not at Intersection, ,Non-Junction,None,,,         ,Keith,Velez,Clear,"Sideswipe, Same Direction",no,no,no,no,no,False
103440071,METROPOLITAN NASHVILLE POLICE DEPT,20220504399,Davidson,Nashville,10/6/2022 4:45:00 PM,1,1,0,36.215850,-86.710400,MCGAVOCK PKE,,,,0.00,,,,,,,0.00,,,N,Non-Junction,None,,,         ,Trevor,Jones,Clear,Not Collision with Motor Vehicle in Transport,no,no,no,no,no,False
103440079,METROPOLITAN NASHVILLE POLICE DEPT,20220504500,Davidson,Not in City Limit,10/6/2022 5:55:00 PM,2,0,0,36.279550,-86.783570,BRICK CHURCH PKE,,,,0.00,Feet,East,OLD HICKORY BLVD,,,,0.00,N,Not at Intersection,N,Non-Junction,None,,,         ,Kyle,Eicholtz,Clear,Angle,no,no,no,no,no,False
103440082,METROPOLITAN NASHVILLE POLICE DEPT,20220504549,Davidson,Nashville,10/6/2022 6:35:00 PM,2,0,0,36.064180,-86.771290,I 65,,,,0.00,,,,,,,76.55,N,Not at Intersection,N,Non-Junction,None,,,         ,Flynn,Ireland,Clear,"Sideswipe, Same Direction",no,no,no,no,yes,False
103440098,METROPOLITAN NASHVILLE POLICE DEPT,20220504219,Davidson,Nashville,10/6/2022 2:55:00 PM,3,4,0,36.206280,-86.773510,I65 N ENT RAMP,,,,0.00,,,W TRINITY LN,,,,0.00,Y,T-Intersection,Y,Intersection,None,,,         ,Jarret,Sonnenberg,Clear,Angle,no,no,no,no,no,False
103440124,METROPOLITAN NASHVILLE POLICE DEPT,20220504556,Davidson,Nashville,10/6/2022 6:52:00 PM,2,4,0,36.158340,-86.799300,CHARLOTTE AV,,,,81.00,Feet,West,FISK ST,,,,0.00,N,Not at Intersection,N,Non-Junction,None,,,         ,Dakota,Davis,Clear,Front to Rear,no,no,no,no,no,False
103440128,METROPOLITAN NASHVILLE POLICE DEPT,20220504523,Davidson,Nashville,10/6/2022 6:00:00 PM,2,0,0,36.137810,-86.802660,BLAKEMORE AV,,,,133.00,Feet,East,23RD AVS,,,,0.00,N,Not at Intersection,N,Non-Junction,None,,,         ,Brady,Reynolds,Clear,"Sideswipe, Same Direction",no,no,no,no,yes,Campus
103440129,METROPOLITAN NASHVILLE POLICE DEPT,20220504361,Davidson,Nashville,10/6/2022 4:22:00 PM,3,0,0,36.133030,-86.727140,I 24,,,,0.00,,,,,,,51.10,N,Not at Intersection,Y,Non-Junction,None,,,         ,Justin,Ramos,Clear,Front to Rear,no,no,no,no,no,False
103440131,METROPOLITAN NASHVILLE POLICE DEPT,20220504606,Davidson,Nashville,10/6/2022 7:30:00 PM,2,1,0,36.085530,-86.690750,ANTIOCH PKE,,,,0.00,,,PERIMETER HILL DR,,,,0.00,Y,T-Intersection,N,Intersection-Related,None,,,         ,Megan,Arnett,Clear,Angle,no,no,no,no,no,False
103440134,GOODLETTSVILLE POLICE DEPT,22-30680,Davidson,Goodlettsville,10/6/2022 5:57:00 PM,3,0,0,36.308520,-86.704040,I 65,,,,0.00,,,,,,,95.85,N,Not at Intersection, ,Non-Junction,None,,,         ,William,Campbell,Clear,Front to Rear,no,no,no,no,no,False
103440145,METROPOLITAN NASHVILLE POLICE DEPT,20220504656,Davidson,Nashville,10/6/2022 7:15:00 PM,2,1,0,36.054500,-86.741060,MCMURRAY DR,,,,519.00,Feet,East,EDMONDSON PKE,,,,0.00,N,Not at Intersection,N,Non-Junction,None,,,         ,Flynn,Ireland,Clear,Front to Rear,no,no,no,no,no,False
103440170,METROPOLITAN NASHVILLE POLICE DEPT,20220504689,Davidson,Nashville,10/6/2022 7:02:00 PM,2,0,0,36.155540,-86.789960,BROADWAY,,,,79.00,Feet,West,I40 E EXT RAMP,,,,0.00,N,Not at Intersection, ,Non-Junction,None,,,         ,Dakota,Davis,Clear,"Sideswipe, Same Direction",no,no,no,no,no,False
103440179,METROPOLITAN NASHVILLE POLICE DEPT,20220504742,Davidson,Nashville,10/6/2022 7:40:00 PM,2,0,0,36.237260,-86.781010,BRICK CHURCH PKE,,,,3.00,Feet,North,BRILEY PKWY E ENT RAMP,,,,0.00,N,Not at Intersection, ,,None,,,         ,Alexander,Hartle,,,no,no,no,no,no,False
103440197,METROPOLITAN NASHVILLE POLICE DEPT,20220504747,Davidson,Nashville,10/6/2022 8:40:00 PM,2,0,0,36.000270,-86.694390,NOLENSVILLE PKE,,,,413.00,Feet,North,CONCORD HILLS DR,,,,0.00,N,Not at Intersection, ,,None,,,         ,Darci,Stechman,,,no,no,no,no,no,False
103440203,METROPOLITAN NASHVILLE POLICE DEPT,20220504472,Davidson,Nashville,10/6/2022 5:35:00 PM,2,0,0,36.153270,-86.769560,2ND AVS,,,,0.00,Feet,,ASH ST,,,,0.00,Y,T-Intersection,N,Intersection,None,,,         ,Zachary,Cooper,Clear,Front to Rear,no,no,no,no,no,False
103440207,METROPOLITAN NASHVILLE POLICE DEPT,20220504801,Davidson,Nashville,10/6/2022 12:00:00 AM,2,0,0,36.165320,-86.697340,LEBANON PKE,,,,132.00,Feet,West,DONELSON HILLS DR,,,,0.00,N,Not at Intersection, ,Non-Junction,None,,,         ,Ashley,Kappenmacher,Clear,"Sideswipe, Same Direction",no,no,no,no,yes,False
103440208,METROPOLITAN NASHVILLE POLICE DEPT,20220504351,Davidson,Nashville,10/6/2022 4:10:00 PM,2,1,0,36.178630,-86.795060,ROSA L PARKS BLVD,,,,88.00,Feet,South,HUME ST,,,,0.00,N,Not at Intersection,N,Non-Junction,None,,,         ,Dylan,Ramos,Clear,Angle,no,no,no,no,yes,False
103440212,METROPOLITAN NASHVILLE POLICE DEPT,20220504736,Davidson,Nashville,10/6/2022 6:56:00 PM,2,0,0,36.143120,-86.686250,I 40,,,,0.00,,,,,,,215.50,N,Not at Intersection,N,Entrance/Exit Ramp Related,None,,,         ,Alexandra,Foote,Clear,Front to Rear,no,no,no,no,no,False
103440222,VANDERBILT UNIVERSITY POLICE,20220504674,Davidson,Nashville,10/6/2022 8:30:00 PM,2,0,0,36.139730,-86.801670,PIERCE AV,,,,0.00,,,MEDICAL CENTER DR,,,,0.00,Y,Four-Way, ,Intersection,None,,,         ,James,McDaniel,,Other,no,no,no,no,no,Campus
103440224,GOODLETTSVILLE POLICE DEPT,22-30684,Davidson,Goodlettsville,10/6/2022 7:05:00 PM,2,1,0,36.323520,-86.701080,CONFERENCE DR,,,,0.00,Feet,,NORTHGATE CIR,,,,0.00,Y,Four-Way,N,Intersection,None,,,         ,Sam,Buchanan,Clear,Angle,no,no,no,no,no,False
103440239,METROPOLITAN NASHVILLE POLICE DEPT,20220504782,Davidson,Nashville,10/6/2022 8:45:00 PM,2,1,0,36.064790,-86.628480,HAMILTON CHURCH RD,,,,0.00,,,MURFREESBORO PKE,,,,0.00,Y,Four-Way,Y,Intersection,None,,,         ,John,McDonnell,Clear,Front to Rear,no,no,no,no,yes,False
103440242,METROPOLITAN NASHVILLE POLICE DEPT,20220504786,Davidson,Nashville,10/6/2022 8:33:00 PM,2,0,0,36.146180,-86.870640,CHARLOTTE PKE,,,,0.00,,,WESTBORO DR,,,,0.00,Y,T-Intersection, ,Intersection-Related,None,,,         ,Kyle,Lund,Clear,Front to Rear,no,no,no,no,no,False
103440253,METROPOLITAN NASHVILLE POLICE DEPT,20220504693,Davidson,Nashville,10/6/2022 6:48:00 PM,2,1,0,36.154440,-86.792500,BROADWAY,,,,130.00,Feet,East,16TH AVS,,,,0.00,N,Not at Intersection,N,Non-Junction,None,,,         ,Brady,Reynolds,Clear,Front to Rear,no,no,no,no,yes,False
103440266,METROPOLITAN NASHVILLE POLICE DEPT,20220504325,Davidson,Nashville,10/6/2022 3:46:00 PM,2,0,0,36.247670,-86.720560,GALLATIN PKES,,,,134.00,Feet,South,DUE WEST AVW,,,,0.00,N,Not at Intersection, ,Non-Junction,None,,,         ,Kendric,Catron,Clear,Front to Rear,no,no,no,no,no,False
103440287,METROPOLITAN NASHVILLE POLICE DEPT,20220504675,Davidson,Nashville,10/6/2022 3:10:00 PM,2,0,0,36.134020,-86.722560,MURFREESBORO PKE,,,,0.00,,,PLUS PARK BLVD,,,,0.00,Y,T-Intersection,N,Intersection,None,,,         ,Mario,Diaz,Clear,Front to Rear,no,no,no,no,yes,False
103440291,METROPOLITAN NASHVILLE POLICE DEPT,20220504255,Davidson,Nashville,10/6/2022 2:59:00 PM,1,0,0,36.077870,-86.723870,WALLACE RD,,,,574.00,Feet,East,NOLENSVILLE PKE,,,,0.00,N,Not at Intersection,N,Non-Junction,None,,,         ,Adam,Kauffman,Clear,Not Collision with Motor Vehicle in Transport,no,no,no,yes,no,False
103440292,METROPOLITAN NASHVILLE POLICE DEPT,20220504288,Davidson,Nashville,10/6/2022 12:00:00 AM,2,0,0,36.094520,-86.704620,METROPLEX DR,,,,1444.00,Feet,North,ANTIOCH PKE,,,,0.00,N,Not at Intersection,N,Non-Junction,None,,,         ,Derek,Garcia,Clear,Angle,no,no,no,no,yes,False
103440304,METROPOLITAN NASHVILLE POLICE DEPT,20220504894,Davidson,Nashville,10/6/2022 10:15:00 PM,1,0,0,36.082040,-86.919480,OLD HICKORY BLVD,,,,166.00,Feet,North,BELLE FOREST CONDOS PVTDR,,,,0.00,N,Not at Intersection,N,Non-Junction,None,,,         ,Kyle,Eaton,Clear,Not Collision with Motor Vehicle in Transport,no,no,no,no,yes,False
103440305,METROPOLITAN NASHVILLE POLICE DEPT,20220504560,Davidson,Nashville,10/6/2022 6:56:00 PM,2,3,0,36.191620,-86.827860,CLARKSVILLE PKE,,,,428.00,Feet,West,CLIFF DR,,,,0.00,N,Not at Intersection,N,Non-Junction,None,,,         ,Gabriel,Centeno,Clear,Angle,no,no,no,no,no,False
103440307,METROPOLITAN NASHVILLE POLICE DEPT,20220505029,Davidson,Nashville,10/6/2022 11:25:00 PM,2,2,0,36.144660,-86.744040,ELM HILL PKE,,,,0.00,Feet,,FESSLERS LN,,,,0.00,Y,Four-Way,N,Intersection-Related,None,,,         ,Dylan,Colquhoun,Clear,Angle,no,no,no,no,no,False
103440308,METROPOLITAN NASHVILLE POLICE DEPT,20220504968,Davidson,Nashville,10/6/2022 8:10:00 PM,2,0,0,36.085810,-86.648070,MURFREESBORO PKE,,,,439.00,Feet,South,UNA ANTIOCH PKE,,,,0.00,N,Not at Intersection,N,Non-Junction,None,,,         ,Holly,Davis,Clear,Angle,no,no,no,no,yes,False
103440309,METROPOLITAN NASHVILLE POLICE DEPT,20220505134,Davidson,Nashville,10/7/2022 12:16:00 AM,2,0,0,36.160640,-86.776950,4TH AVS,,,,155.00,Feet,South,4TH AVN,,,,0.00,N,Not at Intersection,N,Non-Junction,None,,,         ,Blake,Curry,Clear,"Sideswipe, Same Direction",no,no,no,no,yes,False
103440320,METROPOLITAN NASHVILLE POLICE DEPT,20220505040,Davidson,Nashville,10/5/2022 9:15:00 AM,2,0,0,36.044220,-86.675070,BLUE HOLE RD,,,,591.00,Feet,South,BELL RD,,,,0.00,N,Not at Intersection,N,Non-Junction,None,,,         ,Jakub,Boyke,Clear,Front to Rear,no,no,no,no,yes,False
103440327,METROPOLITAN NASHVILLE POLICE DEPT,20220505160,Davidson,Nashville,10/7/2022 12:36:00 AM,2,1,0,36.045050,-86.659840,I24 E EXT RAMP,,,,0.00,Feet,East,I 24,,,,0.00,N,Not at Intersection,N,Entrance/Exit Ramp Related,None,,,         ,Bryan,Baldwin,Clear,Angle,no,no,no,no,no,False
103440328,METROPOLITAN NASHVILLE POLICE DEPT,20220505224,Davidson,Nashville,10/7/2022 12:00:00 AM,2,0,0,36.160510,-86.801870,DR D B TODD JR BLVD,,,,0.00,,,JO JOHNSTON AV,,,,0.00,Y,Four-Way,N,Intersection,None,,,         ,Hunter,Levan,Clear,Angle,no,no,no,no,no,False