master_record_number,agency,agency_tracking_number,county,city,collision_date,vehicles_involved,number_injured,number_dead,latitude,longitude,roadway_name,roadway_suffix,roadway_number,roadway_local_id,distance_from_reference,miles-feet_indicator,direction_from_reference,intersection_road_name,intersection_road_name_suffix,intersection_road_number,intersection_local_id,mile_marker,intersection_indicator,intersect_type,interchange_related_indicator,relation_to_junction,work_zone_type,construction_maintenance_zone,construction_maintenance_zone_location,fatal_case_number,officer_first_name,officer_last_name,weather_condition(s),manner_of_crash,pedestrian,bicycle,scooter,parking,hitrun,mou
103442237,METROPOLITAN NASHVILLE POLICE DEPT,20220507906,Davidson,Nashville,10/8/2022 7:00:00 PM,2,1,0,36.163510,-86.824590,ALBION ST,,,,63.00,Feet,East,32ND AVN,,,,0.00,N,Not at Intersection,N,Non-Junction,None,,,         ,Lucas,Thomas,Clear,Angle,no,no,no,no,no,False
103442238,METROPOLITAN NASHVILLE POLICE DEPT,20220507737,Davidson,Nashville,10/8/2022 3:09:00 PM,2,0,0,36.153920,-86.792640,16TH AVS,,,,147.00,Feet,South,BROADWAY,,,,0.00,N,Not at Intersection, ,Non-Junction,None,,,         ,Nicholas,Carroll,Clear,Other,no,no,no,no,no,False
103442247,METROPOLITAN NASHVILLE POLICE DEPT,20220507841,Davidson,Nashville,10/8/2022 6:00:00 PM,2,1,0,36.137860,-86.803110,BLAKEMORE AV,,,,0.00,,,23RD AVS,,,,0.00,Y,T-Intersection,N,Intersection,None,,,         ,Garrett,Latham,Clear,Angle,no,no,no,no,no,Campus
103442253,METROPOLITAN NASHVILLE POLICE DEPT,20220507896,Davidson,Nashville,10/8/2022 6:55:00 PM,3,2,0,36.173790,-86.822580,DR WALTER S DAVIS BLVD,,,,0.00,Feet,West,ED TEMPLE BLVD,,,,0.00,N,Not at Intersection,N,Non-Junction,None,,,         ,Austin,Bowles,Clear,Front to Rear,no,no,no,no,no,False
103442262,METROPOLITAN NASHVILLE POLICE DEPT,20220507741,Davidson,Nashville,10/8/2022 4:20:00 PM,2,0,0,36.064250,-86.717160,NOLENSVILLE PKE,,,,497.00,Feet,North,FAIRLANE DR,,,,0.00,N,Not at Intersection,N,Non-Junction,None,,,         ,Gabriel,Hamilton,Clear,HeadOn,no,no,no,no,yes,False
103442264,VANDERBILT UNIVERSITY POLICE,2022-0507820,Davidson,Nashville,10/8/2022 5:00:00 PM,1,0,0,36.146360,-86.805840,KENSINGTON PL,,,,0.00,,,,,,,0.00,,, ,Non-Junction,None,,,         ,Michael,Wyers,,Not Collision with Motor Vehicle in Transport,no,no,no,yes,no,Campus
103442267,METROPOLITAN NASHVILLE POLICE DEPT,20220507887,Davidson,Nashville,10/8/2022 6:48:00 PM,2,0,0,36.164410,-86.767710,S 2ND ST,,,,70.00,Feet,North,SYLVAN ST,,,,0.00,N,Not at Intersection, ,Non-Junction,None,,,         ,Shawn,Taylor,Clear,"Sideswipe, Same Direction",no,no,no,no,no,False
103442296,METROPOLITAN NASHVILLE POLICE DEPT,20220508007,Davidson,Nashville,10/8/2022 9:00:00 PM,1,0,0,36.349580,-86.877600,WHITES CREEK PKE,,,,1212.00,Feet,South,BAXTER RD,,,,0.00,N,Not at Intersection,N,Non-Junction,None,,,         ,Alexander,Hartle,Clear,Not Collision with Motor Vehicle in Transport,no,no,no,no,no,False
103442315,METROPOLITAN NASHVILLE POLICE DEPT,20220507927,Davidson,Nashville,10/8/2022 7:12:00 PM,2,0,0,36.206120,-86.771580,W TRINITY LN,,,,140.00,Feet,West,LUCAS LN,,,,0.00,N,Not at Intersection,N,Non-Junction,None,,,         ,Joseph,Gonzales,Clear,Angle,no,no,no,no,no,False
103442316,METROPOLITAN NASHVILLE POLICE DEPT,20220507944,Davidson,Nashville,10/8/2022 6:40:00 PM,2,0,0,36.157650,-86.773410,KOREAN VETERANS BLVD,,,,0.00,,,3RD AVS,,,,0.00,Y,Four-Way, ,Intersection,None,,,         ,Charles,Large,Clear,"Sideswipe, Opposite Direction",no,no,no,no,yes,False
103442322,METROPOLITAN NASHVILLE POLICE DEPT,20220507919,Davidson,Antioch,10/8/2022 6:20:00 PM,2,0,0,36.047840,-86.612050,MURFREESBORO PKE,,,,1284.00,Feet,North,MOUNTAIN SPRINGS RD,,,,0.00,N,Not at Intersection, ,Non-Junction,None,,,         ,Nadine,Klemenz,Clear,Angle,no,no,no,no,no,False
103442323,METROPOLITAN NASHVILLE POLICE DEPT,20220507801,Davidson,Nashville,10/8/2022 5:13:00 PM,3,0,0,36.151370,-86.799330,20TH AVS,,,,0.00,,,WEST END AV,,,,0.00,Y,Four-Way,Y,Intersection-Related,None,,,         ,Nicholas,Carroll,Clear,Other,no,no,no,no,no,Campus
103442325,METROPOLITAN NASHVILLE POLICE DEPT,20220507870,Davidson,Nashville,10/8/2022 6:39:00 PM,2,0,0,36.141700,-86.713450,I 40,,,,0.00,,,,,,,214.00,N,Not at Intersection, ,,None,,,         ,Rami,Rouhi,,,no,no,no,no,no,False
103442352,METROPOLITAN NASHVILLE POLICE DEPT,20220507705,Davidson,Nashville,10/8/2022 3:35:00 PM,3,1,0,36.045100,-86.628130,ASHEFORD TRC,,,,105.00,Feet,East,MT VIEW RD,,,,0.00,N,Not at Intersection,N,Non-Junction,None,,,         ,Corey,Schulz,Clear,Front to Rear,no,no,no,no,yes,False
103442359,METROPOLITAN NASHVILLE POLICE DEPT,20220507948,Davidson,Nashville,10/8/2022 7:53:00 PM,3,2,0,36.149110,-86.775500,I 40,,,,0.00,,,,,,,210.05,N,Not at Intersection,N,Non-Junction,None,,,         ,Matthew,Hogan,Clear,Front to Rear,no,no,no,no,no,False
103442360,METROPOLITAN NASHVILLE POLICE DEPT,20220508050,Davidson,Nashville,10/8/2022 9:40:00 PM,2,0,0,36.188490,-86.775410,I65 S ENT RAMP,,,,0.00,Feet,East,I 24,,,,0.00,N,Not at Intersection, ,Non-Junction,None,,,         ,Devyn,Hollinsworth,Clear,"Sideswipe, Same Direction",no,no,no,no,no,False
103442361,METROPOLITAN NASHVILLE POLICE DEPT,20220507873,Davidson,Nashville,10/8/2022 6:41:00 PM,1,1,0,36.144100,-86.799850,EDGEHILL AV,,,,0.00,,,21ST AVS,,,,0.00,Y,T-Intersection,Y,Intersection-Related,None,,,         ,Nicholas,Carroll,Clear,Not Collision with Motor Vehicle in Transport,yes,no,no,no,no,Campus
103442362,METROPOLITAN NASHVILLE POLICE DEPT,20220508057,Davidson,Nashville,10/8/2022 8:27:00 PM,2,0,0,36.082780,-86.628700,MOSSDALE DR,,,,0.00,Feet,North,BELL RD,,,,0.00,N,Not at Intersection, ,Non-Junction,None,,,         ,Jacob,Yore,Clear,Front to Rear,no,no,no,no,no,False
103442370,METROPOLITAN NASHVILLE POLICE DEPT,20220507955,Davidson,Nashville,10/8/2022 8:02:00 PM,2,0,0,36.047910,-86.663690,I 24,,,,0.00,,,,,,,59.10,N,Not at Intersection, ,,Work Zone,,,         ,Adam,Kauffman,,,no,no,no,no,no,False
103442371,METROPOLITAN NASHVILLE POLICE DEPT,20220507781,Davidson,Antioch,10/8/2022 12:00:00 AM,2,0,0,36.028870,-86.590110,LAVERGNE COUCHVILLE PKE,,,,216.00,Feet,North,MURFREESBORO PKE,,,,0.00,N,Not at Intersection,N,Non-Junction,None,,,         ,Derek,Garcia,Clear,Angle,no,no,no,no,yes,False
103442375,METROPOLITAN NASHVILLE POLICE DEPT,20220508122,Davidson,Nashville,10/8/2022 10:30:00 PM,2,0,0,36.169510,-86.770960,S 2ND ST,,,,0.00,,,WOODLAND ST,,,,0.00,Y,Four-Way, ,Non-Junction,None,,,         ,Megan,Arnett,Clear,"Sideswipe, Same Direction",no,no,no,no,no,False
103442381,METROPOLITAN NASHVILLE POLICE DEPT,20220507977,Davidson,Nashville,10/8/2022 8:15:00 PM,2,0,0,36.048180,-86.664140,I 24,,,,0.00,,,,,,,59.05,N,Not at Intersection, ,Non-Junction,Work Zone,,,         ,Adam,Kauffman,Clear,Front to Rear,no,no,no,no,no,False
103442400,METROPOLITAN NASHVILLE POLICE DEPT,20220507979,Davidson,Nashville,10/8/2022 8:35:00 PM,2,1,0,36.064670,-86.675340,GOODWIN RD,,,,243.00,Feet,South,REEVES RD,,,,0.00,N,Not at Intersection,N,Non-Junction,None,,,         ,Nadine,Klemenz,Clear,Front to Rear,no,no,no,no,no,False
103442403,METROPOLITAN NASHVILLE POLICE DEPT,20220508170,Davidson,Nashville,10/8/2022 11:00:00 PM,2,1,0,36.235440,-86.711690,BRILEY PKWYW,,,,346.00,Feet,West,BRILEY PKWYE,,,,0.00,N,Not at Intersection,N,Non-Junction,None,,,         ,Matthew,Herod,Clear,Front to Rear,no,no,no,no,yes,False
103442404,METROPOLITAN NASHVILLE POLICE DEPT,20220508103,Davidson,Nashville,10/8/2022 9:48:00 PM,2,1,0,36.116410,-86.697360,MURFREESBORO PKE,,,,0.00,,,MCGAVOCK PKE,,,,0.00,Y,Four-Way,N,Intersection-Related,None,,,         ,Robert,Marquez,Clear,Front to Rear,no,no,no,no,no,False
103442405,METROPOLITAN NASHVILLE POLICE DEPT,20220507987,Davidson,Nashville,10/8/2022 7:02:00 PM,5,1,0,36.161290,-86.819160,28TH AVN,,,,26.00,Feet,North,BATAVIA ST,,,,0.00,N,Not at Intersection,N,Non-Junction,None,,,         ,Lucas,Thomas,Clear,Angle,no,no,no,no,yes,False
103442409,METROPOLITAN NASHVILLE POLICE DEPT,20220508144,Davidson,Nashville,10/8/2022 10:40:00 PM,2,1,0,36.077200,-86.946280,HIGHWAY 70S,,,,334.00,Feet,West,SAWYER BROWN RD,,,,0.00,N,Not at Intersection,N,Non-Junction,None,,,         ,Heather,Fox,Clear,Front to Rear,no,no,no,yes,no,False
103442410,METROPOLITAN NASHVILLE POLICE DEPT,20220506444,Davidson,Nashville,10/7/2022 7:35:00 PM,2,0,0,36.128490,-86.906690,CHARLOTTE PKE,,,,0.00,,,CHARLOTTE PKE PVTDR,,,,0.00,Y,Y-Intersection, ,Intersection,None,,,         ,Mark,Lemieux,Clear,Front to Rear,no,no,no,no,no,False
103442411,METROPOLITAN NASHVILLE POLICE DEPT,20220507829,Davidson,Nashville,10/8/2022 5:39:00 PM,3,0,0,36.139220,-86.778390,HAMILTON AV,,,,0.00,Feet,,8TH AVS,,,,0.00,Y,T-Intersection,N,Intersection-Related,None,,,         ,Shelby,Hughes,Clear,"Sideswipe, Opposite Direction",no,no,no,no,no,False
103442418,METROPOLITAN NASHVILLE POLICE DEPT,20220508245,Davidson,Nashville,10/8/2022 11:57:00 PM,2,0,0,36.155630,-86.777720,KOREAN VETERANS BLVD,,,,150.00,Feet,West,6TH AVS,,,,0.00,N,Not at Intersection, ,Non-Junction,None,,,         ,Kency,Le,Clear,Angle,no,no,no,no,no,False
103442419,METROPOLITAN NASHVILLE POLICE DEPT,20220508224,Davidson,Nashville,10/8/2022 11:42:00 PM,1,1,0,36.157880,-86.781440,8TH AVS,,,,0.00,,,MCGAVOCK ST,,,,0.00,Y,Four-Way,N,Intersection,None,,,         ,Ralph,Gault,Clear,Not Collision with Motor Vehicle in Transport,yes,no,no,no,no,False
103442422,METROPOLITAN NASHVILLE POLICE DEPT,20220508172,Davidson,Nashville,10/8/2022 11:00:00 PM,2,2,0,36.162890,-86.796420,JO JOHNSTON AV,,,,123.00,Feet,West,14TH AVN,,,,0.00,N,Not at Intersection,N,Non-Junction,None,,,         ,Dylan,Ramos,Clear,HeadOn,no,no,no,no,yes,False
103442434,METROPOLITAN NASHVILLE POLICE DEPT,20220508181,Davidson,Nashville,10/8/2022 11:10:00 PM,1,0,0,36.073460,-86.734460,BLACKMAN RD,,,,87.00,Feet,North,BLACKMAN CT,,,,0.00,N,Not at Intersection,N,Non-Junction,None,,,         ,Dillon,Deleacaes,Clear,Not Collision with Motor Vehicle in Transport,no,no,no,no,no,False
103442435,METROPOLITAN NASHVILLE POLICE DEPT,20220508315,Davidson,Nashville,10/9/2022 12:54:00 AM,2,0,0,36.176940,-86.772560,I 24,,,,0.00,,,,,,,47.90,N,Not at Intersection, ,Non-Junction,None,,,         ,Joseph,Gonzales,Clear,"Sideswipe, Same Direction",no,no,no,no,yes,False
103442446,METROPOLITAN NASHVILLE POLICE DEPT,20220508281,Davidson,Nashville,10/9/2022 12:13:00 AM,2,0,0,36.212790,-86.760680,DELLWAY VILLA RD,,,,942.00,Feet,West,GORDON TER,,,,0.00,N,Not at Intersection,N,Non-Junction,None,,,         ,Spencer,Arroyo,Clear,"Sideswipe, Opposite Direction",no,no,no,yes,yes,False
103442450,METROPOLITAN NASHVILLE POLICE DEPT,20220508211,Davidson,Nashville,10/8/2022 11:25:00 PM,2,1,0,36.152390,-86.786950,I 40,,,,0.00,,,,,,,209.40,N,Not at Intersection,N,Non-Junction,None,,,         ,Blake,Lutz,Clear,Front to Rear,no,no,no,no,no,False
103442451,METROPOLITAN NASHVILLE POLICE DEPT,20220508342,Davidson,Nashville,10/9/2022 12:04:00 AM,2,0,0,36.152340,-86.771580,4TH AVS,,,,0.00,,,ASH ST,,,,0.00,Y,T-Intersection, ,Intersection,None,,,         ,Blake,Lutz,Clear,Angle,no,no,no,no,no,False
103442454,METROPOLITAN NASHVILLE POLICE DEPT,20220508288,Davidson,Nashville,10/9/2022 12:24:00 AM,2,2,0,36.097420,-86.924870,OLD HICKORY BLVD,,,,0.00,Feet,East,RIDGELAKE PKWY,,,,0.00,N,Not at Intersection,N,Non-Junction,None,,,         ,Nicholaus,George,Clear,Other,no,no,no,no,no,False
103442455,METROPOLITAN NASHVILLE POLICE DEPT,20220508316,Davidson,Nashville,10/9/2022 12:56:00 AM,1,0,0,36.111540,-86.723240,I24 E EXT RAMP,,,,0.00,Feet,East,I 24,,,,0.00,N,Not at Intersection,N,Non-Junction,None,,,         ,Jerrod,Kalinsky,Clear,Not Collision with Motor Vehicle in Transport,no,no,no,no,no,False
103442456,METROPOLITAN NASHVILLE POLICE DEPT,20220508378,Davidson,Nashville,10/9/2022 12:45:00 AM,2,0,0,36.229380,-86.759280,BROADMOOR DR,,,,0.00,Feet,East,DICKERSON PKE,,,,0.00,N,Not at Intersection,N,Non-Junction,None,,,         ,Spencer,Arroyo,Clear,Front to Rear,no,no,no,no,yes,False
103442457,METROPOLITAN NASHVILLE POLICE DEPT,20220508112,Davidson,Nashville,10/8/2022 10:00:00 PM,1,0,0,36.172990,-86.734670,FATHERLAND ST,,,,0.00,Feet,East,RUSSELL ST,,,,0.00,N,Not at Intersection,N,Non-Junction,None,,,         ,Nicholas,Cochran,Clear,Not Collision with Motor Vehicle in Transport,no,no,no,no,no,False
103442468,METROPOLITAN NASHVILLE POLICE DEPT,20220508297,Davidson,Nashville,10/9/2022 12:23:00 AM,2,0,0,36.168030,-86.817620,JEFFERSON ST,,,,205.00,Feet,West,I40 W ENT RAMP,,,,0.00,N,Not at Intersection,N,Non-Junction,None,,,         ,Dakota,Davis,Clear,Angle,no,no,no,no,no,False
103442480,METROPOLITAN NASHVILLE POLICE DEPT,20220508274,Davidson,Nashville,10/9/2022 12:00:00 AM,7,1,0,36.175720,-86.771750,I 24,,,,0.00,,,,,,,48.00,N,Not at Intersection,N,Non-Junction,None,,,         ,laina,herod,Clear,Front to Rear,no,no,no,no,yes,False
103442490,METROPOLITAN NASHVILLE POLICE DEPT,20220508272,Davidson,Nashville,10/8/2022 10:00:00 PM,2,0,0,36.156010,-86.773960,4TH AVS,,,,0.00,,,PEABODY ST,,,,0.00,Y,T-Intersection, ,Intersection,None,,,         ,Courtney,Kirtley,Clear,Angle,no,no,no,no,no,False
103442491,METROPOLITAN NASHVILLE POLICE DEPT,20220508375,Davidson,Nashville,10/9/2022 1:50:00 AM,2,0,0,36.156900,-86.786740,BROADWAY,,,,303.00,Feet,East,12TH AVS,,,,0.00,N,Not at Intersection,N,Non-Junction,None,,,         ,Courtney,Kirtley,Clear,Angle,no,no,no,yes,yes,False
103442499,METROPOLITAN NASHVILLE POLICE DEPT,20220508478,Davidson,Nashville,10/9/2022 4:03:00 AM,1,0,0,36.029350,-86.719640,KINHAWK DR,,,,898.00,Feet,West,CELEBRATION WAY,,,,0.00,N,Not at Intersection,N,Non-Junction,None,,,         ,Dillon,Deleacaes,Clear,Not Collision with Motor Vehicle in Transport,no,no,no,no,no,False
103442524,METROPOLITAN NASHVILLE POLICE DEPT,1GNEC13Z52R1371,Davidson,Not in City Limit,10/9/2022 1:12:00 AM,1,3,0,36.290710,-86.809840,I 24,,,,0.00,,,,,,,39.40,N,Not at Intersection,N,Non-Junction,None,,,         ,Jose,Oliveros,Clear,Not Collision with Motor Vehicle in Transport,no,no,no,no,no,False
103442525,METROPOLITAN NASHVILLE POLICE DEPT,20220508436,Davidson,Nashville,10/9/2022 3:09:00 AM,2,1,0,36.243890,-86.756580,SKYLINE MEMORIAL CT,,,,0.00,,,DICKERSON PKE,,,,0.00,Y,Four-Way,N,Intersection,None,,,         ,Jean-Claude,Beaudu Jr.,Clear,Angle,no,no,no,no,no,False
103442531,METROPOLITAN NASHVILLE POLICE DEPT,20220508517,Davidson,Nashville,10/9/2022 4:00:00 AM,1,0,0,36.105170,-86.717530,I 24,,,,0.00,,,,,,,54.10,N,Not at Intersection,N,Non-Junction,None,,,         ,Phillip,Lovell,Clear,Not Collision with Motor Vehicle in Transport,no,no,no,no,no,False
103442533,METROPOLITAN NASHVILLE POLICE DEPT,20220508475,Davidson,Nashville,10/9/2022 3:53:00 AM,2,0,0,36.132730,-86.859300,NEARTOP DR,,,,250.00,Feet,North,BROOKWOOD PL,,,,0.00,N,Not at Intersection,N,Non-Junction,None,,,         ,Nicholas,Smith,Clear,Front to Rear,no,no,no,no,no,False
103442534,METROPOLITAN NASHVILLE POLICE DEPT,20220508527,Davidson,Nashville,10/9/2022 5:34:00 AM,1,1,0,36.162450,-86.781310,6TH AVN,,,,77.00,Feet,South,CHURCH ST,,,,0.00,N,Not at Intersection,N,"Driveway, Alley Access, etc",None,,,         ,Blake,Lutz,Clear,Not Collision with Motor Vehicle in Transport,yes,no,no,yes,no,False
103442559,METROPOLITAN NASHVILLE POLICE DEPT,20220508524,Davidson,Nashville,10/9/2022 5:15:00 AM,2,1,0,36.059960,-86.672110,BLUE HOLE RD,,,,0.00,,,ANTIOCH PKE,,,,0.00,Y,T-Intersection,N,Intersection-Related,None,,,         ,Eric,Laury,Clear,Angle,no,no,no,no,yes,False
103442561,METROPOLITAN NASHVILLE POLICE DEPT,20220508519,Davidson,Nashville,10/9/2022 12:00:00 AM,2,1,0,36.142850,-86.822490,I 440 W,,,,0.00,,,,,,,0.00,,,N,Non-Junction,None,,,         ,Aaron,Brumley,Clear,Angle,no,no,no,no,yes,False
103442570,METROPOLITAN NASHVILLE POLICE DEPT,20220508454,Davidson,Nashville,10/9/2022 12:00:00 AM,2,1,0,36.049980,-86.649500,BELL RD,,,,0.00,Feet,,MT VIEW RD,,,,0.00,Y,Four-Way,N,Intersection,None,,,         ,Jack,Burke,Clear,Front to Rear,no,no,no,no,no,False
103442581,METROPOLITAN NASHVILLE POLICE DEPT,20220508160,Davidson,Nashville,10/8/2022 12:00:00 AM,2,0,0,36.184510,-86.768050,MERIDIAN ST,,,,0.00,,,,,,,0.00,,,N,OtherLocation,None,,,         ,laina,herod,Clear,Other,no,no,no,no,yes,False
103442586,METROPOLITAN NASHVILLE POLICE DEPT,20220508558,Davidson,Nashville,10/9/2022 6:05:00 AM,2,0,0,36.256150,-86.738330,I 65,,,,0.00,,,,,,,91.65,N,Not at Intersection,N,Non-Junction,None,,,         ,Nicholas,Carter,Clear,Front to Rear,no,no,no,no,no,False
103442661,METROPOLITAN NASHVILLE POLICE DEPT,20220508651,Davidson,Nashville,10/9/2022 7:00:00 AM,2,0,0,36.164700,-86.688480,BRILEY PKWY N EXT RAMP,,,,0.00,Feet,East,BRILEY PKWYN,,,,0.00,N,Not at Intersection,N,Non-Junction,None,,,         ,Mitchell,Tolzmann,Clear,"Sideswipe, Same Direction",no,no,no,no,no,False
103442671,METROPOLITAN NASHVILLE POLICE DEPT,20220508776,Davidson,Nashville,10/9/2022 10:04:00 AM,2,0,0,36.142390,-86.735090,I 40,,,,0.00,,,,,,,212.60,N,Not at Intersection, ,Non-Junction,None,,,         ,Brian,Ritz,Clear,"Sideswipe, Same Direction",no,no,no,no,no,False
103442672,METROPOLITAN NASHVILLE POLICE DEPT,20220508723,Davidson,Nashville,10/9/2022 9:30:00 AM,2,0,0,36.217080,-86.696380,OPRYLAND DR,,,,0.00,,East,MUSIC VALLEY DR,,,,0.00,N,Not at Intersection, ,Non-Junction,None,,,         ,Jacob,Masteller,Clear,Angle,no,no,no,no,no,False
103442685,METROPOLITAN NASHVILLE POLICE DEPT,20220508836,Davidson,Nashville,10/9/2022 10:40:00 AM,1,1,0,36.250610,-86.843690,DRY FORK RD,,,,658.00,Feet,East,VESTER RD,,,,0.00,N,Not at Intersection,N,Non-Junction,None,,,         ,Chase,Harriman,Clear,Not Collision with Motor Vehicle in Transport,no,no,no,no,no,False
103442692,METROPOLITAN NASHVILLE POLICE DEPT,20220508657,Davidson,Nashville,10/8/2022 5:00:00 PM,2,0,0,36.065470,-86.687760,VILLAS OF BAVARIA PVTDR,,,,422.00,Feet,North,APACHE TRL,,,,0.00,N,Not at Intersection, ,Non-Junction,None,,,         ,Lisa,Vidrios,Clear,Unknown,no,no,no,yes,yes,False
103442698,METROPOLITAN NASHVILLE POLICE DEPT,20220508865,Davidson,Nashville,10/9/2022 11:18:00 AM,2,1,0,36.219720,-86.597600,WINDSOR CHASE WAY,,,,0.00,,,ANDREW JACKSON PKWY,,,,0.00,Y,T-Intersection,N,Intersection,None,,,         ,Jacob,Masteller,Clear,Angle,no,no,no,no,no,False
103442723,METROPOLITAN NASHVILLE POLICE DEPT,20220508832,Davidson,Nashville,10/9/2022 9:11:00 AM,2,1,0,36.147300,-86.757920,LAFAYETTE ST,,,,0.00,,,FAIRFIELD AV,,,,0.00,Y,Four-Way,N,Intersection,None,,,         ,Kaitlyn,Qualls,Clear,HeadOn,no,no,no,no,no,False
103442734,METROPOLITAN NASHVILLE POLICE DEPT,20220508855,Davidson,Nashville,10/9/2022 11:20:00 AM,2,0,0,36.187920,-86.798480,ROSA L PARKS BLVD,,,,0.00,Feet,West,DOMINICAN DR,,,,0.00,N,Not at Intersection, ,Non-Junction,None,,,         ,Sean,Herman,Clear,"Sideswipe, Same Direction",no,no,no,no,no,False
103442738,METROPOLITAN NASHVILLE POLICE DEPT,20220508893,Davidson,Nashville,10/9/2022 11:50:00 AM,2,1,0,36.154270,-86.792890,16TH AVS,,,,0.00,Feet,,BROADWAY,,,,0.00,Y,Four-Way,N,Intersection-Related,None,,,         ,Sekou,Samassi,Clear,Angle,no,no,no,no,no,False
103442789,METROPOLITAN NASHVILLE POLICE DEPT,20220508868,Davidson,Nashville,10/9/2022 11:25:00 AM,3,0,0,36.167100,-86.779580,3RD AVN,,,,19.00,Feet,South,JAMES ROBERTSON PKWY,,,,0.00,N,Not at Intersection,N,OtherLocation,None,,,         ,Cory,Fetner,Clear,"Sideswipe, Opposite Direction",no,no,no,no,no,False
103442803,METROPOLITAN NASHVILLE POLICE DEPT,20220508858,Davidson,Nashville,10/9/2022 11:17:00 AM,2,2,0,36.152240,-86.625070,BLACKWOOD DR,,,,0.00,,,STEWARTS FERRY PKE,,,,0.00,Y,Four-Way,N,Intersection,None,,,         ,Dillon,Hanna,Clear,Angle,no,no,no,no,no,False
103442810,TENNESSEE STATE UNIVERSITY ,22-TSU-31643,Davidson,Nashville,10/7/2022 12:00:00 AM,2,0,0,36.164010,-86.832170,CLARE AV,,,,0.00,,,,,,,0.00,,Not at Intersection,N,Non-Junction,None,,,         ,Riley,Feest-Woodruff,Clear,Unknown,no,no,no,yes,yes,False
103442856,METROPOLITAN NASHVILLE POLICE DEPT,20220508881,Davidson,Nashville,10/9/2022 12:00:00 AM,2,1,0,36.153610,-86.771100,3RD AVS,,,,39.00,Feet,South,ELM ST,,,,0.00,N,Not at Intersection,N,Non-Junction,None,,,         ,Maria,Reynolds,Clear,Angle,no,no,no,no,no,False
103442869,METROPOLITAN NASHVILLE POLICE DEPT,20220508955,Davidson,Nashville,10/9/2022 1:10:00 PM,2,1,0,36.186830,-86.795470,I 65,,,,0.00,,,,,,,85.35,N,Not at Intersection,N,Non-Junction,None,,,         ,Judah,Parker,Clear,Front to Rear,no,no,no,no,yes,False
103442901,METROPOLITAN NASHVILLE POLICE DEPT,20220508917,Davidson,Nashville,10/9/2022 12:20:00 PM,2,1,0,36.179940,-86.824350,ED TEMPLE BLVD,,,,368.00,Feet,South,BUCHANAN ST,,,,0.00,N,Not at Intersection,N,Non-Junction,None,,,         ,Alexandra,Wall,Clear,Angle,no,no,no,no,no,False
103442902,METROPOLITAN NASHVILLE POLICE DEPT,20220509036,Davidson,Nashville,10/9/2022 1:50:00 PM,2,1,0,36.090480,-86.626290,BELL RD,,,,81.00,Feet,East,SMITH SPRINGS RD,,,,0.00,N,Not at Intersection,N,Non-Junction,None,,,         ,Kaitlyn,Qualls,Clear,Front to Rear,no,no,no,no,no,False
103442932,GOODLETTSVILLE POLICE DEPT,22-30978,Davidson,Goodlettsville,10/9/2022 1:13:00 PM,3,1,0,36.296580,-86.714950,I 65,,,,0.00,,,,,,,94.85,N,Not at Intersection,N,Non-Junction,None,,,         ,Rico,Jones,Clear,"Sideswipe, Same Direction",no,no,no,no,no,False
103442939,METROPOLITAN NASHVILLE POLICE DEPT,20220509010,Davidson,Nashville,10/9/2022 1:55:00 PM,2,0,0,36.206390,-86.776490,I 65,,,,0.00,,,,,,,87.30,N,Not at Intersection, ,Non-Junction,None,,,         ,Judah,Parker,Clear,Front to Rear,no,no,no,no,yes,False
103442959,METROPOLITAN NASHVILLE POLICE DEPT,20220508937,Davidson,Nashville,10/9/2022 12:36:00 PM,2,1,0,36.051420,-86.714680,OCALA DR,,,,102.00,Feet,West,NOLENSVILLE PKE,,,,0.00,N,Not at Intersection,N,Non-Junction,None,,,         ,Sekou,Samassi,Clear,HeadOn,no,no,no,no,yes,False
103442975,METROPOLITAN NASHVILLE POLICE DEPT,20220509046,Davidson,Nashville,10/9/2022 10:00:00 AM,2,0,0,36.153090,-86.764040,CARROLL ST,,,,0.00,,,UNIVERSITY CT,,,,0.00,Y,T-Intersection, ,Intersection,None,,,         ,Brian,Ritz,Clear,Angle,no,no,no,no,yes,False
103442980,METROPOLITAN NASHVILLE POLICE DEPT,20220508986,Davidson,Nashville,10/9/2022 1:36:00 PM,3,0,0,36.049830,-86.667000,I 24,,,,0.00,,,,,,,58.85,N,Not at Intersection, ,Entrance/Exit Ramp Related,None,,,         ,Lisa,Vidrios,Clear,Front to Rear,no,no,no,no,yes,False
103442985,GOODLETTSVILLE POLICE DEPT,22-30976,Davidson,Goodlettsville,10/9/2022 1:07:00 PM,2,0,0,36.305560,-86.706630,I 65,,,,0.00,,,,,,,95.60,N,Not at Intersection, ,Non-Junction,None,,,         ,Daniel,Knalls,Clear,Front to Rear,no,no,no,no,no,False
103442986,GOODLETTSVILLE POLICE DEPT,22-30981,Davidson,Goodlettsville,10/9/2022 2:22:00 PM,1,1,0,36.292380,-86.733730,CAMPBELL RD,,,,0.00,,,DICKERSON PKES,,,,0.00,Y,Four-Way,N,Intersection,None,,,         ,Daniel,Knalls,Clear,Not Collision with Motor Vehicle in Transport,no,no,no,no,no,False
103442999,METROPOLITAN NASHVILLE POLICE DEPT,20220509065,Davidson,Old Hickory,10/9/2022 12:00:00 AM,2,0,0,36.259140,-86.649600,12TH ST,,,,21.00,Feet,East,ELLISTON ST,,,,0.00,N,Not at Intersection,N,Non-Junction,None,,,         ,Keenan,McCann,Clear,Angle,no,no,no,no,no,False