master_record_number,agency,agency_tracking_number,county,city,collision_date,vehicles_involved,number_injured,number_dead,latitude,longitude,roadway_name,roadway_suffix,roadway_number,roadway_local_id,distance_from_reference,miles-feet_indicator,direction_from_reference,intersection_road_name,intersection_road_name_suffix,intersection_road_number,intersection_local_id,mile_marker,intersection_indicator,intersect_type,interchange_related_indicator,relation_to_junction,work_zone_type,construction_maintenance_zone,construction_maintenance_zone_location,fatal_case_number,officer_first_name,officer_last_name,weather_condition(s),manner_of_crash,pedestrian,bicycle,scooter,parking,hitrun,mou
103445981,METROPOLITAN NASHVILLE POLICE DEPT,20220515002,Davidson,Antioch,10/12/2022 5:15:00 PM,2,1,0,36.022350,-86.616360,OLD HICKORY BLVD,,,,1764.00,Feet,North,OWEN DR,,,,0.00,N,Not at Intersection,N,Non-Junction,None,,,         ,Nadine,Klemenz,Rain,Front to Rear,no,no,no,no,no,False
103445984,METROPOLITAN NASHVILLE POLICE DEPT,20220514966,Davidson,Nashville,10/12/2022 4:26:00 PM,2,0,0,36.173590,-86.602150,CENTRAL PKE,,,,0.00,,,OLD HICKORY BLVD,,,,0.00,Y,Four-Way,N,Intersection,None,,,         ,Keith,Covert,Rain,"Sideswipe, Opposite Direction",no,no,no,no,yes,False
103445988,METROPOLITAN NASHVILLE POLICE DEPT,20220514994,Davidson,Nashville,10/12/2022 6:13:00 PM,2,0,0,36.153270,-86.769560,2ND AVS,,,,0.00,,,ASH ST,,,,0.00,Y,Four-Way, ,Non-Junction,None,,,         ,Trevor,Taylor,Cloudy,"Sideswipe, Same Direction",no,no,no,no,no,False
103445990,METROPOLITAN NASHVILLE POLICE DEPT,20220514882,Davidson,Nashville,10/12/2022 6:15:00 PM,2,0,0,36.103800,-86.766370,I 65,,,,0.00,,,,,,,79.35,N,Not at Intersection, ,,None,,,         ,Cory,Stratton,,,no,no,no,no,no,False
103445998,METROPOLITAN NASHVILLE POLICE DEPT,20220515039,Davidson,Nashville,10/12/2022 5:56:00 PM,2,0,0,36.246200,-86.761320,SKYLINE COMMONS PVTDR,,,,0.00,Feet,East,DOVERSIDE DR,,,,0.00,N,Not at Intersection,N,Non-Junction,None,,,         ,Joshua,Dodge,Cloudy,Unknown,no,no,no,yes,yes,False
103446010,METROPOLITAN NASHVILLE POLICE DEPT,20220514863,Davidson,Nashville,10/12/2022 6:00:00 PM,3,0,0,36.094660,-86.707080,I 24,,,,0.00,,,,,,,55.00,N,Not at Intersection,N,Non-Junction,None,,,         ,Megan,Arnett,Rain,Front to Rear,no,no,no,no,no,False
103446012,METROPOLITAN NASHVILLE POLICE DEPT,20220514991,Davidson,Nashville,10/12/2022 12:00:00 AM,1,0,0,36.168220,-86.606970,I40 E EXT RAMP,,,,0.00,Feet,East,I 40,,,,0.00,N,Not at Intersection, ,,None,,,         ,Keenan,McCann,,,no,no,no,no,no,False
103446016,METROPOLITAN NASHVILLE POLICE DEPT,20220515076,Davidson,Nashville,10/12/2022 8:05:00 PM,1,0,0,36.080950,-86.698170,LINBAR DR,,,,854.00,Feet,West,LUNA DR,,,,0.00,N,Not at Intersection,N,Non-Junction,None,,,         ,Gary,Anderson,Clear,Not Collision with Motor Vehicle in Transport,no,no,no,no,yes,False
103446022,METROPOLITAN NASHVILLE POLICE DEPT,20220515070,Davidson,Nashville,10/12/2022 9:04:00 PM,2,0,0,36.074130,-86.922360,HIGHWAY 70S,,,,113.00,Feet,West,OLD HARDING PKE,,,,0.00,N,Not at Intersection, ,Non-Junction,None,,,         ,Jared,Dick,Rain,Front to Rear,no,no,no,yes,yes,False
103446033,BELLE MEADE POLICE DEPT,22-0249,Davidson,Belle Meade,10/12/2022 6:23:00 PM,2,0,0,36.122320,-86.851300,LYNNWOOD BLVD,,,,0.00,,,US HWY 70S,,,,0.00,Y,Four-Way,Y,Intersection,None,,,         ,Hayley,Doty,Rain,Angle,no,no,no,no,no,False
103446034,THP District 3 - Nashville,322083884,Davidson,Nashville,10/8/2022 9:09:00 PM,2,0,0,36.074060,-86.692550,I 24,,,,0.00,,,,,,,56.65,N,Not at Intersection, ,Non-Junction,None,,,         ,Louis,Celaya,Clear,"Sideswipe, Same Direction",no,no,no,no,no,False
103446049,METROPOLITAN NASHVILLE POLICE DEPT,20220513828,Davidson,Nashville,10/12/2022 12:00:00 AM,3,2,0,36.154060,-86.758540,I40 E ENT RAMP,,,,0.00,,,I 40,,,,0.00,Y,Y-Intersection,N,Non-Junction,None,,,         ,Richard,Luellen,Cloudy,Front to Rear,no,no,no,no,yes,False
103446050,METROPOLITAN NASHVILLE POLICE DEPT,20220514983,Davidson,Nashville,10/12/2022 12:00:00 AM,2,0,0,36.145090,-86.740220,I 40,,,,0.00,,,,,,,212.30,N,Not at Intersection, ,Non-Junction,None,,,         ,Douglas,Mann,Rain,Front to Rear,no,no,no,no,yes,False
103446052,METROPOLITAN NASHVILLE POLICE DEPT,20220515088,Davidson,Nashville,10/12/2022 8:26:00 PM,2,0,0,36.151940,-86.849220,CHARLOTTE AV,,,,192.00,Feet,West,51ST AVN,,,,0.00,N,Not at Intersection,N,Non-Junction,None,,,         ,Robert,Crow,Cloudy,Front to Rear,no,no,no,no,no,False
103446053,METROPOLITAN NASHVILLE POLICE DEPT,20220515011,Davidson,Nashville,10/12/2022 12:00:00 AM,1,1,0,36.061420,-86.681080,I 24,,,,0.00,,,,,,,57.70,N,Not at Intersection,N,Non-Junction,None,,,         ,Taylor,Blackwelder,Rain,Unknown,no,no,no,no,yes,False
103446068,METROPOLITAN NASHVILLE POLICE DEPT,20220515101,Davidson,Nashville,10/12/2022 8:48:00 PM,2,0,0,36.163280,-86.826050,ALBION ST,,,,1.00,Feet,West,33RD AVN,,,,0.00,N,Not at Intersection, ,Non-Junction,None,,,         ,Michael,Esposito,Clear,Angle,no,no,no,no,yes,False
103446084,METROPOLITAN NASHVILLE POLICE DEPT,20220515185,Davidson,Nashville,10/12/2022 8:17:00 PM,1,0,0,36.072920,-86.645520,RICE RD,,,,499.00,Feet,East,EDGE O LAKE DR,,,,0.00,N,Not at Intersection,N,Non-Junction,None,,,         ,Megan,Arnett,Rain,Not Collision with Motor Vehicle in Transport,no,no,no,no,no,False
103446090,METROPOLITAN NASHVILLE POLICE DEPT,20220515046,Davidson,Nashville,10/12/2022 8:20:00 PM,2,1,0,36.223990,-86.774540,I 65,,,,0.00,,,,,,,88.50,N,Not at Intersection,N,Non-Junction,None,,,         ,Rachel,Susee,Cloudy,Front to Rear,no,no,no,no,no,False
103446095,METROPOLITAN NASHVILLE POLICE DEPT,20220514921,Davidson,Madison,10/12/2022 12:00:00 AM,2,1,0,36.283650,-86.706850,GALLATIN PKEN,,,,100.00,Feet,North,EDGEMEADE BLVD,,,,0.00,N,Not at Intersection,N,Non-Junction,None,,,         ,James,Kidd,Cloudy,Angle,no,no,no,no,yes,False
103446096,METROPOLITAN NASHVILLE POLICE DEPT,20220514938,Davidson,Nashville,10/12/2022 6:50:00 PM,3,1,0,36.206280,-86.773500,I65 N ENT RAMP,,,,0.00,,,W TRINITY LN,,,,0.00,Y,T-Intersection,N,Intersection-Related,None,,,         ,Ty,Cummings,"Cloudy, Rain",Angle,no,no,no,no,no,False
103446101,METROPOLITAN NASHVILLE POLICE DEPT,20220515200,Davidson,Nashville,10/12/2022 9:55:00 PM,2,0,0,36.078790,-86.837000,TYNE BLVD,,,,0.00,,,HILLSBORO PKE,,,,0.00,Y,Four-Way,N,Intersection,None,,,         ,Justin,McCormick,Clear,Front to Rear,no,no,no,no,yes,False
103446111,METROPOLITAN NASHVILLE POLICE DEPT,20220515218,Davidson,Nashville,10/12/2022 10:03:00 PM,4,1,0,36.188800,-86.628450,LEBANON PKE,,,,331.00,Feet,East,HICKORY HILL LN,,,,0.00,N,Not at Intersection,N,Non-Junction,None,,,         ,Ryan,Malone,Clear,Front to Rear,no,no,no,no,no,False
103446112,METROPOLITAN NASHVILLE POLICE DEPT,20220515274,Davidson,Nashville,10/12/2022 10:28:00 PM,1,0,0,36.203660,-86.739380,E TRINITY LN,,,,253.00,Feet,West,GALLATIN PKE,,,,0.00,N,Not at Intersection,N,Non-Junction,None,,,         ,Devyn,Hollinsworth,Clear,Not Collision with Motor Vehicle in Transport,no,no,no,yes,no,False
103446127,METROPOLITAN NASHVILLE POLICE DEPT,20220514936,Davidson,Nashville,10/12/2022 6:47:00 PM,4,0,0,36.092610,-86.627030,BAYVIEW DR,,,,517.00,Feet,South,OLD SMITH SPRINGS RD,,,,0.00,N,Not at Intersection,N,Non-Junction,None,,,         ,Phillip,Burke,Rain,"Sideswipe, Opposite Direction",no,no,no,no,no,False
103446128,METROPOLITAN NASHVILLE POLICE DEPT,20220515139,Davidson,Nashville,10/12/2022 9:23:00 PM,1,1,0,36.107140,-86.719470,I24 W EXT RAMP,,,,0.00,Feet,East,I 24,,,,0.00,N,Not at Intersection,Y,Entrance/Exit Ramp Related,None,,,         ,Autumn,Manning,Clear,Not Collision with Motor Vehicle in Transport,no,no,no,no,no,False
103446134,METROPOLITAN NASHVILLE POLICE DEPT,20220515277,Davidson,Nashville,10/12/2022 6:55:00 PM,2,1,0,36.232640,-86.781440,EWING LN,,,,0.00,,,BRICK CHURCH PKE,,,,0.00,Y,Four-Way,Y,Intersection,None,,,         ,Coleman,McKellar,Unknown,Angle,no,no,no,no,yes,False
103446135,METROPOLITAN NASHVILLE POLICE DEPT,20220515003,Davidson,Nashville,10/12/2022 5:20:00 PM,2,0,0,36.044520,-86.713160,NOLENSVILLE PKE,,,,101.00,Feet,North,BRENTWOOD EAST DR,,,,0.00,N,Not at Intersection,N,Non-Junction,None,,,         ,Jacob,Robbins,Rain,Angle,no,no,no,no,yes,False
103446138,METROPOLITAN NASHVILLE POLICE DEPT,20220514798,Davidson,Not in City Limit,10/12/2022 5:02:00 PM,2,0,0,36.321020,-86.850500,I 24,,,,0.00,,,,,,,36.00,N,Not at Intersection,N,Non-Junction,None,,,         ,Gabriel,Centeno,"Cloudy, Rain",Front to Rear,no,no,no,no,no,False
103446148,METROPOLITAN NASHVILLE POLICE DEPT,20220515464,Davidson,Nashville,10/12/2022 11:55:00 PM,3,0,0,36.125470,-86.909420,CHARLOTTE PKE,,,,312.00,Feet,South,LILLY VALLEY WAY,,,,0.00,N,Not at Intersection, ,Non-Junction,None,,,         ,Fady,Aziz,"Cloudy, Rain",Other,no,no,no,yes,no,False
103446162,METROPOLITAN NASHVILLE POLICE DEPT,20220515619,Davidson,Nashville,10/13/2022 2:15:00 AM,2,0,0,36.162420,-86.782850,7TH AVN,,,,126.00,Feet,North,CHURCH ST,,,,0.00,N,Not at Intersection,N,Non-Junction,None,,,         ,Tre,Marlowe,Clear,HeadOn,no,no,no,no,no,False
103446163,METROPOLITAN NASHVILLE POLICE DEPT,20220515591,Davidson,Nashville,10/13/2022 12:00:00 AM,2,0,0,36.168000,-86.765590,I24 W ENT RAMP,,,,0.00,Feet,East,I 24,,,,0.00,N,Not at Intersection,N,Non-Junction,None,,,         ,Antoine,Maghamez,Clear,Not Collision with Motor Vehicle in Transport,no,no,no,no,no,False
103446193,METROPOLITAN NASHVILLE POLICE DEPT,20220515734,Davidson,Nashville,10/13/2022 5:25:00 AM,1,1,0,36.171800,-86.886900,COCKRILL BEND BLVD,,,,0.00,,,TUNE AIRPORT DR,,,,0.00,Y,T-Intersection,N,Intersection,None,,,         ,Kyle,Lund,Cloudy,Not Collision with Motor Vehicle in Transport,no,no,no,no,no,False
103446210,METROPOLITAN NASHVILLE POLICE DEPT,20220515714,Davidson,Nashville,10/13/2022 5:56:00 AM,1,0,0,36.223760,-86.725930,MCMAHAN AV,,,,67.00,Feet,West,GALLATIN PKE,,,,0.00,N,Not at Intersection, ,OtherLocation,None,,,         ,Andrew,Ellis,Cloudy,Not Collision with Motor Vehicle in Transport,no,no,no,yes,no,False
103446238,METROPOLITAN NASHVILLE POLICE DEPT,20220515717,Davidson,Nashville,10/13/2022 12:00:00 AM,2,0,0,36.152440,-86.796380,US HWY 70S,,,,233.00,Feet,South,18TH AVE S,,,,0.00,N,Not at Intersection,N,Non-Junction,None,,,         ,Lynsey,Fish,Cloudy,Angle,no,no,no,no,no,False
103446257,BERRY HILL POLICE DEPT,22-2982,Davidson,Berry Hill,10/12/2022 12:00:00 AM,2,0,0,36.123210,-86.765540,BRANSFORD AV,,,,100.00,Feet,South,FESSEY PARK RD,,,,0.00,N,Not at Intersection,N,Non-Junction,None,,,         ,Monty,Sands,Clear,Front to Rear,no,no,no,no,no,False
103446258,METROPOLITAN NASHVILLE POLICE DEPT,20220515772,Davidson,Nashville,10/13/2022 3:00:00 AM,2,0,0,36.171600,-86.772220,MAIN ST,,,,0.00,,,,,,,0.00,,,N,Non-Junction,None,,,         ,Daniel,Russett,Clear,"Sideswipe, Same Direction",no,no,no,yes,yes,False
103446268,METROPOLITAN NASHVILLE POLICE DEPT,20220515803,Davidson,Nashville,10/13/2022 12:00:00 AM,2,0,0,36.219100,-86.774940,I 65,,,,0.00,,,,,,,88.20,N,Not at Intersection, ,Non-Junction,None,,,         ,Tristan,Krausman,Clear,Front to Rear,no,no,no,no,no,False
103446273,METROPOLITAN NASHVILLE POLICE DEPT,20220515812,Davidson,Nashville,10/13/2022 6:33:00 AM,2,0,0,36.142760,-86.683890,I 40,,,,0.00,,,,,,,215.60,N,Not at Intersection,N,Non-Junction,None,,,         ,Peabo,McAlmont,Clear,Front to Rear,no,no,no,no,no,False
103446281,METROPOLITAN NASHVILLE POLICE DEPT,20220515904,Davidson,Nashville,10/13/2022 7:49:00 AM,2,1,0,36.238590,-86.741200,BRILEY PKWYE,,,,20.00,Feet,East,ELLINGTON PKWYN,,,,0.00,N,Not at Intersection,N,Non-Junction,None,,,         ,Jarret,Sonnenberg,Clear,Front to Rear,no,no,no,no,no,False
103446286,METROPOLITAN NASHVILLE POLICE DEPT,20220515917,Davidson,Nashville,10/13/2022 7:51:00 AM,2,0,0,36.080410,-86.685610,FRANKLIN LIMESTONE RD,,,,29.00,Feet,East,ANTIOCH PKE,,,,0.00,N,Not at Intersection, ,,None,,,         ,John,Walden,,,no,no,no,no,no,False
103446358,METROPOLITAN NASHVILLE POLICE DEPT,20220516010,Davidson,Nashville,10/13/2022 8:55:00 AM,2,1,0,36.040900,-86.779380,STONE BROOK DR,,,,0.00,Feet,,OLD HICKORY BLVD,,,,0.00,Y,Four-Way,N,Intersection,None,,,         ,Richard,Gilbert,Clear,Angle,no,no,no,no,no,False
103446364,METROPOLITAN NASHVILLE POLICE DEPT,20220516023,Davidson,Nashville,10/13/2022 12:00:00 AM,2,0,0,36.137220,-86.812050,BELCOURT AV,,,,289.00,Feet,West,NATCHEZ TRC,,,,0.00,N,Not at Intersection,N,Non-Junction,None,,,         ,Earl,Davis,Cloudy,"Sideswipe, Opposite Direction",no,no,no,no,no,False
103446366,METROPOLITAN NASHVILLE POLICE DEPT,20220516100,Davidson,Nashville,10/13/2022 9:49:00 AM,3,0,0,36.159370,-86.818690,28TH AVN,,,,238.00,Feet,North,CLIFTON AV,,,,0.00,N,Not at Intersection,N,Non-Junction,None,,,         ,Ryan,Caulfield,Clear,Not Collision with Motor Vehicle in Transport,no,no,no,no,no,False
103446401,METROPOLITAN NASHVILLE POLICE DEPT,2022-0516172,Davidson,Nashville,10/13/2022 10:25:00 AM,2,0,0,36.232280,-86.624640,SHUTE LN,,,,28.00,Feet,East,OLD HICKORY BLVD,,,,0.00,N,Not at Intersection,N,Non-Junction,None,,,         ,Calvin,Graham,Clear,Angle,no,no,no,no,no,False
103446413,METROPOLITAN NASHVILLE POLICE DEPT,20220516031,Davidson,Nashville,10/13/2022 9:00:00 AM,1,0,0,36.055100,-86.742660,EDMONDSON PKE,,,,0.00,Feet,West,MCMURRAY DR,,,,0.00,N,Not at Intersection,N,Non-Junction,None,,,         ,Brian,Cavaliere,Clear,Not Collision with Motor Vehicle in Transport,no,no,no,no,no,False
103446422,METROPOLITAN NASHVILLE POLICE DEPT,20220515939,Davidson,Nashville,10/13/2022 7:45:00 AM,2,0,0,36.175070,-86.893960,COCKRILL BEND BLVD,,,,424.00,Feet,South,COCKRILL BEND CIR,,,,0.00,N,Not at Intersection,N,Non-Junction,None,,,         ,Cory,Bean,Clear,Angle,no,no,no,no,no,False
103446425,GOODLETTSVILLE POLICE DEPT,22-31364,Davidson,Goodlettsville,10/13/2022 11:03:00 AM,2,1,0,36.294710,-86.705990,ALTA LOMA RD,,,,225.00,Feet,West,GLEAVES ST,,,,0.00,N,Not at Intersection,N,Non-Junction,None,,,         ,Rico,Jones,Clear,Front to Rear,no,no,no,no,no,False
103446426,THP District 3 - Nashville,322084651,Davidson,Nashville,10/11/2022 3:33:00 PM,2,0,0,36.124000,-86.745640,I-440 E,,,,0.00,,,,,,,0.00,,Not at Intersection, ,Non-Junction,None,,,         ,Keith,Velez,Clear,Front to Rear,no,no,no,no,no,False
103446447,METROPOLITAN NASHVILLE POLICE DEPT,20220516268,Davidson,Nashville,10/13/2022 12:23:00 PM,2,0,0,36.164370,-86.767250,SYLVAN ST,,,,118.00,Feet,East,S 2ND ST,,,,0.00,N,Not at Intersection, ,Non-Junction,None,,,         ,Joshua,Hausman,Clear,Front to Rear,no,no,no,no,no,False
103446448,Metro Park Police,20220513911,Davidson,Nashville,10/12/2022 6:20:00 AM,1,0,0,36.228470,-86.823749,BUENA VISTA,PIKE,,,0.00,,,BUENAVIEW,BLVD,,,0.00,Y,T-Intersection, ,Non-Junction,None,,,         ,Brendan,Polick,Clear,Not Collision with Motor Vehicle in Transport,no,no,no,no,no,False
103446493,METROPOLITAN NASHVILLE POLICE DEPT,20220516321,Davidson,Nashville,10/13/2022 12:20:00 PM,2,1,0,36.141280,-86.877600,CHARLOTTE PKE,,,,196.00,Feet,East,CHARLOTTE ROAD CIR,,,,0.00,N,Not at Intersection,N,Non-Junction,None,,,         ,Hillary,Sherman,Clear,Front to Rear,no,no,no,no,no,False
103446506,METROPOLITAN NASHVILLE POLICE DEPT,20220516291,Davidson,Goodlettsville,10/13/2022 11:55:00 AM,1,1,0,36.293940,-86.696550,MYATT DR,,,,47.00,Feet,North,SPRING BRANCH DR,,,,0.00,N,Not at Intersection,N,Non-Junction,Maintenance Zone,Work On Shoulder Or Median,Activity Area,         ,Brian,Otto,Clear,Not Collision with Motor Vehicle in Transport,yes,no,no,no,no,False
103446514,METROPOLITAN NASHVILLE POLICE DEPT,20220516347,Davidson,Nashville,10/13/2022 12:20:00 PM,2,0,0,36.048880,-86.714860,HICKORYVIEW DR,,,,351.00,Feet,West,NOLENSVILLE PKE,,,,0.00,N,Not at Intersection, ,,None,,,         ,Brian,Cavaliere,,,no,no,no,yes,no,False
103446528,METROPOLITAN NASHVILLE POLICE DEPT,20220516397,Davidson,Nashville,10/13/2022 12:00:00 PM,2,0,0,36.144080,-86.789360,TREMONT AVE,,,,0.00,,,14TH AVE S,,,,0.00,Y,T-Intersection,N,Intersection-Related,None,,,         ,William,Hamblen,Clear,"Sideswipe, Same Direction",no,no,no,no,no,False
103446543,METROPOLITAN NASHVILLE POLICE DEPT,20220516400,Davidson,Nashville,10/13/2022 1:31:00 PM,1,1,0,36.110950,-86.771380,I 65,,,,0.00,,,,,,,79.85,N,Not at Intersection,N,Non-Junction,None,,,         ,Earl,Davis,Clear,Not Collision with Motor Vehicle in Transport,no,no,no,no,no,False
103446545,METROPOLITAN NASHVILLE POLICE DEPT,20220516348,Davidson,Nashville,10/13/2022 11:40:00 AM,2,0,0,36.125990,-86.712390,EAST THOMPSON LN,,,,365.00,Feet,East,LAWNDALE DR,,,,0.00,N,Not at Intersection, ,"Driveway, Alley Access, etc",None,,,         ,Todd,Watson,Clear,Angle,no,no,no,no,no,False
103446579,METROPOLITAN NASHVILLE POLICE DEPT,20220515022,Davidson,Nashville,10/12/2022 8:00:00 PM,2,0,0,36.077430,-86.657900,PICCADILLY ROW,,,,4.00,Feet,North,UNA ANTIOCH PKE,,,,0.00,N,Not at Intersection, ,Unknown,None,,,         ,Edmond,Strickling,Rain,Front to Rear,no,no,no,no,no,False
103446580,METROPOLITAN NASHVILLE POLICE DEPT,20220516187,Davidson,Nashville,10/13/2022 10:50:00 AM,2,1,0,36.064910,-86.628260,HAMILTON CHURCH RD,,,,76.00,Feet,East,MURFREESBORO PKE,,,,0.00,N,Not at Intersection,N,Non-Junction,None,,,         ,Alma,Villa,Clear,Angle,no,no,no,no,no,False
103446581,METROPOLITAN NASHVILLE POLICE DEPT,20220515016,Davidson,Nashville,10/12/2022 7:10:00 PM,2,0,0,36.077430,-86.657900,PICCADILLY ROW,,,,4.00,Feet,North,UNA ANTIOCH PKE,,,,0.00,N,Not at Intersection,N,Unknown,None,,,         ,Edmond,Strickling,Rain,Front to Rear,no,no,no,no,no,False
103446612,METROPOLITAN NASHVILLE POLICE DEPT,20220516334,Davidson,Goodlettsville,10/13/2022 12:12:00 PM,3,0,0,36.299790,-86.696600,CUDE LN,,,,0.00,,,GALLATIN PKEN,,,,0.00,Y,Four-Way,N,Intersection,None,,,         ,Christopher,Littles,Clear,Angle,no,no,no,no,no,False
103446613,METROPOLITAN NASHVILLE POLICE DEPT,20220516401,Davidson,Nashville,10/13/2022 1:31:00 PM,2,0,1,36.252110,-86.757510,DICKERSON PKE,,,,239.00,Feet,North,MULBERRY DOWNS CIR,,,,0.00,N,Not at Intersection,N,Non-Junction,None,,,         ,Donald,Davidson,Clear,Front to Rear,no,no,no,no,no,False
103446628,METROPOLITAN NASHVILLE POLICE DEPT,20220516373,Davidson,Nashville,10/13/2022 1:16:00 PM,2,0,0,36.153010,-86.796000,18TH AVS,,,,0.00,Feet,,WEST END AV,,,,0.00,Y,Four-Way, ,Intersection,None,,,         ,Megan,Lamon,Clear,"Sideswipe, Same Direction",no,no,no,no,yes,False
103446649,METROPOLITAN NASHVILLE POLICE DEPT,20220516474,Davidson,Nashville,10/13/2022 2:32:00 PM,1,0,0,36.158900,-86.740310,OMOHUNDRO PL,,,,0.00,,,VISCO DR,,,,0.00,Y,T-Intersection, ,Intersection-Related,None,,,         ,Cameron,Fritschie,Clear,Not Collision with Motor Vehicle in Transport,no,no,no,no,no,False
103446682,METROPOLITAN NASHVILLE POLICE DEPT,20220516458,Davidson,Nashville,10/13/2022 2:06:00 PM,2,0,0,36.089660,-86.790820,LEALAND LN,,,,442.00,Feet,South,MILESDALE DR,,,,0.00,N,Not at Intersection,N,Non-Junction,None,,,         ,Richard,Gilbert,Clear,Angle,no,no,no,no,no,False
103446685,METROPOLITAN NASHVILLE POLICE DEPT,20220516259,Davidson,Nashville,10/13/2022 11:31:00 AM,4,1,0,36.088670,-86.693190,ANTIOCH PKE,,,,300.00,Feet,South,CANDY LN,,,,0.00,N,Not at Intersection,N,Non-Junction,None,,,         ,Darrin,Hardin,Clear,Angle,no,no,no,no,yes,False
103446696,METROPOLITAN NASHVILLE POLICE DEPT,2022-0516358,Davidson,Nashville,10/13/2022 1:05:00 PM,2,0,0,36.153010,-86.796000,18TH AVS,,,,0.00,,,WEST END AV,,,,0.00,Y,Four-Way,N,Intersection,None,,,         ,Po,Cheng,Clear,Angle,no,no,no,no,no,False
103446711,METROPOLITAN NASHVILLE POLICE DEPT,20220516596,Davidson,Nashville,10/13/2022 3:30:00 PM,2,0,0,36.217450,-86.743450,HART LN,,,,0.00,,,BEN ALLEN RD,,,,0.00,Y,Four-Way,N,Intersection,None,,,         ,Justen,Ogle,Clear,Angle,no,no,no,no,no,False
103446720,BERRY HILL POLICE DEPT,22-2995,Davidson,Berry Hill,10/13/2022 12:00:00 AM,2,0,0,36.120860,-86.775280,FRANKLIN PKE,,,,189.00,Feet,South,KIRKWOOD AV,,,,0.00,N,Not at Intersection, ,Non-Junction,None,,,         ,John,Gleixner,Clear,Angle,no,no,no,no,yes,False
103446735,METROPOLITAN NASHVILLE POLICE DEPT,20220516555,Davidson,Nashville,10/13/2022 3:04:00 PM,2,0,0,36.115320,-86.778550,I65 ENT RAMP,,,,0.00,Feet,East,I 440,,,,0.00,N,Not at Intersection,N,Entrance/Exit Ramp Related,None,,,         ,Steven,Powers,Clear,Front to Rear,no,no,no,no,no,False
103446745,METROPOLITAN NASHVILLE POLICE DEPT,20220516618,Davidson,Nashville,10/13/2022 3:50:00 PM,2,1,0,36.161360,-86.799940,17TH AVN,,,,4.00,Feet,North,JO JOHNSTON AV,,,,0.00,N,Not at Intersection,N,Non-Junction,None,,,         ,Dylan,Ramos,Clear,Angle,no,no,no,no,no,False
103446746,METROPOLITAN NASHVILLE POLICE DEPT,20220516645,Davidson,Nashville,10/13/2022 12:00:00 AM,2,0,0,36.174240,-86.782920,2ND AVN,,,,63.00,Feet,South,JUNIOR GILLIAM WAY,,,,0.00,N,Not at Intersection, ,Non-Junction,None,,,         ,Douglas,Hart,Clear,"Sideswipe, Same Direction",no,no,no,no,no,False
103446749,METROPOLITAN NASHVILLE POLICE DEPT,20220516523,Davidson,Nashville,10/13/2022 3:05:00 PM,2,1,0,36.157050,-86.708980,LEBANON PKE,,,,0.00,,,OMOHUNDRO DR,,,,0.00,Y,T-Intersection,N,Intersection,None,,,         ,Patrick,Lancaster,Clear,"Sideswipe, Opposite Direction",no,no,no,no,no,False
103446752,METROPOLITAN NASHVILLE POLICE DEPT,20220516570,Davidson,Nashville,10/13/2022 12:00:00 AM,2,1,0,36.163100,-86.827250,34TH AVN,,,,0.00,Feet,East,ALBION ST,,,,0.00,N,Not at Intersection,N,Non-Junction,None,,,         ,Wallace,Seay III,Clear,Angle,no,no,no,no,no,False
103446753,METROPOLITAN NASHVILLE POLICE DEPT,20220516671,Davidson,Nashville,10/13/2022 4:25:00 PM,1,1,0,36.058410,-86.677950,I 24,,,,0.00,,,,,,,58.00,N,Not at Intersection,N,Non-Junction,None,,,         ,Gary,Anderson,Clear,Not Collision with Motor Vehicle in Transport,no,no,no,no,no,False
103446759,VANDERBILT UNIVERSITY POLICE,2022-0516518,Davidson,Nashville,10/13/2022 2:58:00 PM,2,0,0,36.139340,-86.803580,23RD AVS,,,,0.00,,,,,,,0.00,,, ,,None,,,         ,Yarrish,Hammons,,,no,no,no,yes,no,Campus
103446768,METROPOLITAN NASHVILLE POLICE DEPT,2022-0510307,Davidson,Nashville,10/10/2022 12:00:00 AM,2,1,0,36.143750,-86.730450,ARLINGTON AV,,,,0.00,Feet,East,ELM HILL PKE,,,,0.00,N,Not at Intersection,N,Non-Junction,None,,,         ,Frank,Walker,Clear,Angle,no,no,no,no,yes,False
103446772,METROPOLITAN NASHVILLE POLICE DEPT,20220516583,Davidson,Nashville,10/13/2022 3:30:00 PM,2,0,0,36.247490,-86.743270,I 65,,,,0.00,,,,,,,91.00,N,Not at Intersection, ,Non-Junction,None,,,         ,Michael,Enriquez,Clear,"Sideswipe, Same Direction",no,no,no,no,no,False
103446774,METROPOLITAN NASHVILLE POLICE DEPT,20220516692,Davidson,Nashville,10/13/2022 4:20:00 PM,2,1,0,36.046660,-86.654950,HICKORY HOLLOW PKWY,,,,111.00,Feet,North,HICKORY HOLLOW LN,,,,0.00,N,Not at Intersection,N,Non-Junction,None,,,         ,Nadine,Klemenz,Clear,Angle,no,no,no,no,no,False
103446776,METROPOLITAN NASHVILLE POLICE DEPT,20220516666,Davidson,Nashville,10/13/2022 4:30:00 PM,1,1,0,36.134260,-86.819680,,,I440,,1.00,Feet,West,,,,,1.00,N,Not at Intersection,N,Non-Junction,None,,,         ,Dakota,Davis,Clear,Not Collision with Motor Vehicle in Transport,no,no,no,no,no,False