master_record_number,agency,agency_tracking_number,county,city,collision_date,vehicles_involved,number_injured,number_dead,latitude,longitude,roadway_name,roadway_suffix,roadway_number,roadway_local_id,distance_from_reference,miles-feet_indicator,direction_from_reference,intersection_road_name,intersection_road_name_suffix,intersection_road_number,intersection_local_id,mile_marker,intersection_indicator,intersect_type,interchange_related_indicator,relation_to_junction,work_zone_type,construction_maintenance_zone,construction_maintenance_zone_location,fatal_case_number,officer_first_name,officer_last_name,weather_condition(s),manner_of_crash,pedestrian,bicycle,scooter,parking,hitrun,mou
103448992,METROPOLITAN NASHVILLE POLICE DEPT,20220520010,Davidson,Nashville,10/15/2022 5:50:00 PM,1,0,0,36.048700,-86.665040,I 24,,,,0.00,,,,,,,59.00,N,Not at Intersection,N,Non-Junction,None,,,         ,Jennifer,Liquori,Clear,Not Collision with Motor Vehicle in Transport,no,no,no,no,yes,False
103448996,METROPOLITAN NASHVILLE POLICE DEPT,20220520237,Davidson,Nashville,10/15/2022 9:10:00 PM,2,0,0,36.171750,-86.752290,S 10TH ST,,,,155.00,Feet,North,SHELBY AV,,,,0.00,N,Not at Intersection, ,Non-Junction,None,,,         ,Nicholas,Cochran,Clear,Rear to Rear,no,no,no,yes,no,False
103449000,METROPOLITAN NASHVILLE POLICE DEPT,20220520263,Davidson,Nashville,10/15/2022 2:00:00 AM,2,0,0,36.152320,-86.760620,CLAIBORNE ST,,,,129.00,Feet,North,FAIN ST,,,,0.00,N,Not at Intersection, ,Non-Junction,None,,,         ,Timothy,Lehnert,Clear,"Sideswipe, Opposite Direction",no,no,no,no,yes,False
103449020,METROPOLITAN NASHVILLE POLICE DEPT,20220520201,Davidson,Nashville,10/15/2022 9:00:00 PM,2,1,0,36.256190,-86.714390,NEELYS BEND RD,,,,0.00,,,GALLATIN PKES,,,,0.00,Y,Four-Way,N,Intersection,None,,,         ,Kaleigh,Pearce,Clear,Angle,no,no,no,no,no,False
103449044,METROPOLITAN NASHVILLE POLICE DEPT,20220520125,Davidson,Nashville,10/15/2022 7:40:00 PM,2,1,0,36.042270,-86.653490,I 24,,,,0.00,,,,,,,59.75,N,Not at Intersection,N,Non-Junction,None,,,         ,Alan,Wynkoop,Clear,Front to Rear,no,no,no,no,no,False
103449056,METROPOLITAN NASHVILLE POLICE DEPT,20220519970,Davidson,Antioch,10/15/2022 4:50:00 PM,2,1,0,36.026570,-86.588510,MURFREESBORO PKE,,,,65.00,Feet,North,HICKORY WOODS DR,,,,0.00,N,Not at Intersection,N,Non-Junction,None,,,         ,Michael,Hones,Clear,Angle,no,no,no,no,no,False
103449072,METROPOLITAN NASHVILLE POLICE DEPT,20220520292,Davidson,Not in City Limit,10/15/2022 9:50:00 PM,2,0,0,36.264210,-86.735020,OLD HICKORY BLVDW,,,,50.00,Feet,East,BOYDS HILLTOP DR,,,,0.00,N,Not at Intersection, ,,None,,,         ,Matthew,Herod,,,no,no,no,no,no,False
103449084,METROPOLITAN NASHVILLE POLICE DEPT,20220520223,Davidson,Nashville,10/15/2022 9:23:00 PM,2,1,0,36.152120,-86.772230,LAFAYETTE ST,,,,0.00,Feet,,ASH ST,,,,0.00,Y,Four-Way,N,Intersection,None,,,         ,Mena,Mahros,Clear,Angle,no,no,no,no,no,False
103449091,METROPOLITAN NASHVILLE POLICE DEPT,20220520274,Davidson,Nashville,10/15/2022 12:00:00 AM,3,0,0,36.041690,-86.665990,ARBOR RIDGE DR,,,,0.00,Feet,East,ARBOR KNOLL BLVD,,,,0.00,N,Not at Intersection,N,Non-Junction,None,,,         ,Kristopher,Sharpe,Unknown,Angle,no,no,no,yes,yes,False
103449092,METROPOLITAN NASHVILLE POLICE DEPT,20220520071,Davidson,Not in City Limit,10/15/2022 6:20:00 PM,2,0,0,36.077840,-86.951160,HIGHWAY 70S,,,,276.00,Feet,South,BELLEVUE CTR PVTDR,,,,0.00,N,Not at Intersection, ,Non-Junction,None,,,         ,Cameron,Van Der Merwe,Clear,"Sideswipe, Opposite Direction",no,no,no,no,no,False
103449096,METROPOLITAN NASHVILLE POLICE DEPT,20220519830,Davidson,Nashville,10/15/2022 7:50:00 PM,2,0,0,36.187730,-86.794390,3RD AVN,,,,27.00,Feet,West,DOMINICAN DR,,,,0.00,N,Not at Intersection, ,Non-Junction,None,,,         ,Michael,Esposito,Clear,Front to Rear,no,no,no,no,yes,False
103449103,METROPOLITAN NASHVILLE POLICE DEPT,20220520193,Davidson,Madison,10/15/2022 12:00:00 AM,2,1,0,36.286790,-86.705490,W MONTICELLO AV,,,,14.00,Feet,West,GALLATIN PKEN,,,,0.00,N,Not at Intersection,N,Non-Junction,None,,,         ,James,Kidd,Clear,Angle,no,no,no,no,no,False
103449121,METROPOLITAN NASHVILLE POLICE DEPT,20220520148,Davidson,Nashville,10/15/2022 8:09:00 PM,2,1,0,36.151860,-86.851190,CHARLOTTE AV,,,,0.00,,,53RD AVN,,,,0.00,Y,Four-Way,N,Intersection-Related,None,,,         ,Robert,Higgins,Clear,Front to Rear,no,no,no,no,no,False
103449122,METROPOLITAN NASHVILLE POLICE DEPT,20220520376,Davidson,Nashville,10/15/2022 11:08:00 PM,2,0,0,36.090160,-86.920880,OLD HICKORY BLVD,,,,0.00,,,THE RESERVE PVTDR,,,,0.00,Y,T-Intersection,N,Intersection-Related,None,,,         ,Robert,Higgins,Clear,Front to Rear,no,no,no,no,no,False
103449129,METROPOLITAN NASHVILLE POLICE DEPT,20220514759,Davidson,Nashville,10/12/2022 4:35:00 PM,2,1,0,36.103960,-86.869380,HARDING PKE,,,,96.00,Feet,North,POST RD,,,,0.00,N,Not at Intersection,N,Non-Junction,None,,,         ,Tristen,Mayfield,Rain,Front to Rear,no,no,no,no,no,False
103449134,METROPOLITAN NASHVILLE POLICE DEPT,20220520452,Davidson,Nashville,10/15/2022 11:38:00 PM,2,2,0,36.083880,-86.706760,HARDING PL,,,,258.00,Feet,North,LARGO DR,,,,0.00,N,Not at Intersection,N,Non-Junction,None,,,         ,Corey,Schulz,Clear,Front to Rear,no,no,no,no,no,False
103449143,METROPOLITAN NASHVILLE POLICE DEPT,20220520432,Davidson,Nashville,10/15/2022 10:38:00 PM,3,5,0,36.083650,-86.647220,MURFREESBORO PKE,,,,0.00,Feet,East,BROOKSBORO PL,,,,0.00,N,Not at Intersection,N,Non-Junction,None,,,         ,Charis,Holland,Clear,Angle,no,no,no,no,yes,False
103449144,METROPOLITAN NASHVILLE POLICE DEPT,20220520282,Davidson,Nashville,10/15/2022 10:00:00 PM,2,0,0,36.215400,-86.588510,TULIP GROVE RD,,,,0.00,,,BIG HORN DR,,,,0.00,Y,Y-Intersection,N,Non-Junction,None,,,         ,Bryan,Malone,Clear,HeadOn,no,no,no,no,yes,False
103449148,METROPOLITAN NASHVILLE POLICE DEPT,20220520117,Davidson,Nashville,10/15/2022 7:11:00 PM,2,0,0,36.140560,-86.720360,I 40,,,,0.00,,,,,,,213.40,N,Not at Intersection, ,Non-Junction,None,,,         ,Charis,Holland,Clear,"Sideswipe, Same Direction",no,no,no,no,no,False
103449156,METROPOLITAN NASHVILLE POLICE DEPT,20220520218,Davidson,Nashville,10/15/2022 7:30:00 PM,2,0,0,36.212510,-86.720870,STRATFORD AV,,,,338.00,Feet,South,KENNEDY AV,,,,0.00,N,Not at Intersection,N,Non-Junction,None,,,         ,Jordan,Knight,Clear,"Sideswipe, Opposite Direction",no,no,no,no,no,False
103449158,METROPOLITAN NASHVILLE POLICE DEPT,20220520224,Davidson,Nashville,10/15/2022 7:51:00 PM,2,0,0,36.187990,-86.775370,I 24,,,,0.00,,,,,,,47.00,N,Not at Intersection,N,Non-Junction,None,,,         ,Vincent,McCrary,Clear,Front to Rear,no,no,no,no,yes,False
103449165,METROPOLITAN NASHVILLE POLICE DEPT,20220520585,Davidson,Nashville,10/16/2022 1:32:00 AM,2,3,0,36.160510,-86.801870,DR D B TODD JR BLVD,,,,0.00,,,JO JOHNSTON AV,,,,0.00,Y,Four-Way,N,Intersection,None,,,         ,Martin,Brown,Clear,HeadOn,no,no,no,no,no,False
103449166,METROPOLITAN NASHVILLE POLICE DEPT,20220520627,Davidson,Nashville,10/16/2022 1:53:00 AM,1,0,0,36.061170,-86.624500,MURFREESBORO PKE,,,,1488.00,Feet,West,HAMILTON GLEN PL,,,,0.00,N,Not at Intersection, ,Non-Junction,None,,,         ,Joshua,Zambrano-Vera,Clear,Not Collision with Motor Vehicle in Transport,no,no,no,no,no,False
103449175,METROPOLITAN NASHVILLE POLICE DEPT,20220520099,Davidson,Not in City Limit,10/15/2022 7:26:00 PM,3,0,0,36.283390,-86.706970,OLD DRY CREEK RD,,,,3.00,Feet,West,EDGEMEADE BLVD,,,,0.00,N,Not at Intersection, ,Non-Junction,None,,,         ,Jacob,Frederick,Clear,Front to Rear,no,no,no,no,no,False
103449180,METROPOLITAN NASHVILLE POLICE DEPT,20220520654,Davidson,Nashville,10/16/2022 1:40:00 AM,1,0,0,36.221900,-86.590460,CASCADE DR,,,,176.00,Feet,South,SHASTA DR,,,,0.00,N,Not at Intersection, ,Non-Junction,None,,,         ,Bryan,Malone,Clear,Not Collision with Motor Vehicle in Transport,no,no,no,no,no,False
103449185,METROPOLITAN NASHVILLE POLICE DEPT,20220520614,Davidson,Nashville,10/16/2022 1:53:00 AM,1,2,0,36.064800,-86.628480,HAMILTON CHURCH RD,,,,1.00,Feet,East,MURFREESBORO PKE,,,,0.00,N,Not at Intersection,N,Non-Junction,None,,,         ,Amanda,Hanna,Clear,Unknown,no,no,no,no,no,False
103449190,METROPOLITAN NASHVILLE POLICE DEPT,20220520657,Davidson,Nashville,10/16/2022 3:07:00 AM,2,1,0,36.047320,-86.713500,NOLENSVILLE PKE,,,,539.00,Feet,South,HICKORYVIEW DR,,,,0.00,N,Not at Intersection,N,Non-Junction,None,,,         ,Jason,Lyons,Clear,HeadOn,no,no,no,no,no,False
103449191,METROPOLITAN NASHVILLE POLICE DEPT,20220520680,Davidson,Not in City Limit,10/16/2022 12:00:00 AM,1,0,0,36.340040,-86.917310,I 24,,,,0.00,,,,,,,32.00,N,Not at Intersection,N,Non-Junction,None,,,         ,Burton,Beeson,Clear,Unknown,no,no,no,no,yes,False
103449192,METROPOLITAN NASHVILLE POLICE DEPT,20220520589,Davidson,Nashville,10/16/2022 1:35:00 AM,1,1,0,36.073240,-86.635710,BELL RD,,,,519.00,Feet,North,MURFREESBORO PKE,,,,0.00,N,Not at Intersection,N,Non-Junction,None,,,         ,Jacob,Yore,Clear,Not Collision with Motor Vehicle in Transport,yes,no,no,no,yes,False
103449197,METROPOLITAN NASHVILLE POLICE DEPT,20220520607,Davidson,Nashville,10/16/2022 12:00:00 AM,1,1,0,36.072580,-86.646360,RICE RD,,,,167.00,Feet,East,EDGE O LAKE DR,,,,0.00,N,Not at Intersection,N,OtherLocation,None,,,         ,Jayla,Johnson,Clear,Not Collision with Motor Vehicle in Transport,no,no,no,yes,no,False
103449225,METROPOLITAN NASHVILLE POLICE DEPT,20220520736,Davidson,Nashville,10/16/2022 5:18:00 AM,1,0,0,36.168360,-86.656860,MUNN RD,,,,3.00,Feet,North,STEWARTS FERRY PKE,,,,0.00,N,Not at Intersection,N,Non-Junction,None,,,         ,Bryan,Malone,Clear,Not Collision with Motor Vehicle in Transport,no,no,no,no,no,False
103449228,METROPOLITAN NASHVILLE POLICE DEPT,20220520639,Davidson,Nashville,10/16/2022 2:30:00 AM,2,1,0,36.073750,-86.622310,ANDERSON RD,,,,0.00,,,CEDARCLIFF RD,,,,0.00,Y,Four-Way,N,Intersection,None,,,         ,Jacob,Yore,Clear,Angle,no,no,no,no,yes,False
103449230,METROPOLITAN NASHVILLE POLICE DEPT,20220520736,Davidson,Nashville,10/16/2022 12:30:00 AM,2,0,0,36.169610,-86.605160,I40 W ENT RAMP,,,,0.00,Feet,East,I 40,,,,0.00,N,Not at Intersection, ,Non-Junction,None,,,         ,Patrick,Deau,Clear,"Sideswipe, Same Direction",no,no,no,no,yes,False
103449246,METROPOLITAN NASHVILLE POLICE DEPT,20220520579,Davidson,Nashville,10/16/2022 12:00:00 AM,2,0,0,36.045260,-86.717040,OLD HICKORY BLVD,,,,0.00,Feet,West,HICKORY PLZ,,,,0.00,N,Not at Intersection,Y,Non-Junction,None,,,         ,Aaron,Brumley,Clear,Angle,no,no,no,no,no,False
103449249,METROPOLITAN NASHVILLE POLICE DEPT,20220520618,Davidson,Nashville,10/16/2022 2:06:00 AM,2,0,0,36.206270,-86.773480,W TRINITY LN,,,,0.00,,,I65 N ENT RAMP,,,,0.00,Y,Four-Way,N,Non-Junction,None,,,         ,James,Harben,Cloudy,"Sideswipe, Same Direction",no,no,no,no,yes,False
103449253,METROPOLITAN NASHVILLE POLICE DEPT,20220520756,Davidson,Nashville,10/16/2022 6:00:00 AM,1,0,0,36.184180,-86.771150,HANCOCK ST,,,,35.00,Feet,East,N 2ND ST,,,,0.00,N,Not at Intersection,N,Non-Junction,None,,,         ,Ryan,Papp,Clear,Not Collision with Motor Vehicle in Transport,no,no,no,no,yes,False
103449261,METROPOLITAN NASHVILLE POLICE DEPT,20220520752,Davidson,Nashville,10/16/2022 5:55:00 AM,1,0,0,36.157960,-86.829270,CLIFTON AV,,,,68.00,Feet,East,INDIANA AV,,,,0.00,N,Not at Intersection,N,Non-Junction,None,,,         ,Tony,Folad,Clear,Not Collision with Motor Vehicle in Transport,no,no,no,no,no,False
103449270,METROPOLITAN NASHVILLE POLICE DEPT,20220520796,Davidson,Nashville,10/15/2022 7:19:00 PM,2,0,0,36.203850,-86.772180,LUCAS LN,,,,872.00,Feet,South,W TRINITY LN,,,,0.00,N,Not at Intersection,N,Non-Junction,None,,,         ,Brandon,Evans,Clear,"Sideswipe, Same Direction",no,no,no,yes,yes,False
103449271,METROPOLITAN NASHVILLE POLICE DEPT,20220520800,Davidson,Nashville,10/16/2022 6:42:00 AM,2,0,0,36.074480,-86.920940,OLD HICKORY BLVD,,,,0.00,,,HIGHWAY 70S,,,,0.00,Y,Four-Way, ,Intersection,None,,,         ,John,Jones,Clear,Front to Rear,no,no,no,no,no,False
103449276,METROPOLITAN NASHVILLE POLICE DEPT,20220520734,Davidson,Nashville,10/16/2022 12:00:00 AM,1,0,0,36.159780,-86.760080,I 24,,,,0.00,,,,,,,49.65,N,Not at Intersection,N,Unknown,Unknown,,,         ,Rico,Hunt,Unknown,Unknown,no,no,no,no,yes,False
103449299,METROPOLITAN NASHVILLE POLICE DEPT,20220520874,Davidson,Nashville,10/16/2022 12:00:00 AM,2,0,0,36.096440,-86.656060,SMITH SPRINGS RD,,,,0.00,Feet,East,MURFREESBORO PKE,,,,0.00,N,Not at Intersection, ,Non-Junction,None,,,         ,Clayton,Smith,Clear,Angle,no,no,no,no,no,False
103449326,METROPOLITAN NASHVILLE POLICE DEPT,20220520891,Davidson,Nashville,10/16/2022 5:30:00 AM,2,0,0,36.071880,-86.636190,MURFREESBORO PKE,,,,4.00,Feet,North,BELL RD,,,,0.00,N,Not at Intersection,N,Non-Junction,None,,,         ,Tyler,Hall,Clear,"Sideswipe, Same Direction",no,no,no,no,yes,False
103449344,METROPOLITAN NASHVILLE POLICE DEPT,20220520924,Davidson,Nashville,10/16/2022 8:37:00 AM,2,1,0,36.168300,-86.796530,I 40,,,,0.00,,,,,,,207.85,N,Not at Intersection,N,Non-Junction,None,,,         ,Travis,Pemberton,Cloudy,Front to Rear,no,no,no,no,no,False
103449372,METROPOLITAN NASHVILLE POLICE DEPT,20220520950,Davidson,Nashville,10/16/2022 8:55:00 AM,2,0,0,36.064790,-86.628480,HAMILTON CHURCH RD,,,,0.00,,,MURFREESBORO PKE,,,,0.00,Y,Four-Way,Y,Intersection,None,,,         ,Grey,Maxwell,Cloudy,Angle,no,no,no,no,no,False
103449402,METROPOLITAN NASHVILLE POLICE DEPT,20220521073,Davidson,Nashville,10/16/2022 11:44:00 AM,2,0,0,36.109450,-86.728000,BRILEY PKWYS,,,,13.00,Feet,East,BRILEY PKWYN,,,,0.00,N,Not at Intersection, ,Non-Junction,None,,,         ,Brian,Ritz,"Cloudy, Rain",Front to Rear,no,no,no,no,no,False
103449432,METROPOLITAN NASHVILLE POLICE DEPT,20220521063,Davidson,Madison,10/16/2022 11:32:00 AM,2,0,0,36.263150,-86.712800,OLD HICKORY BLVDW,,,,60.00,Feet,West,OLD TIME VILLAGE PVTDR,,,,0.00,N,Not at Intersection,N,Non-Junction,None,,,         ,Marcus,Mitchell,Rain,Angle,no,no,no,no,no,False
103449463,METROPOLITAN NASHVILLE POLICE DEPT,20220521134,Davidson,Nashville,10/16/2022 12:20:00 PM,2,2,0,36.069590,-86.693910,HAYWOOD LN,,,,0.00,,,EZELL RD,,,,0.00,Y,Four-Way,N,Intersection,None,,,         ,Benjamin,Tasto,Cloudy,Angle,no,no,no,no,no,False
103449471,METROPOLITAN NASHVILLE POLICE DEPT,20220521124,Davidson,Goodlettsville,10/16/2022 12:30:00 PM,2,0,0,36.287530,-86.725950,I 65,,,,0.00,,,,,,,94.00,N,Not at Intersection, ,Non-Junction,None,,,         ,Austin,Bronstrad,"Cloudy, Rain",Front to Rear,no,no,no,no,no,False
103449491,METROPOLITAN NASHVILLE POLICE DEPT,20220521181,Davidson,Nashville,10/16/2022 1:00:00 PM,2,0,0,36.149880,-86.859120,CHARLOTTE PKE,,,,87.00,Feet,East,MIDLAND AV,,,,0.00,N,Not at Intersection,N,Non-Junction,None,,,         ,Robert,Higgins,Rain,Front to Rear,no,no,no,no,no,False
103449495,METROPOLITAN NASHVILLE POLICE DEPT,20220521138,Davidson,Nashville,10/16/2022 10:55:00 AM,2,0,0,36.051700,-86.646820,BENT TREE  PVTDR,,,,197.00,Feet,East,HICKORY HOLLOW TER,,,,0.00,N,Not at Intersection, ,Non-Junction,None,,,         ,Brian,Ritz,Cloudy,Rear to Side,no,no,no,yes,no,False
103449528,METROPOLITAN NASHVILLE POLICE DEPT,20220521130,Davidson,Not in City Limit,10/16/2022 12:25:00 PM,2,0,0,36.256790,-86.787340,I 24,,,,0.00,,,,,,,42.10,N,Not at Intersection, ,Non-Junction,None,,,         ,Aleksandra,Kawicka,Cloudy,"Sideswipe, Same Direction",no,no,no,no,no,False
103449529,METROPOLITAN NASHVILLE POLICE DEPT,20220521200,Davidson,Nashville,10/16/2022 1:59:00 PM,1,0,0,36.134010,-86.758950,NOLENSVILLE PKE,,,,0.00,Feet,North,CRAIGHEAD ST,,,,0.00,N,Not at Intersection,N,Non-Junction,None,,,         ,Paxton,Montgomery,Rain,Not Collision with Motor Vehicle in Transport,no,no,no,no,no,False
103449530,METROPOLITAN NASHVILLE POLICE DEPT,20220521146,Davidson,Nashville,10/16/2022 12:53:00 PM,1,1,0,36.251200,-86.828790,WHITES CREEK PKE,,,,571.00,Feet,South,BUENA VISTA PKE,,,,0.00,N,Not at Intersection,N,Non-Junction,None,,,         ,Zachary,Akers,Cloudy,Not Collision with Motor Vehicle in Transport,no,no,no,no,no,False
103449559,METROPOLITAN NASHVILLE POLICE DEPT,20220521202,Davidson,Nashville,10/16/2022 2:00:00 PM,2,0,0,36.225230,-86.774480,I 65,,,,0.00,,,,,,,88.60,N,Not at Intersection,N,Non-Junction,None,,,         ,Chase,Harriman,Rain,Angle,no,no,no,no,no,False
103449620,METROPOLITAN NASHVILLE POLICE DEPT,20220521248,Davidson,Nashville,10/16/2022 3:00:00 PM,2,2,0,36.224770,-86.806050,KNIGHT DR,,,,394.00,Feet,North,WHITES CREEK PKE,,,,0.00,N,Not at Intersection,N,Non-Junction,None,,,         ,Chase,Harriman,Rain,Angle,no,no,no,no,no,False
103449629,METROPOLITAN NASHVILLE POLICE DEPT,20220521359,Davidson,Nashville,10/16/2022 12:00:00 AM,2,0,0,36.149290,-86.861700,CHARLOTTE PKE,,,,540.00,Feet,West,OCEOLA AV,,,,0.00,N,Not at Intersection, ,Non-Junction,None,,,         ,Blake,Langford,Cloudy,Angle,no,no,no,no,no,False
103449651,BRENTWOOD POLICE DEPT,BPD-22-02340,Davidson,Nashville,10/16/2022 3:55:00 PM,2,1,0,36.023980,-86.819610,GRANNY WHITE PIKE,,,,0.00,,,MCGAVOCK RD,,,,0.00,Y,Four-Way,N,Intersection,None,,,         ,Cody,Woods,Rain,HeadOn,no,no,no,no,no,False
103449656,METROPOLITAN NASHVILLE POLICE DEPT,20220521353,Davidson,Nashville,10/16/2022 4:20:00 PM,2,2,0,36.050790,-86.668160,I 24,,,,0.00,,,,,,,58.80,N,Not at Intersection,N,Non-Junction,None,,,         ,John,Braun,"Cloudy, Rain",Not Collision with Motor Vehicle in Transport,no,no,no,no,no,False
103449657,METROPOLITAN NASHVILLE POLICE DEPT,20220521291,Davidson,Nashville,10/16/2022 2:35:00 PM,2,0,0,36.203640,-86.776850,I65 S ENT RAMP,,,,0.00,Feet,East,I 65,,,,0.00,N,Not at Intersection,N,Non-Junction,None,,,         ,Craig,Paschetti,Cloudy,Front to Rear,no,no,no,no,no,False
103449686,METROPOLITAN NASHVILLE POLICE DEPT,20220521417,Davidson,Nashville,10/16/2022 5:16:00 PM,2,0,0,36.155970,-86.773930,4TH AVS,,,,4.00,Feet,North,PEABODY ST,,,,0.00,N,Not at Intersection,N,Non-Junction,None,,,         ,Zachary,Cooper,Cloudy,"Sideswipe, Same Direction",no,no,no,no,no,False
103449703,METROPOLITAN NASHVILLE POLICE DEPT,20220521282,Davidson,Nashville,10/16/2022 3:19:00 PM,2,0,0,36.163280,-86.826050,ALBION ST,,,,1.00,Feet,West,33RD AVN,,,,0.00,N,Not at Intersection,N,Non-Junction,None,,,         ,Tristen,Mayfield,Rain,Front to Rear,no,no,no,no,no,False
103449743,METROPOLITAN NASHVILLE POLICE DEPT,20220521491,Davidson,Nashville,10/16/2022 6:45:00 PM,2,0,0,36.217750,-86.775100,I 65,,,,0.00,,,,,,,88.10,N,Not at Intersection, ,Non-Junction,None,,,         ,Tyler,Jordan,Clear,Front to Rear,no,no,no,no,no,False
103449752,METROPOLITAN NASHVILLE POLICE DEPT,20220521363,Davidson,Nashville,10/16/2022 4:24:00 PM,2,5,0,36.061080,-86.706740,PACKARD DR,,,,44.00,Feet,East,GILLETTE RD,,,,0.00,N,Not at Intersection,N,Non-Junction,None,,,         ,Jennifer,Liquori,Cloudy,HeadOn,no,no,no,no,no,False
103449767,METROPOLITAN NASHVILLE POLICE DEPT,20220521562,Davidson,Nashville,10/16/2022 7:06:00 PM,2,1,0,36.148110,-86.807720,ELLISTON PL,,,,0.00,,,REIDHURST AV,,,,0.00,Y,T-Intersection,N,Intersection,None,,,         ,Garrett,Latham,Clear,Angle,no,no,no,no,no,Campus
103449768,METROPOLITAN NASHVILLE POLICE DEPT,20220521480,Davidson,Nashville,10/16/2022 6:40:00 PM,1,1,0,36.132690,-86.801360,21ST AVS,,,,198.00,Feet,South,MAGNOLIA BLVD,,,,0.00,N,Not at Intersection,N,Non-Junction,None,,,         ,Flynn,Ireland,Clear,Not Collision with Motor Vehicle in Transport,yes,no,no,no,no,False
103449774,METROPOLITAN NASHVILLE POLICE DEPT,20220521460,Davidson,Nashville,10/16/2022 6:13:00 PM,3,1,0,36.047890,-86.663660,I 24,,,,0.00,,,,,,,59.10,N,Not at Intersection,N,Non-Junction,None,,,         ,Brandon,Simpkins,Clear,Front to Rear,no,no,no,no,no,False
103449857,METROPOLITAN NASHVILLE POLICE DEPT,20220521616,Davidson,Nashville,10/16/2022 8:56:00 PM,2,1,0,36.141830,-86.675690,I 40,,,,0.00,,,,,,,216.05,N,Not at Intersection,N,Non-Junction,None,,,         ,Charis,Holland,Rain,"Sideswipe, Same Direction",no,no,no,no,yes,False
103449884,METROPOLITAN NASHVILLE POLICE DEPT,20220521605,Davidson,Nashville,10/16/2022 8:40:00 PM,2,1,0,36.126440,-86.711580,EAST THOMPSON LN,,,,174.00,Feet,West,THOMPSON PL,,,,0.00,N,Not at Intersection,Y,OtherLocation,None,,,         ,Zachary,Nichols,Rain,Front to Rear,no,no,no,no,no,False
103449889,METROPOLITAN NASHVILLE POLICE DEPT,20220521622,Davidson,Nashville,10/16/2022 9:08:00 PM,2,2,0,36.150910,-86.770640,4TH AVS,,,,4.00,Feet,North,I40 W EXT RAMP,,,,0.00,N,Not at Intersection,N,Non-Junction,None,,,         ,Matthew,Hogan,Rain,Angle,no,no,no,no,no,False
103449890,METROPOLITAN NASHVILLE POLICE DEPT,20220521624,Davidson,Nashville,10/16/2022 9:10:00 PM,2,1,0,36.152120,-86.772230,LAFAYETTE ST,,,,0.00,Feet,East,ASH ST,,,,0.00,N,Not at Intersection,Y,Non-Junction,None,,,         ,Blake,Curry,Rain,Angle,no,no,no,no,no,False
103449891,METROPOLITAN NASHVILLE POLICE DEPT,20220521659,Davidson,Nashville,10/16/2022 9:15:00 PM,1,0,0,36.178280,-86.772210,DICKERSON PKE,,,,3.00,Feet,West,MERIDIAN ST,,,,0.00,N,Not at Intersection,N,Non-Junction,None,,,         ,Kristopher,Sutton,"Cloudy, Rain",Unknown,no,no,no,no,yes,False
103449893,METROPOLITAN NASHVILLE POLICE DEPT,20220521683,Davidson,Nashville,10/16/2022 9:15:00 PM,2,1,0,36.159340,-86.821700,I 40,,,,0.00,,,,,,,206.00,N,Not at Intersection,N,Non-Junction,None,,,         ,Luke,Steigerwalt,Rain,Front to Rear,no,no,no,no,yes,False
103449899,METROPOLITAN NASHVILLE POLICE DEPT,20220521569,Davidson,Nashville,10/16/2022 7:50:00 PM,1,0,0,36.146740,-86.762830,WHARF AV,,,,112.00,Feet,North,TRIMBLE ST,,,,0.00,N,Not at Intersection,N,Non-Junction,None,,,         ,Michael,Raash,Cloudy,Not Collision with Motor Vehicle in Transport,no,no,no,no,no,False
103449921,METROPOLITAN NASHVILLE POLICE DEPT,20220521725,Davidson,Nashville,10/16/2022 11:40:00 AM,2,0,0,36.203060,-86.738800,GALLATIN PKE,,,,196.00,Feet,South,E TRINITY LN,,,,0.00,N,Not at Intersection,N,Non-Junction,None,,,         ,Nicholas,Cochran,Clear,"Sideswipe, Same Direction",no,no,no,no,yes,False
103449923,METROPOLITAN NASHVILLE POLICE DEPT,220521716,Davidson,Nashville,10/16/2022 9:52:00 PM,1,0,0,36.126000,-86.904320,I 40,,,,0.00,,,,,,,200.60,N,Not at Intersection,N,Non-Junction,None,,,         ,Alexandra,Herring,Rain,Not Collision with Motor Vehicle in Transport,no,no,no,no,no,False
103449924,METROPOLITAN NASHVILLE POLICE DEPT,20220521639,Davidson,Nashville,10/16/2022 9:18:00 PM,1,1,0,36.206790,-86.776440,I 65,,,,0.00,,,,,,,87.30,N,Not at Intersection,N,Non-Junction,None,,,         ,Matthew,Jorgensen,Rain,Not Collision with Motor Vehicle in Transport,no,no,no,no,no,False
103449940,METROPOLITAN NASHVILLE POLICE DEPT,20220521737,Davidson,Nashville,10/16/2022 10:25:00 PM,1,1,0,36.137850,-86.857710,KNOB RD,,,,0.00,,,WHITE BRIDGE PKE,,,,0.00,Y,Four-Way,N,Intersection,None,,,         ,William,Vanbergen,Rain,Not Collision with Motor Vehicle in Transport,yes,no,no,no,no,False
103449951,METROPOLITAN NASHVILLE POLICE DEPT,20220521777,Davidson,Nashville,10/16/2022 10:12:00 PM,2,0,0,36.087720,-86.715170,PARAGON MILLS RD,,,,79.00,Feet,West,TAMPA DR,,,,0.00,N,Not at Intersection,N,Non-Junction,None,,,         ,Michael,Overberg,Clear,Front to Rear,no,no,no,no,yes,False