master_record_number,agency,agency_tracking_number,county,city,collision_date,vehicles_involved,number_injured,number_dead,latitude,longitude,roadway_name,roadway_suffix,roadway_number,roadway_local_id,distance_from_reference,miles-feet_indicator,direction_from_reference,intersection_road_name,intersection_road_name_suffix,intersection_road_number,intersection_local_id,mile_marker,intersection_indicator,intersect_type,interchange_related_indicator,relation_to_junction,work_zone_type,construction_maintenance_zone,construction_maintenance_zone_location,fatal_case_number,officer_first_name,officer_last_name,weather_condition(s),manner_of_crash,pedestrian,bicycle,scooter,parking,hitrun,mou
103450876,METROPOLITAN NASHVILLE POLICE DEPT,20220523690,Davidson,Nashville,10/17/2022 9:40:00 PM,1,0,0,36.092540,-86.692360,HARDING INDUSTRIAL DR,,,,1227.00,Feet,North,CANDY LN,,,,0.00,N,Not at Intersection,N,OtherLocation,None,,,         ,Jack,Burke,Clear,Not Collision with Motor Vehicle in Transport,no,no,no,yes,no,False
103450894,METROPOLITAN NASHVILLE POLICE DEPT,20220523650,Davidson,Nashville,10/16/2022 12:48:00 AM,2,0,0,36.073850,-86.688030,RADER DR,,,,158.00,Feet,East,RADER CT,,,,0.00,N,Not at Intersection, ,Non-Junction,None,,,         ,Megan,Arnett,Unknown,Angle,no,no,no,yes,yes,False
103450915,METROPOLITAN NASHVILLE POLICE DEPT,20220523616,Davidson,Nashville,10/17/2022 8:35:00 PM,2,0,0,36.086760,-86.763230,I 65,,,,0.00,,,,,,,78.15,N,Not at Intersection,N,Non-Junction,None,,,         ,Tony,Mingsing,Clear,"Sideswipe, Same Direction",no,no,no,no,yes,False
103450928,METROPOLITAN NASHVILLE POLICE DEPT,20220523481,Davidson,Nashville,10/17/2022 7:10:00 PM,2,0,0,36.151380,-86.857750,WHITE BRIDGE PKE,,,,29.00,Feet,South,I40 E ENT RAMP,,,,0.00,N,Not at Intersection,N,Non-Junction,None,,,         ,Nicholas,Hoffmann,Clear,Angle,no,no,no,no,yes,False
103450929,METROPOLITAN NASHVILLE POLICE DEPT,20220523185,Davidson,Nashville,10/17/2022 2:30:00 PM,2,0,0,36.122610,-86.789510,HALCYON AV,,,,185.00,Feet,East,12TH AVS,,,,0.00,N,Not at Intersection,N,Non-Junction,None,,,         ,Dean,Ferrari,Clear,Rear to Rear,no,no,no,yes,yes,False
103450948,METROPOLITAN NASHVILLE POLICE DEPT,20220523787,Davidson,Nashville,10/17/2022 10:34:00 PM,2,1,0,36.028320,-86.672610,PETTUS RD,,,,28.00,Feet,East,BLUE HOLE RD,,,,0.00,N,Not at Intersection,N,Non-Junction,None,,,         ,Brandon,Simpkins,Clear,Angle,no,no,no,no,no,False
103450949,METROPOLITAN NASHVILLE POLICE DEPT,20220523258,Davidson,Nashville,10/17/2022 4:15:00 PM,2,0,0,36.185710,-86.796700,I 65,,,,0.00,,,,,,,85.25,N,Not at Intersection, ,Non-Junction,None,,,         ,Tyler,Edwards,Clear,Front to Rear,no,no,no,no,no,False
103450950,METROPOLITAN NASHVILLE POLICE DEPT,20220523739,Davidson,Nashville,10/17/2022 9:40:00 PM,2,0,0,36.145830,-86.810730,WEST END AV,,,,0.00,Feet,East,CENTENNIAL PARK PVTDR,,,,0.00,N,Not at Intersection,N,Non-Junction,None,,,         ,Nicholas,Hoffmann,Clear,Not Collision with Motor Vehicle in Transport,no,no,no,no,yes,Campus
103450955,METROPOLITAN NASHVILLE POLICE DEPT,20220523673,Davidson,Nashville,10/17/2022 6:00:00 PM,2,0,0,36.134860,-86.723780,MURFREESBORO PKE,,,,207.00,Feet,East,I24 W EXT RAMP,,,,0.00,N,Not at Intersection,N,Non-Junction,None,,,         ,Sean,Fitzmaurice,Clear,Angle,no,no,no,no,yes,False
103450979,METROPOLITAN NASHVILLE POLICE DEPT,20220524024,Davidson,Nashville,10/18/2022 12:15:00 AM,2,0,0,36.168060,-86.777610,JAMES ROBERTSON PKWY,,,,338.00,Feet,East,2ND AVN,,,,0.00,N,Not at Intersection, ,Non-Junction,None,,,         ,Jarrett,Messick,Clear,"Sideswipe, Same Direction",no,no,no,no,no,False
103450987,METROPOLITAN NASHVILLE POLICE DEPT,20220523997,Davidson,Nashville,10/17/2022 11:19:00 PM,3,0,0,36.191220,-86.770350,N 2ND ST,,,,123.00,Feet,South,RICHARDSON AV,,,,0.00,N,Not at Intersection,N,Non-Junction,None,,,         ,Spencer,Arroyo,Clear,"Sideswipe, Same Direction",no,no,no,no,no,False
103450995,METROPOLITAN NASHVILLE POLICE DEPT,20220524167,Davidson,Nashville,10/18/2022 2:44:00 AM,2,1,0,36.044770,-86.661530,BELL RD,,,,0.00,Feet,,CANE RIDGE RD,,,,0.00,Y,Four-Way,N,Intersection-Related,None,,,         ,Kurt,Lewton,Clear,Front to Rear,no,no,no,no,no,False
103451000,METROPOLITAN NASHVILLE POLICE DEPT,20220524239,Davidson,Nashville,10/18/2022 3:55:00 AM,2,0,0,36.171650,-86.773610,N 1ST ST,,,,548.00,Feet,North,MAIN ST,,,,0.00,N,Not at Intersection,N,Non-Junction,None,,,         ,Jarrett,Messick,Clear,"Sideswipe, Same Direction",no,no,no,yes,yes,False
103451036,METROPOLITAN NASHVILLE POLICE DEPT,20220524273,Davidson,Nashville,10/18/2022 4:50:00 AM,1,1,0,36.194970,-86.725630,CAHAL AV,,,,133.00,Feet,East,BRANCH ST,,,,0.00,N,Not at Intersection,N,Non-Junction,None,,,         ,Dillon,Hunt,Clear,Not Collision with Motor Vehicle in Transport,no,no,no,yes,no,False
103451102,VANDERBILT UNIVERSITY POLICE,20220522784,Davidson,Nashville,10/17/2022 11:20:00 AM,2,0,0,36.140340,-86.800980,DIXIE PL,,,,0.00,,,,,,,0.00,,,N,Non-Junction,None,,,         ,Wintrust,Paul,Clear,Front to Rear,no,no,no,yes,yes,Campus
103451105,METROPOLITAN NASHVILLE POLICE DEPT,2022-0523146,Davidson,Nashville,10/17/2022 3:01:00 PM,2,2,0,36.174400,-86.774190,N 1ST ST,,,,0.00,,,OLDHAM ST,,,,0.00,Y,Four-Way,N,Intersection,None,,,         ,Frederick,Nelson,Clear,Angle,no,no,no,no,no,False
103451119,METROPOLITAN NASHVILLE POLICE DEPT,20220524410,Davidson,Nashville,10/18/2022 7:04:00 AM,2,0,0,36.158750,-86.624620,I 40,,,,0.00,,,,,,,219.30,N,Not at Intersection,N,Non-Junction,None,,,         ,Allison,Zornes,Clear,Front to Rear,no,no,no,no,no,False
103451144,METROPOLITAN NASHVILLE POLICE DEPT,20220524578,Davidson,Antioch,10/18/2022 8:06:00 AM,2,0,0,36.018700,-86.625100,I 24,,,,0.00,,,,,,,62.20,N,Not at Intersection,N,Non-Junction,None,,,         ,Joe,Hooper,Clear,Front to Rear,no,no,no,no,yes,False
103451147,METROPOLITAN NASHVILLE POLICE DEPT,20220524614,Davidson,Nashville,10/18/2022 8:37:00 AM,2,0,0,36.246330,-86.744590,I 65,,,,0.00,,,,,,,90.90,N,Not at Intersection,N,Non-Junction,None,,,         ,Christopher,Littles,Clear,"Sideswipe, Same Direction",no,no,no,no,no,False
103451153,METROPOLITAN NASHVILLE POLICE DEPT,20220524530,Davidson,Nashville,10/18/2022 7:50:00 AM,2,0,0,36.161460,-86.620260,I 40,,,,0.00,,,,,,,219.65,N,Not at Intersection,N,Non-Junction,None,,,         ,Zachariah,Souza,Clear,Front to Rear,no,no,no,no,no,False
103451164,METROPOLITAN NASHVILLE POLICE DEPT,20220524519,Davidson,Nashville,10/18/2022 7:45:00 AM,2,0,0,36.124880,-86.772620,I 65,,,,0.00,,,,,,,80.70,N,Not at Intersection, ,,None,,,         ,Paxton,Montgomery,,,no,no,no,no,no,False
103451166,METROPOLITAN NASHVILLE POLICE DEPT,20220524606,Davidson,Nashville,10/18/2022 7:58:00 AM,2,0,0,36.027340,-86.634820,I 24,,,,0.00,,,,,,,61.25,N,Not at Intersection,N,Non-Junction,None,,,         ,Joe,Hooper,Clear,Front to Rear,no,no,no,no,no,False
103451174,METROPOLITAN NASHVILLE POLICE DEPT,20220524645,Davidson,Nashville,10/18/2022 8:21:00 AM,2,0,0,36.037400,-86.786570,FRANKLIN PKE,,,,0.00,,,OLD HICKORY BLVD,,,,0.00,Y,Four-Way, ,Intersection-Related,None,,,         ,Travis,Pemberton,Clear,Front to Rear,no,no,no,no,no,False
103451182,METROPOLITAN NASHVILLE POLICE DEPT,20220524617,Davidson,Nashville,10/18/2022 8:35:00 AM,2,0,0,36.199740,-86.592040,TULIP GROVE RD,,,,0.00,,,CHANDLER RD,,,,0.00,Y,Four-Way,N,Intersection,None,,,         ,Bridget,Griepentrog,Clear,"Sideswipe, Opposite Direction",no,no,no,no,no,False
103451190,METROPOLITAN NASHVILLE POLICE DEPT,2022-0524609,Davidson,Nashville,10/18/2022 8:30:00 AM,2,2,0,36.191120,-86.796530,VANTAGE WAY,,,,197.00,Feet,East,FRENCH LANDING DR,,,,0.00,N,Not at Intersection,N,Non-Junction,None,,,         ,Po,Cheng,Clear,Front to Rear,no,no,no,no,no,False
103451191,METROPOLITAN NASHVILLE POLICE DEPT,20220524687,Davidson,Nashville,10/18/2022 9:32:00 AM,2,0,0,36.154370,-86.804130,21ST AVN,,,,0.00,,,PATTERSON ST,,,,0.00,Y,Four-Way,N,Non-Junction,None,,,         ,Megan,Lamon,Clear,Angle,no,no,no,no,no,False
103451192,METROPOLITAN NASHVILLE POLICE DEPT,20220524643,Davidson,Nashville,10/18/2022 8:51:00 AM,2,0,0,36.154520,-86.779260,8TH AVS,,,,48.00,Feet,South,LAFAYETTE ST,,,,0.00,N,Not at Intersection, ,OtherLocation,None,,,         ,Phillip,Murphy,Clear,"Sideswipe, Same Direction",no,no,no,no,no,False
103451198,METROPOLITAN NASHVILLE POLICE DEPT,20220524542,Davidson,Not in City Limit,10/18/2022 8:00:00 AM,3,3,0,36.097610,-86.955480,CHARLOTTE PKE PVTDR,,,,945.00,Feet,East,CHARLOTTE PKE,,,,0.00,N,Not at Intersection,N,Non-Junction,None,,,         ,Wesley,Tilley,Clear,Angle,no,no,no,no,no,False
103451206,METROPOLITAN NASHVILLE POLICE DEPT,20220524612,Davidson,Nashville,10/18/2022 8:35:00 AM,2,0,0,36.147790,-86.799330,21ST AVS,,,,63.00,Feet,South,BROADWAY,,,,0.00,N,Not at Intersection, ,,Construction Zone,,,         ,Brian,Murphy,,,no,no,no,no,no,Campus
103451229,METROPOLITAN NASHVILLE POLICE DEPT,20220524792,Davidson,Nashville,10/18/2022 8:53:00 AM,2,0,0,36.045470,-86.647260,MT VIEW RD,,,,13.00,Feet,North,CROSSINGS BLVD,,,,0.00,N,Not at Intersection, ,Non-Junction,None,,,         ,Joe,Hooper,Clear,Front to Rear,no,no,no,no,no,False
103451241,METROPOLITAN NASHVILLE POLICE DEPT,20220524363,Davidson,Nashville,10/18/2022 6:20:00 AM,2,0,0,36.115690,-86.695670,MURFREESBORO PKE,,,,479.00,Feet,West,PINEWAY DR,,,,0.00,N,Not at Intersection, ,Non-Junction,None,,,         ,Eric,Burford,Clear,Front to Rear,no,no,no,no,no,False
103451247,BRENTWOOD POLICE DEPT,20220002715,Davidson,Nashville,10/15/2022 10:50:00 PM,2,0,0,36.062320,-86.904630,HIGHWAY 100,,,,0.00,,,OLD HICKORY BLVD,,,,0.00,Y,Four-Way,N,Intersection,None,,,         ,William,Frasch,Clear,Angle,no,no,no,no,no,False
103451262,METROPOLITAN NASHVILLE POLICE DEPT,20220524910,Davidson,Nashville,10/18/2022 11:48:00 AM,2,0,0,36.204680,-86.750910,E TRINITY LN,,,,0.00,,,ELLINGTON PKWY S EXT RAMP,,,,0.00,Y,T-Intersection, ,Intersection,None,,,         ,Ronald,Bright,Cloudy,Front to Rear,no,no,no,no,no,False
103451280,METROPOLITAN NASHVILLE POLICE DEPT,20220524822,Davidson,Nashville,10/18/2022 10:55:00 AM,2,0,0,36.139050,-86.733020,MURFREESBORO PKE,,,,3.00,Feet,West,ARLINGTON AV,,,,0.00,N,Not at Intersection,N,Non-Junction,None,,,         ,Frederick,Ware,Clear,Front to Rear,no,no,no,no,no,False
103451281,METROPOLITAN NASHVILLE POLICE DEPT,20220524806,Davidson,Nashville,10/18/2022 8:04:00 AM,1,0,0,36.152370,-86.779290,8TH AVS,,,,146.00,Feet,South,DREXEL ST,,,,0.00,N,Not at Intersection, ,"Driveway, Alley Access, etc",None,,,         ,Kelcey,Bell,Clear,Not Collision with Motor Vehicle in Transport,no,no,no,yes,no,False
103451287,METROPOLITAN NASHVILLE POLICE DEPT,2022052444,Davidson,Nashville,10/18/2022 7:15:00 AM,2,0,0,36.045600,-86.658470,I24 W EXT RAMP,,,,0.00,,,I 24,,,,0.00,Y,Four-Way, ,Intersection,None,,,         ,Leonard,Cato,Clear,Angle,no,no,no,no,no,False
103451316,THP District 3 - Nashville,322086560,Davidson,Not in City Limit,10/18/2022 7:18:00 AM,2,0,0,36.324010,-86.868370,I 24,,,,0.00,,,,,,,34.90,N,Not at Intersection, ,Non-Junction,None,,,         ,Roberto,Pineda,Clear,Front to Rear,no,no,no,no,no,False
103451318,METROPOLITAN NASHVILLE POLICE DEPT,20220524913,Davidson,Nashville,10/18/2022 11:08:00 AM,2,1,0,36.161360,-86.760350,I 24,,,,0.00,,,,,,,49.40,N,Not at Intersection,N,Non-Junction,None,,,         ,Michael,Agee,Cloudy,"Sideswipe, Same Direction",no,no,no,no,no,False
103451327,METROPOLITAN NASHVILLE POLICE DEPT,20220524361,Davidson,Nashville,10/18/2022 6:29:00 AM,2,1,0,36.065370,-86.685180,I 24,,,,0.00,,,,,,,57.35,N,Not at Intersection,N,Non-Junction,None,,,         ,Matthew,Mrowiec,Clear,Front to Rear,no,no,no,no,no,False
103451375,METROPOLITAN NASHVILLE POLICE DEPT,20220524933,Davidson,Nashville,10/18/2022 8:51:00 AM,2,0,0,36.167440,-86.766420,INTERSTATE DR,,,,475.00,Feet,North,I24 W ENT RAMP,,,,0.00,N,Not at Intersection,N,"Driveway, Alley Access, etc",None,,,         ,Phillip,Murphy,Clear,"Sideswipe, Opposite Direction",no,no,no,no,yes,False
103451420,METROPOLITAN NASHVILLE POLICE DEPT,20220525136,Davidson,Nashville,10/18/2022 10:18:00 AM,2,1,0,36.077090,-86.725560,NOLENSVILLE PKE,,,,0.00,,,WALLACE RD,,,,0.00,Y,Four-Way,N,Intersection,None,,,         ,Joe,Hooper,Clear,Angle,no,no,no,no,no,False
103451445,METROPOLITAN NASHVILLE POLICE DEPT,20220525230,Davidson,Nashville,10/18/2022 2:46:00 PM,2,0,0,36.144930,-86.766660,4TH AVS,,,,0.00,,,CHESTNUT ST,,,,0.00,Y,Four-Way, ,Intersection,Construction Zone,,,         ,Megan,Lamon,Clear,Angle,no,no,no,no,no,False
103451469,METROPOLITAN NASHVILLE POLICE DEPT,20220525108,Davidson,Nashville,10/18/2022 12:00:00 AM,2,0,0,36.013050,-86.611130,FIRESTONE PKWY,,,,92.00,Feet,North,HEIL QUAKER BLVD,,,,0.00,N,Not at Intersection,N,Non-Junction,None,,,         ,Luis,Pena,Clear,HeadOn,no,no,no,no,no,False
103451470,METROPOLITAN NASHVILLE POLICE DEPT,20220525285,Davidson,Nashville,10/18/2022 3:10:00 PM,2,0,0,36.184580,-86.797740,I 65,,,,0.00,,,,,,,85.15,N,Not at Intersection, ,Non-Junction,None,,,         ,Tyler,Jordan,Clear,Front to Rear,no,no,no,no,no,False
103451478,METROPOLITAN NASHVILLE POLICE DEPT,20220525192,Davidson,Nashville,10/18/2022 2:37:00 PM,2,1,0,36.170790,-86.722810,BARCLAY DR,,,,699.00,Feet,West,HODY DR,,,,0.00,N,Not at Intersection,N,Non-Junction,None,,,         ,Michael,Agee,Clear,Front to Rear,no,no,no,no,no,False
103451482,GOODLETTSVILLE POLICE DEPT,22-31919,Davidson,Goodlettsville,10/18/2022 3:44:00 PM,2,1,0,36.322260,-86.713310,S MAIN ST,,,,0.00,,,LONG HOLLOW PKE,,,,0.00,Y,Four-Way,N,Intersection,None,,,         ,Rico,Jones,Clear,Angle,no,no,no,no,no,False
103451490,METROPOLITAN NASHVILLE POLICE DEPT,20220525403,Davidson,Nashville,10/18/2022 4:00:00 PM,2,0,0,36.170020,-86.806850,DR D B TODD JR BLVD,,,,180.00,Feet,South,SCOVEL ST,,,,0.00,N,Not at Intersection,N,Non-Junction,None,,,         ,Tyler,Jordan,Clear,"Sideswipe, Same Direction",no,no,no,no,yes,False
103451491,METROPOLITAN NASHVILLE POLICE DEPT,20220525349,Davidson,Nashville,10/18/2022 2:24:00 PM,2,0,0,36.191860,-86.780290,I 65,,,,0.00,,,,,,,86.30,N,Not at Intersection, ,Non-Junction,None,,,         ,Craig,Paschetti,Clear,Front to Rear,no,no,no,no,yes,False
103451495,METROPOLITAN NASHVILLE POLICE DEPT,20220525346,Davidson,Nashville,10/18/2022 4:09:00 PM,2,1,0,36.216720,-86.692400,MCGAVOCK PKE EB ENT RAMP,,,,0.00,Feet,East,MCGAVOCK PKE WB EXT RAMP,,,,0.00,N,Not at Intersection,N,Non-Junction,None,,,         ,Evan,Grace,Clear,Front to Rear,no,no,no,no,no,False
103451497,METROPOLITAN NASHVILLE POLICE DEPT,20220525332,Davidson,Nashville,10/18/2022 12:00:00 AM,2,0,0,36.154630,-86.779160,LAFAYETTE ST,,,,0.00,,,8TH AVS,,,,0.00,Y,Roundabout, ,Intersection,None,,,         ,Trevor,Taylor,Clear,Angle,no,no,no,no,no,False
103451503,METROPOLITAN NASHVILLE POLICE DEPT,20220525291,Davidson,Nashville,10/18/2022 1:10:00 PM,2,0,0,36.082050,-86.652100,UNA ANTIOCH PKE,,,,61.00,Feet,South,PICCADILLY ROW,,,,0.00,N,Not at Intersection,N,Non-Junction,None,,,         ,John,Braun,Clear,Front to Rear,no,no,no,no,yes,False
103451523,METROPOLITAN NASHVILLE POLICE DEPT,20220525414,Davidson,Nashville,10/18/2022 4:45:00 PM,2,0,0,36.176640,-86.771010,SPRING ST,,,,0.00,Feet,,DICKERSON PKE,,,,0.00,Y,T-Intersection,N,Intersection-Related,None,,,         ,Justen,Ogle,Clear,Front to Rear,no,no,no,no,yes,False
103451545,METROPOLITAN NASHVILLE POLICE DEPT,20220525364,Davidson,Nashville,10/18/2022 4:18:00 PM,2,1,0,36.074570,-86.750490,BLACKMAN RD,,,,0.00,,,BRIARWOOD DR,,,,0.00,Y,Four-Way,N,Intersection,None,,,         ,Garrett,Latham,Clear,Angle,no,no,no,no,no,False
103451547,METROPOLITAN NASHVILLE POLICE DEPT,20220525421,Davidson,Nashville,10/18/2022 2:11:00 PM,2,0,0,36.082660,-86.698050,I 24,,,,0.00,,,,,,,56.00,N,Not at Intersection, ,,None,,,         ,Joseph,Hurst,,,no,no,no,no,no,False
103451578,METROPOLITAN NASHVILLE POLICE DEPT,20220525368,Davidson,Nashville,10/18/2022 4:13:00 PM,2,2,0,36.172610,-86.649480,LEBANON PKE,,,,0.00,,,DISSPAYNE DR,,,,0.00,Y,T-Intersection,N,Intersection,None,,,         ,Cheri,Cox,Clear,Front to Rear,no,no,no,no,no,False
103451580,METROPOLITAN NASHVILLE POLICE DEPT,20220525326,Davidson,Nashville,10/18/2022 3:47:00 PM,2,0,0,36.154990,-86.627130,I40 E EXT RAMP,,,,0.00,,,I 40,,,,0.00,Y,Four-Way, ,Intersection-Related,None,,,         ,Robert,Marquez,Clear,Front to Rear,no,no,no,no,no,False
103451584,METROPOLITAN NASHVILLE POLICE DEPT,20220525443,Davidson,Nashville,10/18/2022 5:04:00 PM,2,0,0,36.231390,-86.759900,OAK VALLEY DR,,,,282.00,Feet,West,DICKERSON PKE,,,,0.00,N,Not at Intersection,N,Non-Junction,None,,,         ,Randy,Puckett,Clear,Angle,no,no,no,no,no,False
103451585,Nashville Airport Police,2022-04317,Davidson,Nashville,10/10/2022 6:05:00 PM,2,0,0,36.113490,-86.670620,DONELSON PKE,,,,1403.00,Feet,North,KNAPP BLVD,,,,0.00,N,Not at Intersection, ,Non-Junction,None,,,         ,Christopher,Kullman,Clear,Front to Rear,no,no,no,no,no,False
103451586,METROPOLITAN NASHVILLE POLICE DEPT,20220525284,Davidson,Nashville,10/18/2022 3:20:00 PM,2,3,0,36.043510,-86.640700,BABY RUTH LN,,,,79.00,Feet,North,MT VIEW RD,,,,0.00,N,Not at Intersection,N,Non-Junction,None,,,         ,Nadine,Klemenz,Clear,Angle,no,no,no,no,no,False
103451588,METROPOLITAN NASHVILLE POLICE DEPT,20220525402,Davidson,Nashville,10/18/2022 4:48:00 PM,2,0,0,36.151440,-86.671920,ELM HILL PKE,,,,218.00,Feet,West,HENEY DR,,,,0.00,N,Not at Intersection,N,Non-Junction,None,,,         ,Douglas,Mann,Clear,"Sideswipe, Same Direction",no,no,no,no,no,False
103451589,METROPOLITAN NASHVILLE POLICE DEPT,20220525457,Davidson,Goodlettsville,10/18/2022 5:18:00 PM,2,0,0,36.293840,-86.696450,MYATT DR,,,,0.00,Feet,East,SPRING BRANCH DR,,,,0.00,N,Not at Intersection, ,Non-Junction,None,,,         ,Brandon,Lopez,Cloudy,Angle,no,no,no,no,no,False
103451590,METROPOLITAN NASHVILLE POLICE DEPT,2022-0523113,Davidson,Nashville,10/17/2022 2:24:00 PM,2,0,0,36.111490,-86.745510,NOLENSVILLE PKE,,,,217.00,Feet,North,THOMPSON LN,,,,0.00,N,Not at Intersection, ,Non-Junction,None,,,         ,Sean,Williams,Clear,Front to Rear,no,no,no,no,yes,False
103451591,METROPOLITAN NASHVILLE POLICE DEPT,2022-0524594,Davidson,Nashville,10/18/2022 8:27:00 AM,2,2,0,36.070110,-86.722250,COTTON LN,,,,79.00,Feet,South,NOLENSVILLE PKE,,,,0.00,N,Not at Intersection,N,Non-Junction,None,,,         ,Sean,Williams,Clear,"Sideswipe, Same Direction",no,no,no,no,no,False
103451594,METROPOLITAN NASHVILLE POLICE DEPT,20220525494,Davidson,Nashville,10/18/2022 4:56:00 PM,2,0,0,36.135080,-86.724110,MURFREESBORO PKE,,,,0.00,,,,,,,0.00,,, ,Non-Junction,None,,,         ,Joseph,Hurst,Clear,Angle,no,no,no,no,no,False
103451595,METROPOLITAN NASHVILLE POLICE DEPT,20220525521,Davidson,Nashville,10/18/2022 6:10:00 PM,1,0,0,36.065560,-86.680020,REEVES RD,,,,27.00,Feet,East,ANTIOCH PKE,,,,0.00,N,Not at Intersection,N,Non-Junction,None,,,         ,Steven,Bowler,Cloudy,Not Collision with Motor Vehicle in Transport,no,no,no,no,yes,False
103451598,METROPOLITAN NASHVILLE POLICE DEPT,20220525369,Davidson,Nashville,10/18/2022 4:26:00 PM,3,0,0,36.156590,-86.771750,2ND AVS,,,,88.00,Feet,South,PEABODY ST,,,,0.00,N,Not at Intersection, ,Non-Junction,None,,,         ,Jonas,Elias,Clear,"Sideswipe, Same Direction",no,no,no,no,no,False
103451599,METROPOLITAN NASHVILLE POLICE DEPT,20220525495,Davidson,Nashville,10/18/2022 5:59:00 PM,2,3,0,36.135490,-86.759990,NOLENSVILLE PKE,,,,14.00,Feet,North,WINGROVE ST,,,,0.00,N,Not at Intersection,N,Non-Junction,None,,,         ,Dakota,Davis,Clear,Angle,no,no,no,no,no,False
103451618,METROPOLITAN NASHVILLE POLICE DEPT,20220525548,Davidson,Nashville,10/18/2022 3:00:00 PM,2,0,0,36.067900,-86.631790,MURFREESBORO PKE,,,,239.00,Feet,North,FOREST VIEW DR,,,,0.00,N,Not at Intersection, ,Non-Junction,None,,,         ,Nadine,Klemenz,Clear,"Sideswipe, Same Direction",no,no,no,no,no,False
103451619,METROPOLITAN NASHVILLE POLICE DEPT,20220525444,Davidson,Nashville,10/18/2022 4:00:00 PM,2,0,0,36.156340,-86.782110,DEMONBREUN ST,,,,0.00,Feet,North,9TH AVS,,,,0.00,N,Not at Intersection, ,Non-Junction,None,,,         ,Michael,Foster,Clear,Front to Rear,no,no,no,no,yes,False
103451622,METROPOLITAN NASHVILLE POLICE DEPT,20220525428,Davidson,Nashville,10/18/2022 5:01:00 PM,1,1,0,36.156340,-86.782110,DEMONBREUN ST,,,,0.00,,,9TH AVS,,,,0.00,Y,T-Intersection,N,Intersection,None,,,         ,David,Snowden,Clear,Not Collision with Motor Vehicle in Transport,yes,no,no,no,no,False
103451639,METROPOLITAN NASHVILLE POLICE DEPT,20220525599,Davidson,Nashville,10/18/2022 5:52:00 PM,2,0,0,36.147300,-86.857950,WHITE BRIDGE PKE,,,,407.00,Feet,South,LENOX AV,,,,0.00,N,Not at Intersection, ,Non-Junction,None,,,         ,Jared,Dick,Clear,"Sideswipe, Same Direction",no,no,no,no,no,False
103451651,METROPOLITAN NASHVILLE POLICE DEPT,20220525547,Davidson,Nashville,10/18/2022 6:30:00 PM,1,1,0,36.177850,-86.773090,I 24,,,,0.00,,,,,,,47.80,N,Not at Intersection,N,Non-Junction,None,,,         ,Justen,Ogle,Clear,Not Collision with Motor Vehicle in Transport,no,no,no,no,no,False
103451655,METROPOLITAN NASHVILLE POLICE DEPT,20220525633,Davidson,Not in City Limit,10/18/2022 5:17:00 PM,2,1,0,36.276890,-86.751650,DICKERSON PKE,,,,299.00,Feet,South,HUNTERS LN,,,,0.00,N,Not at Intersection,N,Non-Junction,None,,,         ,Kyle,Eicholtz,Clear,"Sideswipe, Same Direction",no,no,no,no,yes,False
103451688,GOODLETTSVILLE POLICE DEPT,22-31928,Davidson,Goodlettsville,10/18/2022 5:53:00 PM,2,0,0,36.315040,-86.713620,RIVERGATE PKWY,,,,0.00,,,S MAIN ST,,,,0.00,Y,Four-Way,Y,Intersection,None,,,         ,William,Monaghan,Clear,Front to Rear,no,no,no,no,no,False
103451694,METROPOLITAN NASHVILLE POLICE DEPT,20220525431,Davidson,Nashville,10/18/2022 3:00:00 PM,1,1,0,36.229440,-86.757930,BROADMOOR DR,,,,396.00,Feet,East,DICKERSON PKE,,,,0.00,N,Not at Intersection,N,Non-Junction,None,,,         ,Chad,Connors,Clear,Not Collision with Motor Vehicle in Transport,yes,no,no,no,yes,False
103451699,METROPOLITAN NASHVILLE POLICE DEPT,20220525553,Davidson,Nashville,10/18/2022 6:30:00 PM,2,1,0,36.189530,-86.837690,HYDES FERRY RD,,,,0.00,Feet,,COUNTY HOSPITAL RD,,,,0.00,Y,Four-Way,N,Intersection,None,,,         ,Tyler,Jordan,Clear,Angle,no,no,no,no,no,False
103451713,METROPOLITAN NASHVILLE POLICE DEPT,20220525555,Davidson,Nashville,10/18/2022 6:38:00 PM,2,0,0,36.151560,-86.752080,I 40,,,,0.00,,,,,,,211.45,N,Not at Intersection, ,Non-Junction,None,,,         ,Douglas,Mann,Clear,"Sideswipe, Same Direction",no,no,no,no,no,False
103451723,METROPOLITAN NASHVILLE POLICE DEPT,20220525471,Davidson,Nashville,10/18/2022 5:06:00 PM,4,0,0,36.133360,-86.775260,I 65,,,,0.00,,,,,,,81.35,N,Not at Intersection, ,Non-Junction,None,,,         ,Brady,Reynolds,Clear,Front to Rear,no,no,no,no,no,False
103451724,METROPOLITAN NASHVILLE POLICE DEPT,20220525645,Davidson,Nashville,10/18/2022 7:50:00 PM,2,0,0,36.120420,-86.767570,BERRY RD,,,,0.00,,,BERRYWOOD DR,,,,0.00,Y,OTHER, ,,None,,,         ,Brady,Reynolds,,,no,no,no,no,no,False
103451737,METROPOLITAN NASHVILLE POLICE DEPT,20220525377,Davidson,Nashville,10/18/2022 4:26:00 PM,2,0,0,36.115890,-86.783180,CRAIG AV,,,,0.00,,,BATTLEFIELD DR,,,,0.00,Y,OTHER,N,Non-Junction,None,,,         ,David,Harms,Cloudy,Front to Rear,no,no,no,no,no,False
103451744,METROPOLITAN NASHVILLE POLICE DEPT,20220525702,Davidson,Nashville,10/18/2022 8:19:00 PM,2,0,0,36.138670,-86.810870,BLAKEMORE AV,,,,0.00,Feet,,NATCHEZ TRC,,,,0.00,Y,Four-Way,Y,Intersection,None,,,         ,Tristen,Mayfield,Clear,Angle,no,no,no,no,no,Campus