master_record_number,agency,agency_tracking_number,county,city,collision_date,vehicles_involved,number_injured,number_dead,latitude,longitude,roadway_name,roadway_suffix,roadway_number,roadway_local_id,distance_from_reference,miles-feet_indicator,direction_from_reference,intersection_road_name,intersection_road_name_suffix,intersection_road_number,intersection_local_id,mile_marker,intersection_indicator,intersect_type,interchange_related_indicator,relation_to_junction,work_zone_type,construction_maintenance_zone,construction_maintenance_zone_location,fatal_case_number,officer_first_name,officer_last_name,weather_condition(s),manner_of_crash,pedestrian,bicycle,scooter,parking,hitrun,mou
103455624,METROPOLITAN NASHVILLE POLICE DEPT,20220532831,Davidson,Nashville,10/22/2022 5:02:00 PM,2,1,0,36.169540,-86.678440,LEBANON PKE,,,,433.00,Feet,East,MCGAVOCK PKE,,,,0.00,N,Not at Intersection,N,Non-Junction,None,,,         ,Kody,Littles,Clear,Angle,no,no,no,no,no,False
103455633,METROPOLITAN NASHVILLE POLICE DEPT,20220532836,Davidson,Nashville,10/22/2022 3:58:00 PM,2,1,0,36.111590,-86.745560,NOLENSVILLE PKE,,,,247.00,Feet,North,ELIZABETH ST,,,,0.00,N,Not at Intersection,N,Non-Junction,None,,,         ,Nicholas,Hoffmann,Clear,"Sideswipe, Same Direction",no,no,no,no,no,False
103455652,METROPOLITAN NASHVILLE POLICE DEPT,20220532901,Davidson,Nashville,10/22/2022 6:09:00 PM,2,0,0,36.045710,-86.720790,HICKORY VILLA DR,,,,3.00,Feet,North,OLD HICKORY BLVD,,,,0.00,N,Not at Intersection,N,Non-Junction,None,,,         ,Flynn,Ireland,Clear,HeadOn,no,no,no,no,no,False
103455668,METROPOLITAN NASHVILLE POLICE DEPT,20220532874,Davidson,Nashville,10/22/2022 5:29:00 PM,1,0,0,36.175560,-86.770740,I24 W ENT RAMP,,,,0.00,Feet,East,I 24,,,,0.00,N,Not at Intersection,N,Entrance/Exit Ramp Related,None,,,         ,Ty,Cummings,Clear,Not Collision with Motor Vehicle in Transport,no,no,no,no,yes,False
103455681,METROPOLITAN NASHVILLE POLICE DEPT,20220533021,Davidson,Nashville,10/22/2022 7:48:00 PM,1,0,0,36.153070,-86.788380,MUSIC CIRE,,,,0.00,,,,,,,0.00,,,N,Non-Junction,None,,,         ,Cory,Stratton,Clear,Not Collision with Motor Vehicle in Transport,no,no,no,yes,yes,False
103455699,METROPOLITAN NASHVILLE POLICE DEPT,20220532838,Davidson,Nashville,10/22/2022 4:43:00 PM,2,0,0,36.164340,-86.614420,DODSON CHAPEL RD,,,,0.00,,,ALTA LAKE GRNWY,,,,0.00,Y,T-Intersection,N,"Driveway, Alley Access, etc",None,,,         ,Forrest,Punke,Clear,Angle,no,no,no,no,yes,False
103455706,METROPOLITAN NASHVILLE POLICE DEPT,20220532845,Davidson,Madison,10/22/2022 12:00:00 AM,2,1,0,36.264450,-86.732280,OLD HICKORY BLVDW,,,,0.00,,,N GRAYCROFT AV,,,,0.00,Y,Four-Way,Y,Intersection-Related,None,,,         ,Amanda,Topping,Clear,Front to Rear,no,no,no,no,no,False
103455727,METROPOLITAN NASHVILLE POLICE DEPT,20220533079,Davidson,Nashville,10/22/2022 9:34:00 PM,2,0,0,36.071620,-86.635900,MURFREESBORO PKE,,,,128.00,Feet,South,BELL RD,,,,0.00,N,Not at Intersection,N,Non-Junction,None,,,         ,Joshua,Zambrano-Vera,Clear,Angle,no,no,no,no,no,False
103455734,METROPOLITAN NASHVILLE POLICE DEPT,20220533065,Davidson,Madison,10/22/2022 12:00:00 AM,2,1,0,36.262780,-86.712020,GALLATIN PKES,,,,108.00,Feet,South,GALLATIN PKEN,,,,0.00,N,Not at Intersection,N,Non-Junction,None,,,         ,Chase,Carter,Clear,HeadOn,no,no,no,no,yes,False
103455736,METROPOLITAN NASHVILLE POLICE DEPT,20220532973,Davidson,Nashville,10/22/2022 7:35:00 PM,2,0,0,36.139440,-86.819930,MURPHY RD,,,,0.00,,,PARK DR,,,,0.00,Y,T-Intersection,N,Non-Junction,None,,,         ,Nicholas,Carroll,Clear,Front to Rear,no,no,no,no,no,False
103455743,METROPOLITAN NASHVILLE POLICE DEPT,20220533213,Davidson,Nashville,10/22/2022 9:45:00 PM,2,0,0,36.143170,-86.704660,I 40,,,,0.00,,,,,,,214.50,N,Not at Intersection, ,Non-Junction,None,,,         ,Matthew,Jorgensen,Clear,Front to Rear,no,no,no,no,yes,False
103455745,METROPOLITAN NASHVILLE POLICE DEPT,20220533085,Davidson,Nashville,10/22/2022 9:37:00 PM,2,1,0,36.068590,-86.623730,OWENDALE DR,,,,0.00,,,KINWOOD DR,,,,0.00,Y,Four-Way,N,Intersection,None,,,         ,Michael,Overberg,Clear,Angle,no,no,no,no,no,False
103455746,METROPOLITAN NASHVILLE POLICE DEPT,20220532910,Davidson,Nashville,10/22/2022 6:03:00 PM,1,0,0,36.175560,-86.766670,ELLINGTON PKWYN,,,,92.00,Feet,North,ELLINGTON PKWY N ENT RAMP,,,,0.00,N,Not at Intersection,N,Non-Junction,None,,,         ,Ty,Cummings,Clear,Not Collision with Motor Vehicle in Transport,no,no,no,no,no,False
103455748,METROPOLITAN NASHVILLE POLICE DEPT,20220532963,Davidson,Nashville,10/22/2022 12:00:00 AM,3,0,0,36.094790,-86.736960,NOLENSVILLE PKE,,,,405.00,Feet,South,WHEELER AV,,,,0.00,N,Not at Intersection,N,Non-Junction,None,,,         ,Nicholas,Hoffmann,Clear,Front to Rear,no,no,no,no,yes,False
103455776,METROPOLITAN NASHVILLE POLICE DEPT,20220531319,Davidson,Nashville,10/21/2022 4:10:00 PM,2,0,0,36.122170,-86.754140,I 440,,,,0.00,,,I440 W ENT RAMP,,,,0.00,Y,OTHER,N,Non-Junction,None,,,         ,Joshua,Reece,Clear,Angle,no,no,no,no,no,False
103455791,METROPOLITAN NASHVILLE POLICE DEPT,20220533230,Davidson,Nashville,10/22/2022 10:55:00 PM,2,0,0,36.203340,-86.738640,GALLATIN PKE,,,,81.00,Feet,South,E TRINITY LN,,,,0.00,N,Not at Intersection, ,Non-Junction,None,,,         ,Ronald,Conner,Clear,"Sideswipe, Same Direction",no,no,no,no,no,False
103455792,METROPOLITAN NASHVILLE POLICE DEPT,20220533124,Davidson,Nashville,10/22/2022 9:33:00 PM,2,1,0,36.162420,-86.759300,CRUTCHER ST,,,,0.00,Feet,,S 5TH ST,,,,0.00,Y,Four-Way,N,Intersection,None,,,         ,Devyn,Hollinsworth,Clear,Angle,no,no,no,no,no,False
103455815,METROPOLITAN NASHVILLE POLICE DEPT,20220533221,Davidson,Nashville,10/22/2022 10:34:00 PM,2,1,0,36.101100,-86.730580,SOUTHLAKE DR,,,,65.00,Feet,North,ANTIOCH PKE,,,,0.00,N,Not at Intersection,N,Non-Junction,None,,,         ,Jerrod,Kalinsky,Clear,Angle,no,no,no,no,yes,False
103455816,METROPOLITAN NASHVILLE POLICE DEPT,20220533122,Davidson,Nashville,10/22/2022 5:17:00 PM,2,0,0,36.148380,-86.695090,BRILEY PKWY S EXT RAMP,,,,520.00,Feet,North,BRILEY PKWYS,,,,0.00,N,Not at Intersection,N,Non-Junction,None,,,         ,Kody,Littles,Clear,Unknown,no,no,no,no,yes,False
103455817,METROPOLITAN NASHVILLE POLICE DEPT,20220532845,Davidson,Nashville,10/22/2022 2:44:00 PM,2,0,0,36.153180,-86.755570,I 40,,,,0.00,,,,,,,211.20,N,Not at Intersection,Y,Non-Junction,None,,,         ,Ralph,Gault,Clear,Front to Rear,no,no,no,no,yes,False
103455820,METROPOLITAN NASHVILLE POLICE DEPT,20220533064,Davidson,Nashville,10/22/2022 9:26:00 PM,4,0,0,36.105850,-86.673260,DONELSON PKE,,,,142.00,Feet,South,MURFREESBORO PKE,,,,0.00,N,Not at Intersection,N,Non-Junction,None,,,         ,Jeffrey,Palomino-Gonzalez,Clear,Angle,no,no,no,no,yes,False
103455822,METROPOLITAN NASHVILLE POLICE DEPT,20220533271,Davidson,Nashville,10/22/2022 11:15:00 PM,1,0,0,36.063100,-86.682820,I 24,,,,0.00,,,,,,,57.60,N,Not at Intersection,N,Non-Junction,None,,,         ,Gregory,Rdzok,Clear,Not Collision with Motor Vehicle in Transport,no,no,no,no,no,False
103455837,METROPOLITAN NASHVILLE POLICE DEPT,20220533237,Davidson,Nashville,10/22/2022 11:01:00 PM,2,1,0,36.215120,-86.597670,LEBANON PKE,,,,0.00,,,ANDREW JACKSON PKWY,,,,0.00,Y,Four-Way,N,Intersection,None,,,         ,Forrest,Punke,Clear,Angle,no,no,no,no,no,False
103455839,METROPOLITAN NASHVILLE POLICE DEPT,20220533325,Davidson,Nashville,10/22/2022 9:50:00 PM,2,0,0,36.249370,-86.757050,DICKERSON PKE,,,,104.00,Feet,South,OLD DUE WEST AV,,,,0.00,N,Not at Intersection,N,Non-Junction,None,,,         ,Jacob,Frederick,Clear,Front to Rear,no,no,no,no,yes,False
103455850,METROPOLITAN NASHVILLE POLICE DEPT,20220533201,Davidson,Nashville,10/22/2022 10:48:00 PM,2,1,0,36.162550,-86.774560,1ST AVS,,,,128.00,Feet,North,DOWNTOWN GRNWY,,,,0.00,N,Not at Intersection,N,Non-Junction,None,,,         ,Jerre,Fly,Clear,"Sideswipe, Same Direction",no,no,no,no,no,False
103455889,METROPOLITAN NASHVILLE POLICE DEPT,20220533308,Davidson,Nashville,10/22/2022 11:46:00 PM,2,1,0,36.161120,-86.620340,I 40,,,,0.00,,,,,,,219.60,N,Not at Intersection,N,Non-Junction,None,,,         ,Connor,Hosey,Clear,Front to Rear,no,no,no,no,no,False
103455908,METROPOLITAN NASHVILLE POLICE DEPT,20220533513,Davidson,Nashville,10/23/2022 12:00:00 AM,2,0,0,36.160110,-86.799080,17TH AVN,,,,0.00,Feet,West,PEARL ST,,,,0.00,N,Not at Intersection,N,Non-Junction,None,,,         ,Hunter,Levan,Clear,HeadOn,no,no,no,no,yes,False
103455909,METROPOLITAN NASHVILLE POLICE DEPT,20220533492,Davidson,Nashville,10/23/2022 12:00:00 AM,1,0,0,36.154440,-86.760270,I 40,,,,0.00,,,,,,,210.95,N,Not at Intersection,Y,Non-Junction,None,,,         ,Timothy,Lehnert,Clear,Unknown,no,no,no,no,yes,False
103455950,METROPOLITAN NASHVILLE POLICE DEPT,20220533465,Davidson,Nashville,10/23/2022 2:18:00 AM,2,0,0,36.154430,-86.760080,I 40,,,,0.00,,,,,,,211.00,N,Not at Intersection, ,Non-Junction,None,,,         ,Timothy,Lehnert,Clear,"Sideswipe, Same Direction",no,no,no,no,no,False
103455951,METROPOLITAN NASHVILLE POLICE DEPT,20220533496,Davidson,Nashville,10/23/2022 2:54:00 AM,1,2,0,36.090890,-86.878720,HIGHWAY 100,,,,371.00,Feet,East,PERCY WARNER BLVD,,,,0.00,N,Not at Intersection,N,Non-Junction,None,,,         ,Alexandra,Herring,Clear,Not Collision with Motor Vehicle in Transport,no,no,no,no,no,False
103455958,METROPOLITAN NASHVILLE POLICE DEPT,20220533498,Davidson,Nashville,10/23/2022 3:05:00 AM,2,1,0,36.085670,-86.701090,HARDING PL,,,,110.00,Feet,East,I24 E ENT RAMP,,,,0.00,N,Not at Intersection,N,Entrance/Exit Ramp Related,None,,,         ,Ian,Pearce,Clear,Angle,no,no,no,no,yes,False
103455964,METROPOLITAN NASHVILLE POLICE DEPT,20220533500,Davidson,Nashville,10/23/2022 2:44:00 AM,3,2,0,36.153670,-86.763250,I 40,,,,0.00,,,,,,,210.75,N,Not at Intersection,N,Non-Junction,None,,,         ,Timothy,Lehnert,Clear,Front to Rear,no,no,no,no,no,False
103455992,METROPOLITAN NASHVILLE POLICE DEPT,20220533563,Davidson,Nashville,10/23/2022 5:22:00 AM,1,0,0,36.056940,-86.700010,TUSCULUM RD,,,,0.00,Feet,West,COLEMONT DR,,,,0.00,N,Not at Intersection,N,Non-Junction,None,,,         ,Gregory,Rdzok,Clear,Not Collision with Motor Vehicle in Transport,no,no,no,no,no,False
103455993,METROPOLITAN NASHVILLE POLICE DEPT,20220533165,Davidson,Nashville,10/22/2022 12:00:00 AM,3,1,0,36.045430,-86.703610,OLD HICKORY BLVD,,,,0.00,Feet,,EULALA DR,,,,0.00,Y,Four-Way,N,Non-Junction,None,,,         ,Kristopher,Sharpe,Clear,Front to Rear,no,no,no,no,no,False
103456002,METROPOLITAN NASHVILLE POLICE DEPT,20220533586,Davidson,Nashville,10/22/2022 11:30:00 PM,2,0,0,36.061910,-86.681590,I 24,,,,0.00,,,,,,,57.70,N,Not at Intersection,N,Non-Junction,None,,,         ,Eric,Burford,Clear,Front to Rear,no,no,no,no,yes,False
103456033,METROPOLITAN NASHVILLE POLICE DEPT,20220533667,Davidson,Nashville,10/23/2022 2:45:00 AM,2,0,0,36.077090,-86.725560,EDMONDSON PKE,,,,0.00,,,WALLACE RD,,,,0.00,Y,Four-Way,N,Intersection-Related,None,,,         ,Zachary,Wilbanks,Clear,Angle,no,no,no,no,yes,False
103456040,METROPOLITAN NASHVILLE POLICE DEPT,20220533610,Davidson,Nashville,10/23/2022 12:00:00 AM,1,0,0,36.078360,-86.656710,UNA ANTIOCH PKE,,,,122.00,Feet,East,OAK BARREL LN,,,,0.00,N,Not at Intersection,N,Non-Junction,None,,,         ,Matthew,Mrowiec,Clear,Not Collision with Motor Vehicle in Transport,no,no,no,no,yes,False
103456051,Nashville Airport Police,2022-04494,Davidson,Nashville,10/23/2022 4:38:00 AM,2,0,0,36.127130,-86.665240,DONELSON PKE,,,,700.00,Feet,South,DONELSON PKE S ENT RAMP,,,,0.00,N,Not at Intersection,N,Non-Junction,None,,,         ,Tyler,Comp,Clear,Angle,no,no,no,no,yes,False
103456057,METROPOLITAN NASHVILLE POLICE DEPT,20220533725,Davidson,Nashville,10/23/2022 9:40:00 AM,2,0,0,36.074970,-86.719740,FLORA MAXWELL RD,,,,160.00,Feet,East,TAYLOR RD,,,,0.00,N,Not at Intersection, ,Non-Junction,None,,,         ,Madison,Rolon,Unknown,Not Collision with Motor Vehicle in Transport,no,no,no,yes,yes,False
103456068,METROPOLITAN NASHVILLE POLICE DEPT,20220533683,Davidson,Nashville,10/23/2022 8:00:00 AM,2,1,0,36.166080,-86.765730,I24 E EXT RAMP,,,,0.00,,,I 24,,,,0.00,Y,Four-Way,N,Non-Junction,None,,,         ,Hunter,Hodge,Clear,Front to Rear,no,no,no,no,no,False
103456069,METROPOLITAN NASHVILLE POLICE DEPT,20220533770,Davidson,Nashville,10/23/2022 9:23:00 AM,2,0,0,36.071870,-86.636180,BELL RD,,,,0.00,,,MURFREESBORO PKE,,,,0.00,Y,Four-Way, ,Intersection,None,,,         ,Michael,Dance,Clear,Angle,no,no,no,no,no,False
103456074,METROPOLITAN NASHVILLE POLICE DEPT,20220533755,Davidson,Nashville,10/22/2022 7:22:00 AM,2,0,0,36.083500,-86.717260,SHASTA DR,,,,820.00,Feet,North,WELCH RD,,,,0.00,N,Not at Intersection,N,Non-Junction,None,,,         ,Zachary,Akers,Unknown,Unknown,no,no,no,no,yes,False
103456076,METROPOLITAN NASHVILLE POLICE DEPT,20220533718,Davidson,Nashville,10/23/2022 7:45:00 AM,1,0,0,36.244720,-86.679340,RIVER PASS,,,,0.00,,,,,,,0.00,,,N,Non-Junction,None,,,         ,Mark,Iovine,Clear,Not Collision with Motor Vehicle in Transport,no,no,no,no,no,False
103456078,METROPOLITAN NASHVILLE POLICE DEPT,20220533597,Davidson,Nashville,10/23/2022 6:35:00 AM,3,1,0,36.017630,-86.624370,I 24,,,,0.00,,,,,,,62.25,N,Not at Intersection,N,Non-Junction,None,,,         ,Andrew,Campbell,Clear,Angle,no,no,no,no,no,False
103456131,METROPOLITAN NASHVILLE POLICE DEPT,20220533724,Davidson,Nashville,10/23/2022 8:46:00 AM,2,1,0,36.150690,-86.767950,2ND AVS,,,,0.00,,,LAFAYETTE ST,,,,0.00,Y,OTHER,N,Intersection,None,,,         ,Brian,Ritz,Clear,Front to Rear,no,no,no,no,no,False
103456132,METROPOLITAN NASHVILLE POLICE DEPT,20220533792,Davidson,Nashville,10/23/2022 9:55:00 AM,2,0,0,36.183650,-86.610660,OLD HICKORY BLVD,,,,0.00,,,ANDREW JACKSON PKWY,,,,0.00,Y,Four-Way,N,Intersection,None,,,         ,Mitchell,Tolzmann,Clear,"Sideswipe, Same Direction",no,no,no,no,no,False
103456142,VANDERBILT UNIVERSITY POLICE,22-0532649,Davidson,Nashville,10/22/2022 2:00:00 PM,2,0,0,36.139240,-86.803550,CHILDRENS WAY,,,,0.00,,,,,,,0.00,,, ,,None,,,         ,Scott,Johnson,,,no,no,no,yes,no,Campus
103456148,METROPOLITAN NASHVILLE POLICE DEPT,20220533797,Davidson,Nashville,10/23/2022 11:14:00 AM,3,0,0,36.122320,-86.727330,I 24,,,,0.00,,,,,,,52.75,N,Not at Intersection, ,Non-Junction,None,,,         ,Madison,Rolon,Clear,Front to Rear,no,no,no,no,no,False
103456152,METROPOLITAN NASHVILLE POLICE DEPT,20220533830,Davidson,Nashville,10/23/2022 10:48:00 AM,2,0,0,36.081950,-86.761290,HARDING PL,,,,134.00,Feet,East,SIDCO DR,,,,0.00,N,Not at Intersection, ,Non-Junction,None,,,         ,Travis,Pemberton,Clear,Angle,no,no,no,no,yes,False
103456168,METROPOLITAN NASHVILLE POLICE DEPT,20220533822,Davidson,Nashville,10/23/2022 2:45:00 AM,3,0,0,36.074200,-86.682470,ANTIOCH PKE,,,,0.00,,,,,,,0.00,,, ,Non-Junction,None,,,         ,Zachary,Wilbanks,Clear,Angle,no,no,no,no,yes,False
103456196,METROPOLITAN NASHVILLE POLICE DEPT,20220533912,Davidson,Nashville,10/23/2022 12:36:00 PM,2,0,0,36.155410,-86.880740,EDSEL DR,,,,0.00,,,ANNEX AV,,,,0.00,Y,Four-Way,N,Intersection,None,,,         ,Jackson,Smythe,Clear,Angle,no,no,no,no,no,False
103456210,METROPOLITAN NASHVILLE POLICE DEPT,20220533848,Davidson,Nashville,10/23/2022 12:00:00 AM,3,2,0,36.190810,-86.789470,I 65,,,,0.00,,,,,,,85.75,N,Not at Intersection,N,Non-Junction,None,,,         ,Maria,Reynolds,Clear,Front to Rear,no,no,no,no,no,False
103456248,METROPOLITAN NASHVILLE POLICE DEPT,20220533948,Davidson,Nashville,10/23/2022 12:23:00 PM,2,0,0,36.140830,-86.883010,ANNEX AV,,,,965.00,Feet,West,CHARLOTTE PKE,,,,0.00,N,Not at Intersection,N,Non-Junction,None,,,         ,Jackson,Smythe,Clear,"Sideswipe, Opposite Direction",no,no,no,no,yes,False
103456271,METROPOLITAN NASHVILLE POLICE DEPT,20220533898,Davidson,Nashville,10/23/2022 12:20:00 PM,1,1,0,36.151340,-86.768360,2ND AVS,,,,0.00,,,I40 E ENT RAMP,,,,0.00,Y,Four-Way,N,Entrance/Exit Ramp Related,None,,,         ,Mitchell,Tolzmann,Clear,Not Collision with Motor Vehicle in Transport,no,yes,no,no,no,False
103456280,METROPOLITAN NASHVILLE POLICE DEPT,20220533918,Davidson,Nashville,10/23/2022 12:34:00 PM,2,0,0,36.176430,-86.797010,CHEATHAM PL,,,,155.00,Feet,North,10TH AVN,,,,0.00,N,Not at Intersection,N,Non-Junction,None,,,         ,Jordan,Vrbas,Clear,Front to Rear,no,no,no,no,yes,False
103456297,METROPOLITAN NASHVILLE POLICE DEPT,20220533971,Davidson,Nashville,10/23/2022 12:00:00 AM,2,0,0,36.153430,-86.626620,PERCY PRIEST DR,,,,336.00,Feet,West,STEWARTS FERRY PKE,,,,0.00,N,Not at Intersection,N,Non-Junction,None,,,         ,Clayton,Smith,Clear,Angle,no,no,no,yes,yes,False
103456298,BRENTWOOD POLICE DEPT,BPD-22-02388,Davidson,Nashville,10/20/2022 5:38:00 PM,2,0,0,36.036140,-86.795170,CADILLAC DR,,,,5.00,Feet,West,BRENTWOOD BLVD,,,,0.00,N,Not at Intersection,N,Non-Junction,None,,,         ,Ayla,Robertson,Clear,Angle,no,no,no,no,no,False
103456342,METROPOLITAN NASHVILLE POLICE DEPT,20220534003,Davidson,Nashville,10/23/2022 2:39:00 PM,2,1,0,36.083130,-86.766650,HARDING PL,,,,3.00,Feet,West,I65 S ENT RAMP,,,,0.00,N,Not at Intersection,N,Entrance/Exit Ramp Related,None,,,         ,Michael,Do,Clear,Front to Rear,no,no,no,no,no,False
103456343,BRENTWOOD POLICE DEPT,BPD-22-02404,Davidson,Nashville,10/22/2022 4:03:00 PM,2,0,0,36.025040,-86.783630,WILSON PIKE,,,,85.00,Feet,South,MEADOWLAWN DR,,,,0.00,N,Not at Intersection, ,Non-Junction,None,,,         ,Ayla,Robertson,Clear,Angle,no,no,no,no,no,False
103456358,METROPOLITAN NASHVILLE POLICE DEPT,20220534034,Davidson,Nashville,10/23/2022 3:00:00 PM,1,1,0,36.179740,-86.810900,DR D B TODD JR BLVD,,,,101.00,Feet,North,17TH AVN,,,,0.00,N,Not at Intersection,N,Non-Junction,None,,,         ,Hendrik,Kruger,Clear,Not Collision with Motor Vehicle in Transport,yes,no,no,yes,yes,False
103456360,METROPOLITAN NASHVILLE POLICE DEPT,20220533976,Davidson,Nashville,10/23/2022 2:00:00 PM,2,0,0,36.276050,-86.735170,I 65,,,,0.00,,,,,,,93.05,N,Not at Intersection,N,Non-Junction,None,,,         ,Rodney,Phipps,Clear,Front to Rear,no,no,no,no,yes,False
103456361,METROPOLITAN NASHVILLE POLICE DEPT,2022053373,Davidson,Nashville,10/23/2022 12:00:00 AM,2,0,0,36.085990,-86.659750,BLUE MOUNTAIN LN,,,,402.00,Feet,North,GANNETT PEAK LN,,,,0.00,N,Not at Intersection, ,Non-Junction,None,,,         ,Lisa,Vidrios,Unknown,"Sideswipe, Same Direction",no,no,no,no,yes,False
103456370,METROPOLITAN NASHVILLE POLICE DEPT,20220533799,Davidson,Not in City Limit,10/23/2022 10:20:00 AM,1,1,0,36.316460,-86.834340,CLAY LICK RD,,,,274.00,Feet,West,CLAY LICK RD PVTDR,,,,0.00,N,Not at Intersection,N,Non-Junction,None,,,         ,Chase,Harriman,Clear,Not Collision with Motor Vehicle in Transport,no,no,no,no,no,False
103456387,METROPOLITAN NASHVILLE POLICE DEPT,20220534089,Davidson,Nashville,10/23/2022 4:00:00 PM,2,0,0,36.151380,-86.751190,I 40,,,,0.00,,,,,,,211.50,N,Not at Intersection,N,Non-Junction,None,,,         ,Reagan,Heath,Clear,"Sideswipe, Same Direction",no,no,no,no,no,False
103456388,METROPOLITAN NASHVILLE POLICE DEPT,20220532702,Davidson,Nashville,10/22/2022 12:00:00 AM,2,1,0,36.193000,-86.828470,CLIFF DR,,,,300.00,Feet,North,CLARKSVILLE PKE,,,,0.00,N,Not at Intersection,N,Non-Junction,None,,,         ,Robert,Laboy,Clear,Angle,no,no,no,no,no,False
103456389,METROPOLITAN NASHVILLE POLICE DEPT,20220533993,Davidson,Nashville,10/23/2022 12:29:00 PM,2,0,0,36.184380,-86.748120,GALLATIN AV,,,,125.00,Feet,South,CHICAMAUGA AV,,,,0.00,N,Not at Intersection, ,Non-Junction,None,,,         ,Seth,Wilson,Clear,Angle,no,no,no,no,no,False
103456397,METROPOLITAN NASHVILLE POLICE DEPT,20220534041,Davidson,Nashville,10/23/2022 12:45:00 PM,2,0,0,36.129300,-86.904350,CHARLOTTE PKE,,,,0.00,Feet,,CHARLOTTE PKE PVTDR,,,,0.00,Y,T-Intersection,Y,Intersection,None,,,         ,Mark,Lemieux,Clear,Angle,no,no,no,no,yes,False
103456399,METROPOLITAN NASHVILLE POLICE DEPT,20220534061,Davidson,Nashville,10/23/2022 3:30:00 PM,2,0,0,36.161400,-86.777450,4TH AVN,,,,156.00,Feet,North,BROADWAY,,,,0.00,N,Not at Intersection, ,Non-Junction,None,,,         ,Matthew,Hogan,Clear,"Sideswipe, Same Direction",no,no,no,no,no,False
103456460,METROPOLITAN NASHVILLE POLICE DEPT,20220534051,Davidson,Nashville,10/23/2022 3:33:00 PM,1,1,0,36.126570,-86.710930,MURFREESBORO PKE,,,,69.00,Feet,South,THOMPSON PL,,,,0.00,N,Not at Intersection,N,Non-Junction,None,,,         ,Joshua,Zambrano-Vera,Clear,Not Collision with Motor Vehicle in Transport,yes,no,no,no,no,False
103456462,METROPOLITAN NASHVILLE POLICE DEPT,20220534117,Davidson,Nashville,10/23/2022 4:24:00 PM,1,0,0,36.240640,-86.749840,BRILEY PKWYW,,,,35.00,Feet,West,I65 S EXT RAMP,,,,0.00,N,Not at Intersection,N,Non-Junction,None,,,         ,Brandon,Lopez,Clear,Not Collision with Motor Vehicle in Transport,no,no,no,no,yes,False
103456467,METROPOLITAN NASHVILLE POLICE DEPT,20220534105,Davidson,Not in City Limit,10/23/2022 3:57:00 PM,2,0,0,36.079310,-86.953750,COLEY DAVIS RD,,,,119.00,Feet,South,HIGHWAY 70S,,,,0.00,N,Not at Intersection, ,Non-Junction,None,,,         ,Stacia,Getz,Clear,"Sideswipe, Same Direction",no,no,no,no,no,False
103456479,METROPOLITAN NASHVILLE POLICE DEPT,20220534170,Davidson,Nashville,10/23/2022 4:45:00 PM,2,0,0,36.116380,-86.923690,CHARLOTTE PKE,,,,176.00,Feet,West,OLD HICKORY BLVD,,,,0.00,N,Not at Intersection, ,Non-Junction,None,,,         ,Mark,Lemieux,Clear,Front to Rear,no,no,no,no,no,False
103456482,METROPOLITAN NASHVILLE POLICE DEPT,20220534124,Davidson,Nashville,10/23/2022 4:30:00 PM,2,0,0,36.151630,-86.752240,I 40,,,,0.00,,,,,,,211.45,N,Not at Intersection,N,Non-Junction,None,,,         ,Dylan,Colquhoun,Clear,Angle,no,no,no,no,no,False
103456485,THP District 3 - Nashville,322087603,Davidson,Nashville,10/21/2022 11:52:00 AM,2,0,0,36.053310,-86.672380,I 24,,,,0.00,,,,,,,58.50,N,Not at Intersection, ,Non-Junction,None,,,         ,Keith,Velez,Clear,"Sideswipe, Same Direction",no,no,no,no,no,False
103456488,METROPOLITAN NASHVILLE POLICE DEPT,20220534145,Davidson,Nashville,10/23/2022 4:43:00 PM,2,0,0,36.261320,-86.757560,DICKERSON PKE,,,,62.00,Feet,North,TUCKAHOE DR,,,,0.00,N,Not at Intersection,N,Non-Junction,None,,,         ,Joseph,Santana,Clear,Angle,no,no,no,no,no,False
103456490,THP District 3 - Nashville,322087610,Davidson,Nashville,10/21/2022 11:45:00 AM,2,0,0,36.102830,-86.671920,EZELL PKE,,,,794.00,Feet,West,CITATION DR,,,,0.00,N,Not at Intersection,N,Non-Junction,None,,,         ,Lennart,Schaaf,Clear,Front to Rear,no,no,no,no,no,False
103456491,THP District 3 - Nashville,322087671,Davidson,Nashville,10/21/2022 12:52:00 PM,2,1,0,36.143130,-86.666650,DONELSON PKE,,,,304.00,Feet,North,I40 W ENT RAMP,,,,0.00,N,Not at Intersection,N,Non-Junction,None,,,         ,Lennart,Schaaf,Clear,Front to Rear,no,no,no,no,no,False
103456499,METROPOLITAN NASHVILLE POLICE DEPT,20220534068,Davidson,Nashville,10/23/2022 2:08:00 PM,2,0,0,36.187060,-86.631070,LEBANON PKE,,,,0.00,Feet,,CENTRAL PKE,,,,0.00,Y,Four-Way,Y,Intersection,None,,,         ,William,Boler,Clear,Front to Rear,no,no,no,no,yes,False
103456500,METROPOLITAN NASHVILLE POLICE DEPT,20220534095,Davidson,Nashville,10/23/2022 3:45:00 PM,2,0,0,36.154960,-86.773280,4TH AVS,,,,102.00,Feet,North,LEA AV,,,,0.00,N,Not at Intersection,N,Non-Junction,None,,,         ,Blake,Curry,Clear,Angle,no,no,no,no,no,False