master_record_number,agency,agency_tracking_number,county,city,collision_date,vehicles_involved,number_injured,number_dead,latitude,longitude,roadway_name,roadway_suffix,roadway_number,roadway_local_id,distance_from_reference,miles-feet_indicator,direction_from_reference,intersection_road_name,intersection_road_name_suffix,intersection_road_number,intersection_local_id,mile_marker,intersection_indicator,intersect_type,interchange_related_indicator,relation_to_junction,work_zone_type,construction_maintenance_zone,construction_maintenance_zone_location,fatal_case_number,officer_first_name,officer_last_name,weather_condition(s),manner_of_crash,pedestrian,bicycle,scooter,parking,hitrun,mou
103456514,METROPOLITAN NASHVILLE POLICE DEPT,20220534278,Davidson,Nashville,10/23/2022 3:41:00 PM,1,0,0,36.062290,-86.735270,WESTCREST DR,,,,247.00,Feet,South,BREWER DR,,,,0.00,N,Not at Intersection,N,OtherLocation,None,,,         ,Jacob,Robbins,Clear,Not Collision with Motor Vehicle in Transport,no,no,no,no,yes,False
103456525,METROPOLITAN NASHVILLE POLICE DEPT,20220534154,Davidson,Nashville,10/23/2022 3:33:00 PM,3,0,0,36.071390,-86.664290,UNA ANTIOCH PKE,,,,56.00,Feet,South,APOLLO DR,,,,0.00,N,Not at Intersection,N,Non-Junction,None,,,         ,Amgad,Bekhit,Clear,Front to Rear,no,no,no,no,yes,False
103456534,METROPOLITAN NASHVILLE POLICE DEPT,20220534237,Davidson,Nashville,10/23/2022 5:45:00 PM,2,1,0,36.194630,-86.776180,I 65,,,,0.00,,,,,,,86.50,N,Not at Intersection,N,Non-Junction,None,,,         ,Alex,Mann,Clear,Front to Rear,no,no,no,no,no,False
103456536,WILLIAMSON CO SHERIFFS OFFICE,2223861,Davidson,Not in City Limit,10/23/2022 7:01:00 PM,1,0,0,35.983270,-86.989390,NEW HIGHWAY 96W,,,,0.00,Feet,West,NATCHEZ VALLEY LN,,,,0.00,N,Not at Intersection, ,Non-Junction,None,,,         ,William,Nalley,Clear,Not Collision with Motor Vehicle in Transport,no,no,no,no,no,False
103456537,METROPOLITAN NASHVILLE POLICE DEPT,20220534182,Davidson,Nashville,10/23/2022 5:10:00 PM,2,0,0,36.043300,-86.640800,MT VIEW RD,,,,0.00,,,BABY RUTH LN,,,,0.00,Y,T-Intersection,N,Non-Junction,None,,,         ,Corey,Schulz,Clear,Not Collision with Motor Vehicle in Transport,no,no,no,no,no,False
103456558,VANDERBILT UNIVERSITY POLICE,20220529582,Davidson,Nashville,10/23/2022 12:00:00 AM,2,0,0,36.142510,-86.804820,24TH AVS,,,,0.00,,,HIGHLAND AV,,,,0.00,Y,OTHER, ,Non-Junction,None,,,         ,Edwin,Melgar,,Front to Rear,no,no,no,yes,yes,Campus
103456559,METROPOLITAN NASHVILLE POLICE DEPT,20220534073,Davidson,Goodlettsville,10/23/2022 12:00:00 AM,2,0,0,36.304640,-86.689090,GALLATIN PKEN,,,,43.00,Feet,West,LIBERTY LN,,,,0.00,N,Not at Intersection,N,Non-Junction,None,,,         ,Mark,Iovine,Clear,Front to Rear,no,no,no,no,no,False
103456560,METROPOLITAN NASHVILLE POLICE DEPT,20220534082,Davidson,Nashville,10/23/2022 3:59:00 PM,3,6,0,36.141010,-86.717620,I 40,,,,0.00,,,,,,,213.20,N,Not at Intersection,N,Non-Junction,None,,,         ,Rami,Rouhi,Clear,Front to Rear,no,no,no,no,no,False
103456572,METROPOLITAN NASHVILLE POLICE DEPT,20220534263,Davidson,Nashville,10/23/2022 6:18:00 PM,2,6,0,36.141960,-86.677510,I 40,,,,0.00,,,,,,,216.00,N,Not at Intersection,N,Non-Junction,None,,,         ,Robert,Marquez,Clear,Front to Rear,no,no,no,no,no,False
103456626,METROPOLITAN NASHVILLE POLICE DEPT,20220534329,Davidson,Nashville,10/23/2022 2:41:00 PM,2,0,0,36.184040,-86.610410,ANDREW JACKSON PKWY,,,,158.00,Feet,North,OLD HICKORY BLVD,,,,0.00,N,Not at Intersection, ,,None,,,         ,Zachary,Nichols,,,no,no,no,no,no,False
103456636,METROPOLITAN NASHVILLE POLICE DEPT,20220534320,Davidson,Nashville,10/23/2022 7:24:00 PM,2,1,0,36.053690,-86.714820,BREWER DR,,,,60.00,Feet,East,NOLENSVILLE PKE,,,,0.00,N,Not at Intersection,N,Non-Junction,None,,,         ,Michael,Hones,Clear,Front to Rear,no,no,no,no,yes,False
103456681,METROPOLITAN NASHVILLE POLICE DEPT,20220534400,Davidson,Nashville,10/23/2022 8:20:00 PM,2,1,0,36.118970,-86.809210,HILLSBORO PKE,,,,259.00,Feet,South,STOKES LN,,,,0.00,N,Not at Intersection,N,Non-Junction,None,,,         ,Garrett,Latham,Clear,Front to Rear,no,no,no,no,no,False
103456696,METROPOLITAN NASHVILLE POLICE DEPT,20220534540,Davidson,Nashville,10/23/2022 12:00:00 AM,1,0,0,36.033520,-86.712980,BARNES RD,,,,0.00,,,NOLENSVILLE PKE,,,,0.00,,Four-Way,N,Intersection-Related,None,,,         ,Jacob,Robbins,Clear,Not Collision with Motor Vehicle in Transport,no,no,no,no,no,False
103456704,METROPOLITAN NASHVILLE POLICE DEPT,20220534314,Davidson,Nashville,10/23/2022 7:20:00 PM,2,1,0,36.177220,-86.753940,MAIN ST,,,,388.00,Feet,West,FINN ST,,,,0.00,N,Not at Intersection,N,Non-Junction,None,,,         ,Daniel,Carney,Clear,Angle,no,no,no,no,no,False
103456721,METROPOLITAN NASHVILLE POLICE DEPT,20220534355,Davidson,Nashville,10/23/2022 5:30:00 PM,2,0,0,36.144660,-86.744040,ELM HILL PKE,,,,0.00,Feet,,FESSLERS LN,,,,0.00,Y,Four-Way,N,Intersection,None,,,         ,Daniel,Rizzo,Clear,"Sideswipe, Same Direction",no,no,no,no,yes,False
103456723,METROPOLITAN NASHVILLE POLICE DEPT,20220534484,Davidson,Nashville,10/23/2022 12:00:00 AM,2,0,0,36.161190,-86.757060,DAVIDSON ST,,,,262.00,Feet,West,S 6TH ST,,,,0.00,N,Not at Intersection, ,Non-Junction,None,,,         ,Devyn,Hollinsworth,Clear,"Sideswipe, Same Direction",no,no,no,no,yes,False
103456736,METROPOLITAN NASHVILLE POLICE DEPT,20220534189,Davidson,Nashville,10/23/2022 5:22:00 PM,3,2,0,36.082670,-86.710490,HARDING PL,,,,0.00,,,TAMPA DR,,,,0.00,Y,Four-Way,Y,Intersection,None,,,         ,Adam,Kauffman,Clear,Angle,no,no,no,no,no,False
103456737,METROPOLITAN NASHVILLE POLICE DEPT,20220534536,Davidson,Nashville,10/23/2022 10:03:00 PM,2,1,0,36.108380,-86.720260,I24 W EXT RAMP,,,,0.00,,,I 24,,,,0.00,Y,OTHER,N,Non-Junction,None,,,         ,Amanda,Hanna,Clear,"Sideswipe, Same Direction",no,no,no,no,yes,False
103456752,METROPOLITAN NASHVILLE POLICE DEPT,20220534633,Davidson,Nashville,10/23/2022 10:51:00 PM,2,0,0,36.065420,-86.738460,EDMONDSON PKE,,,,229.00,Feet,North,WHITFIELD PARK PVTDR,,,,0.00,N,Not at Intersection,N,Non-Junction,None,,,         ,Tyler,Shanks,Clear,"Sideswipe, Opposite Direction",no,no,no,no,yes,False
103456759,METROPOLITAN NASHVILLE POLICE DEPT,20220534357,Davidson,Nashville,10/23/2022 6:52:00 PM,2,0,0,36.176740,-86.765220,ELLINGTON PKWYN,,,,314.00,Feet,West,ELLINGTON PKWY N ENT RAMP,,,,0.00,N,Not at Intersection,N,Non-Junction,None,,,         ,Joseph,Gonzales,Clear,Front to Rear,no,no,no,no,no,False
103456760,METROPOLITAN NASHVILLE POLICE DEPT,20220534533,Davidson,Nashville,10/23/2022 9:45:00 PM,2,0,0,36.132730,-86.795610,BELMONT BLVD,,,,92.00,Feet,East,PORTLAND AV,,,,0.00,N,Not at Intersection, ,,None,,,         ,Alexander,Perry,,,no,no,no,yes,no,False
103456767,METROPOLITAN NASHVILLE POLICE DEPT,20220534352,Davidson,Nashville,10/23/2022 7:30:00 PM,3,0,0,36.110620,-86.745050,NOLENSVILLE PKE,,,,125.00,Feet,South,THOMPSON LN,,,,0.00,N,Not at Intersection,N,Non-Junction,None,,,         ,Nicholas,Hoffmann,Clear,Front to Rear,no,no,no,no,yes,False
103456779,METROPOLITAN NASHVILLE POLICE DEPT,20220534681,Davidson,Goodlettsville,10/23/2022 11:20:00 PM,1,1,0,36.296290,-86.698690,MYATT DR,,,,129.00,Feet,North,RIVERGATE STATION PVTDR,,,,0.00,N,Not at Intersection,N,Non-Junction,None,,,         ,Jonathon,Sheppard,Clear,Not Collision with Motor Vehicle in Transport,yes,no,no,no,no,False
103456781,METROPOLITAN NASHVILLE POLICE DEPT,20220534418,Davidson,Nashville,10/23/2022 7:51:00 PM,2,1,0,36.228000,-86.772460,I 65,,,,0.00,,,,,,,88.80,N,Not at Intersection,N,Non-Junction,None,,,         ,Joseph,Gonzales,Clear,"Sideswipe, Same Direction",no,no,no,no,no,False
103456784,METROPOLITAN NASHVILLE POLICE DEPT,20220534645,Davidson,Nashville,10/23/2022 10:26:00 PM,2,0,0,36.059690,-86.670870,UNA ANTIOCH PKE,,,,35.00,Feet,East,HICKORY HOLLOW PKWY,,,,0.00,N,Not at Intersection,N,Non-Junction,None,,,         ,Andre,Williams,Clear,"Sideswipe, Opposite Direction",no,no,no,no,no,False
103456787,METROPOLITAN NASHVILLE POLICE DEPT,20220534588,Davidson,Nashville,10/23/2022 9:40:00 PM,1,0,0,36.168160,-86.757260,S 7TH ST,,,,0.00,,,SYLVAN ST,,,,0.00,Y,Four-Way, ,Intersection,None,,,         ,Blake,Lutz,Clear,Not Collision with Motor Vehicle in Transport,no,no,no,no,no,False
103456788,METROPOLITAN NASHVILLE POLICE DEPT,20220534727,Davidson,Nashville,10/23/2022 6:00:00 PM,2,0,0,36.028800,-86.703720,BARNES COVE DR,,,,300.00,Feet,South,BARNES RD,,,,0.00,N,Not at Intersection,N,Non-Junction,None,,,         ,Dillon,Gann,Clear,Front to Rear,no,no,no,no,yes,False
103456794,METROPOLITAN NASHVILLE POLICE DEPT,20220534471,Davidson,Not in City Limit,10/23/2022 8:04:00 PM,2,0,0,35.995480,-86.687870,NOLENSVILLE RD,,,,0.00,Feet,,PETTUS RD,,,,0.00,Y,T-Intersection,N,Intersection-Related,None,,,         ,Jacob,Robbins,Clear,Front to Rear,no,no,no,no,no,False
103456796,METROPOLITAN NASHVILLE POLICE DEPT,20220534419,Davidson,Nashville,10/23/2022 6:30:00 PM,4,1,0,36.116190,-86.810560,HILLSBORO PKE,,,,51.00,Feet,North,HAMPTON AV,,,,0.00,N,Not at Intersection,N,Non-Junction,None,,,         ,Gabriel,Hamilton,Clear,Front to Rear,no,no,no,no,yes,False
103456800,METROPOLITAN NASHVILLE POLICE DEPT,20220534697,Davidson,Nashville,10/23/2022 12:00:00 AM,2,0,0,36.039160,-86.672180,BELL TRACE DR,,,,147.00,Feet,East,HICKORY PARK DR,,,,0.00,N,Not at Intersection,N,Non-Junction,None,,,         ,Kristopher,Sharpe,Clear,Rear to Rear,no,no,no,yes,yes,False
103456807,METROPOLITAN NASHVILLE POLICE DEPT,20220534797,Davidson,Nashville,10/23/2022 12:00:00 AM,1,0,0,36.058190,-86.722580,MCMURRAY DR,,,,0.00,,,TUSCULUM RD,,,,0.00,Y,T-Intersection,N,Intersection,None,,,         ,Mitchell,Cook,Cloudy,Not Collision with Motor Vehicle in Transport,no,no,no,no,yes,False
103456814,METROPOLITAN NASHVILLE POLICE DEPT,20220534703,Davidson,Nashville,10/23/2022 11:35:00 PM,2,3,0,36.169470,-86.806620,DR D B TODD JR BLVD,,,,0.00,,,JEFFERSON ST,,,,0.00,Y,Four-Way,N,Intersection,None,,,         ,Brian,DeMarce,Clear,Angle,no,no,no,no,no,False
103456944,METROPOLITAN NASHVILLE POLICE DEPT,20220535114,Davidson,Nashville,10/24/2022 6:51:00 AM,3,0,0,36.128750,-86.900290,I40 E EXT RAMP,,,,0.00,Feet,East,I 40,,,,0.00,N,Not at Intersection,N,Non-Junction,None,,,         ,Robert,Allen,Clear,Front to Rear,no,no,no,no,no,False
103456948,METROPOLITAN NASHVILLE POLICE DEPT,20220535062,Davidson,Nashville,10/24/2022 12:00:00 AM,2,1,0,36.038340,-86.646970,I24 W EXT RAMP,,,,0.00,Feet,East,I 24,,,,0.00,N,Not at Intersection,N,Non-Junction,None,,,         ,Kristopher,Sharpe,Clear,"Sideswipe, Same Direction",no,no,no,no,yes,False
103456977,METROPOLITAN NASHVILLE POLICE DEPT,20220535222,Davidson,Nashville,10/24/2022 7:39:00 AM,3,1,0,36.142800,-86.682940,I 40,,,,0.00,,,,,,,215.65,N,Not at Intersection,N,Non-Junction,None,,,         ,Brian,Ritz,Clear,Front to Rear,no,no,no,no,no,False
103457001,METROPOLITAN NASHVILLE POLICE DEPT,20220535158,Davidson,Nashville,10/24/2022 12:00:00 AM,1,0,0,36.158520,-86.795720,PATTERSON ST,,,,100.00,Feet,West,16TH AVN,,,,0.00,N,Not at Intersection,N,Non-Junction,Construction Zone,Work On Shoulder Or Median,Activity Area,         ,Earl,Davis,Clear,Not Collision with Motor Vehicle in Transport,no,no,no,no,yes,False
103457025,METROPOLITAN NASHVILLE POLICE DEPT,20220535132,Davidson,Nashville,10/24/2022 7:03:00 AM,2,1,0,36.045480,-86.647290,MT VIEW RD,,,,0.00,,,CROSSINGS BLVD,,,,0.00,Y,Four-Way,Y,Intersection,None,,,         ,Andrew,Campbell,Clear,Angle,no,no,no,no,no,False
103457028,GOODLETTSVILLE POLICE DEPT,22-32495,Davidson,Goodlettsville,10/24/2022 9:54:00 AM,2,0,0,36.296700,-86.714800,I 65,,,,0.00,,,,,,,94.85,N,Not at Intersection, ,Non-Junction,None,,,         ,Benny,Alexander,Clear,"Sideswipe, Same Direction",no,no,no,no,no,False
103457034,METROPOLITAN NASHVILLE POLICE DEPT,20220535124,Davidson,Nashville,10/24/2022 6:55:00 AM,2,0,0,36.047810,-86.655500,BELL RD,,,,159.00,Feet,East,HICKORY HOLLOW PKWY,,,,0.00,N,Not at Intersection, ,Non-Junction,None,,,         ,Zachary,Wilbanks,Clear,Front to Rear,no,no,no,no,no,False
103457038,METROPOLITAN NASHVILLE POLICE DEPT,20220535464,Davidson,Nashville,10/24/2022 9:00:00 AM,2,0,0,36.084160,-86.705890,LINBAR DR,,,,0.00,,,HARDING PL,,,,0.00,Y,Four-Way,N,Intersection,None,,,         ,Todd,Watson,Clear,Angle,no,no,no,no,yes,False
103457041,METROPOLITAN NASHVILLE POLICE DEPT,20220535269,Davidson,Nashville,10/24/2022 7:54:00 AM,2,2,0,36.040030,-86.743820,OLD HICKORY BLVD,,,,103.00,Feet,West,EDMONDSON PKE,,,,0.00,N,Not at Intersection,N,Non-Junction,None,,,         ,Sekou,Samassi,Clear,Angle,no,no,no,no,no,False
103457042,METROPOLITAN NASHVILLE POLICE DEPT,20220533421,Davidson,Nashville,10/23/2022 1:28:00 AM,1,1,0,36.105330,-86.767440,I 65,,,,0.00,,,,,,,79.45,N,Not at Intersection,N,Non-Junction,None,,,         ,Dillon,Deleacaes,Clear,Unknown,no,no,no,no,no,False
103457043,GOODLETTSVILLE POLICE DEPT,22-32493,Davidson,Goodlettsville,10/24/2022 9:32:00 AM,1,1,0,36.299510,-86.711970,I 65,,,,0.00,,,,,,,95.10,N,Not at Intersection,N,Non-Junction,None,,,         ,Austin,Herendeen,Clear,Not Collision with Motor Vehicle in Transport,no,no,no,no,no,False
103457052,METROPOLITAN NASHVILLE POLICE DEPT,20220535501,Davidson,Nashville,10/24/2022 10:00:00 AM,2,0,0,36.186120,-86.798370,ROSA L PARKS BLVD,,,,3.00,Feet,North,I65 S EXT RAMP,,,,0.00,N,Not at Intersection,Y,Non-Junction,None,,,         ,Ryan,Worstall,Clear,"Sideswipe, Same Direction",no,no,no,no,yes,False
103457053,METROPOLITAN NASHVILLE POLICE DEPT,20220535213,Davidson,Nashville,10/24/2022 7:00:00 AM,2,0,0,36.047970,-86.655200,BELL RD,,,,265.00,Feet,East,HICKORY HOLLOW PKWY,,,,0.00,N,Not at Intersection, ,Non-Junction,None,,,         ,Zachary,Wilbanks,Clear,Front to Rear,no,no,no,no,yes,False
103457058,GOODLETTSVILLE POLICE DEPT,22-32323,Davidson,Goodlettsville,10/22/2022 2:01:00 PM,1,0,1,36.321090,-86.703490,I 65,,,,0.00,,,,,,,96.80,N,Not at Intersection,N,Non-Junction,None,,,         ,Daniel,Knalls,Clear,Not Collision with Motor Vehicle in Transport,no,no,no,no,no,False
103457077,METROPOLITAN NASHVILLE POLICE DEPT,20220535416,Davidson,Nashville,10/24/2022 9:09:00 AM,2,1,0,36.089070,-86.649990,MURFREESBORO PKE,,,,0.00,Feet,,RANSOM PL,,,,0.00,Y,Four-Way,Y,Intersection,None,,,         ,Juan,Garcia-Canizales,Clear,Angle,no,no,no,no,no,False
103457086,METROPOLITAN NASHVILLE POLICE DEPT,20220535540,Davidson,Nashville,10/24/2022 10:38:00 AM,1,0,0,36.150760,-86.785380,I40 W EXT RAMP,,,,0.00,,,I 40,,,,0.00,Y,OTHER,Y,Entrance/Exit Ramp Related,None,,,         ,Johan,Kinberg,Clear,Not Collision with Motor Vehicle in Transport,no,no,no,no,no,False
103457089,METROPOLITAN NASHVILLE POLICE DEPT,20220535298,Davidson,Nashville,10/24/2022 8:17:00 AM,2,0,0,36.211900,-86.775790,I 65,,,,0.00,,,,,,,87.70,N,Not at Intersection, ,Non-Junction,None,,,         ,James,Wray,Clear,"Sideswipe, Same Direction",no,no,no,no,no,False
103457091,METROPOLITAN NASHVILLE POLICE DEPT,20220535532,Davidson,Nashville,10/24/2022 9:31:00 AM,2,0,0,36.143630,-86.688560,I 40,,,,0.00,,,,,,,215.35,N,Not at Intersection, ,Entrance/Exit Ramp Related,None,,,         ,Brian,Ritz,Cloudy,Front to Rear,no,no,no,no,no,False
103457097,METROPOLITAN NASHVILLE POLICE DEPT,20220535491,Davidson,Nashville,10/24/2022 10:12:00 AM,2,1,0,36.149630,-86.826660,NEVADA AV,,,,55.00,Feet,East,35TH AVN,,,,0.00,N,Not at Intersection,N,Non-Junction,None,,,         ,Tony,Folad,Clear,Angle,no,no,no,no,no,False
103457150,METROPOLITAN NASHVILLE POLICE DEPT,20220535187,Davidson,Nashville,10/24/2022 7:24:00 AM,2,1,0,36.150690,-86.767950,2ND AVS,,,,0.00,,,LAFAYETTE ST,,,,0.00,Y,Four-Way,N,Intersection,None,,,         ,Kevin,Smithson,Clear,Angle,no,no,no,no,no,False
103457156,METROPOLITAN NASHVILLE POLICE DEPT,20220535439,Davidson,Nashville,10/24/2022 9:28:00 AM,2,1,0,36.161580,-86.783890,ROSA L PARKS BLVD,,,,0.00,,,ROSA L PARKS AV,,,,0.00,Y,Four-Way,Y,Intersection,None,,,         ,Trenton,Searcy,Clear,Angle,no,no,no,no,no,False
103457216,METROPOLITAN NASHVILLE POLICE DEPT,20220535654,Davidson,Nashville,10/24/2022 10:52:00 AM,2,1,0,36.206160,-86.776520,I 65,,,,0.00,,,,,,,87.30,N,Not at Intersection,N,Non-Junction,None,,,         ,Judah,Parker,Clear,Front to Rear,no,no,no,no,no,False
103457223,METROPOLITAN NASHVILLE POLICE DEPT,20220535106,Davidson,Nashville,10/24/2022 6:45:00 AM,1,0,0,36.025280,-86.639830,LUKE DR,,,,367.00,Feet,West,LUKE CT,,,,0.00,N,Not at Intersection,N,Non-Junction,None,,,         ,Lisa,Vidrios,Clear,Not Collision with Motor Vehicle in Transport,no,no,no,no,no,False
103457224,METROPOLITAN NASHVILLE POLICE DEPT,20220535487,Davidson,Nashville,10/24/2022 8:32:00 AM,2,0,0,36.175690,-86.759030,N 8TH ST,,,,136.00,Feet,North,MAIN ST,,,,0.00,N,Not at Intersection, ,Non-Junction,None,,,         ,Faye,Denson,Clear,"Sideswipe, Same Direction",no,no,no,no,no,False
103457228,METROPOLITAN NASHVILLE POLICE DEPT,20220535721,Davidson,Nashville,10/24/2022 10:25:00 AM,2,0,0,36.206270,-86.773480,I65 N EXT RAMP,,,,0.00,,,W TRINITY LN,,,,0.00,Y,T-Intersection,Y,Intersection,None,,,         ,Chase,Harriman,Clear,"Sideswipe, Same Direction",no,no,no,no,no,False
103457236,METROPOLITAN NASHVILLE POLICE DEPT,20220535810,Davidson,Goodlettsville,10/24/2022 1:31:00 PM,2,0,0,36.299290,-86.697140,GALLATIN PKEN,,,,242.00,Feet,South,CUDE LN,,,,0.00,N,Not at Intersection, ,Non-Junction,None,,,         ,Rodney,Phipps,Clear,Angle,no,no,no,no,no,False
103457243,METROPOLITAN NASHVILLE POLICE DEPT,20220535746,Davidson,Nashville,10/24/2022 12:18:00 PM,2,0,0,36.161750,-86.760830,I 24,,,,0.00,,,,,,,49.35,N,Not at Intersection, ,Non-Junction,None,,,         ,Jessica,Johnson,Clear,"Sideswipe, Same Direction",no,no,no,no,yes,False
103457246,METROPOLITAN NASHVILLE POLICE DEPT,20220533905,Davidson,Nashville,10/23/2022 12:25:00 PM,2,0,0,36.106070,-86.813740,HILLSBORO PKE,,,,87.00,Feet,North,ABBOTT MARTIN RD,,,,0.00,N,Not at Intersection,N,Non-Junction,None,,,         ,Stacia,Getz,Clear,Front to Rear,no,no,no,no,no,False
103457248,METROPOLITAN NASHVILLE POLICE DEPT,20220535386,Davidson,Not in City Limit,10/24/2022 8:46:00 AM,3,0,0,36.073910,-86.926270,HICKS RD,,,,0.00,,,HIGHWAY 70S,,,,0.00,Y,Four-Way,N,Intersection,None,,,         ,Jack,Crouch,Clear,Angle,no,no,no,no,no,False
103457296,METROPOLITAN NASHVILLE POLICE DEPT,20220535904,Davidson,Nashville,10/24/2022 12:00:00 AM,1,1,0,36.103070,-86.666220,MURFREESBORO PKE,,,,3.00,Feet,West,TOWN PARK DR,,,,0.00,N,Not at Intersection,N,Non-Junction,None,,,         ,James,Gilliam,Clear,Not Collision with Motor Vehicle in Transport,no,no,no,no,no,False
103457307,METROPOLITAN NASHVILLE POLICE DEPT,20220535887,Davidson,Nashville,10/20/2022 6:15:00 PM,1,1,0,36.172570,-86.595860,CENTRAL PKE,,,,223.00,Feet,West,TULIP GROVE RD,,,,0.00,N,Not at Intersection,N,Non-Junction,None,,,         ,Allison,Zornes,Clear,Unknown,no,yes,no,no,yes,False
103457330,METROPOLITAN NASHVILLE POLICE DEPT,20220535931,Davidson,Nashville,10/24/2022 2:40:00 PM,2,0,0,36.191390,-86.775440,I 24,,,,0.00,,,,,,,47.20,N,Not at Intersection,N,Non-Junction,None,,,         ,Miranda,Vaughn,Clear,Front to Rear,no,no,no,no,no,False
103457333,VANDERBILT UNIVERSITY POLICE,2022-0527691,Davidson,Nashville,10/19/2022 12:00:00 AM,2,0,0,36.140340,-86.803490,23RD AVS,,,,0.00,,,,,,,0.00,,,N,Non-Junction,None,,,         ,Ryan,Ebenal,Unknown,Unknown,no,no,no,yes,yes,Campus
103457338,METROPOLITAN NASHVILLE POLICE DEPT,20220535959,Davidson,Nashville,10/24/2022 3:01:00 PM,2,0,0,36.040490,-86.745460,OLD HICKORY BLVD,,,,606.00,Feet,North,EDMONDSON PKE,,,,0.00,N,Not at Intersection, ,Non-Junction,None,,,         ,Michael,Do,Clear,Front to Rear,no,no,no,no,no,False
103457339,METROPOLITAN NASHVILLE POLICE DEPT,20220535837,Davidson,Nashville,10/24/2022 1:11:00 PM,2,0,0,36.166830,-86.763630,S 4TH ST,,,,72.00,Feet,South,SHELBY AV,,,,0.00,N,Not at Intersection, ,Non-Junction,None,,,         ,William,Clemons,Clear,"Sideswipe, Same Direction",no,no,no,no,no,False
103457357,THP District 3 - Nashville,322088319,Davidson,Nashville,10/23/2022 4:26:00 PM,2,0,0,36.142420,-86.709920,I 40,,,,0.00,,,,,,,214.20,N,Not at Intersection, ,Non-Junction,None,,,         ,Lennart,Schaaf,Clear,"Sideswipe, Same Direction",no,no,no,no,no,False
103457378,METROPOLITAN NASHVILLE POLICE DEPT,20220533961,Davidson,Nashville,10/24/2022 12:00:00 AM,2,0,0,36.086910,-86.648680,MURFREESBORO PKE,,,,0.00,Feet,West,NASHBORO BLVD,,,,0.00,N,Not at Intersection, ,Non-Junction,None,,,         ,Zera,Ntahonirukiye,Clear,"Sideswipe, Opposite Direction",no,no,no,no,no,False
103457393,METROPOLITAN NASHVILLE POLICE DEPT,20220535944,Davidson,Nashville,10/24/2022 2:45:00 PM,2,0,0,36.183220,-86.798800,I 65,,,,0.00,,,,,,,85.05,N,Not at Intersection, ,Non-Junction,None,,,         ,Judah,Parker,Clear,Front to Rear,no,no,no,no,no,False
103457397,METROPOLITAN NASHVILLE POLICE DEPT,20220535990,Davidson,Nashville,10/24/2022 3:24:00 PM,2,0,0,36.151950,-86.806900,23RD AVN,,,,78.00,Feet,North,STATE ST,,,,0.00,N,Not at Intersection,N,Non-Junction,None,,,         ,Garrett,Latham,Clear,Angle,no,no,no,no,no,False
103457410,METROPOLITAN NASHVILLE POLICE DEPT,20220536002,Davidson,Nashville,10/24/2022 3:25:00 PM,2,0,0,36.147800,-86.768560,4TH AVS,,,,56.00,Feet,North,CAMERON ST,,,,0.00,N,Not at Intersection,N,Non-Junction,None,,,         ,Dean,Ferrari,Clear,Front to Rear,no,no,no,no,no,False
103457412,METROPOLITAN NASHVILLE POLICE DEPT,20220535310,Davidson,Nashville,10/24/2022 8:15:00 AM,2,0,0,36.067540,-86.665070,RICHARDS RD,,,,0.00,,,DEBRA DR,,,,0.00,Y,T-Intersection,N,Intersection,None,,,         ,Tyler,Heckaman,Clear,Front to Rear,no,no,no,no,yes,False
103457439,METROPOLITAN NASHVILLE POLICE DEPT,20220536135,Davidson,Nashville,10/24/2022 4:50:00 PM,2,0,0,36.152190,-86.857690,WHITE BRIDGE PKE,,,,60.00,Feet,South,BRILEY PKWY,,,,0.00,N,Not at Intersection, ,Non-Junction,None,,,         ,Robert,Crow,Clear,"Sideswipe, Same Direction",no,no,no,no,no,False
103457442,METROPOLITAN NASHVILLE POLICE DEPT,20220536112,Davidson,Madison,10/24/2022 4:27:00 PM,2,0,0,36.269260,-86.755740,OLD HICKORY BLVDW,,,,0.00,,,DICKERSON PKE,,,,0.00,Y,Four-Way,N,Non-Junction,None,,,         ,Miles,Posey,Clear,Front to Rear,no,no,no,no,no,False
103457445,METROPOLITAN NASHVILLE POLICE DEPT,20220536137,Davidson,Nashville,10/24/2022 4:29:00 PM,2,1,0,36.091090,-86.734760,NOLENSVILLE PKE,,,,149.00,Feet,South,YELTON CT,,,,0.00,N,Not at Intersection,N,Non-Junction,None,,,         ,Laura,Williams,Clear,Angle,no,no,no,no,no,False
103457447,METROPOLITAN NASHVILLE POLICE DEPT,20220536048,Davidson,Nashville,10/24/2022 3:50:00 PM,2,1,0,36.081904,-86.957139,I 40 W EXIT RAMP,,,,0.00,,,HWY 70 S,,,,0.00,Y,T-Intersection,N,Entrance/Exit Ramp Related,None,,,         ,Jeremy,Huffine,Clear,Front to Rear,no,no,no,no,no,False
103457463,METROPOLITAN NASHVILLE POLICE DEPT,20220536163,Davidson,Nashville,10/24/2022 5:07:00 PM,2,0,0,36.133770,-86.896610,CABOT DR,,,,757.00,Feet,North,I40 W EXT RAMP,,,,0.00,N,Not at Intersection,N,Non-Junction,None,,,         ,Brandon,Pedigo,Clear,Front to Rear,no,no,no,no,yes,False
103457464,METROPOLITAN NASHVILLE POLICE DEPT,20220536194,Davidson,Not in City Limit,10/24/2022 5:40:00 PM,2,0,0,36.262050,-86.891440,OLD HICKORY BLVD,,,,0.00,,,EATONS CREEK RD,,,,0.00,Y,Four-Way,N,Intersection,None,,,         ,Tyler,Jordan,Clear,Angle,no,no,no,no,no,False