master_record_number,agency,agency_tracking_number,county,city,collision_date,vehicles_involved,number_injured,number_dead,latitude,longitude,roadway_name,roadway_suffix,roadway_number,roadway_local_id,distance_from_reference,miles-feet_indicator,direction_from_reference,intersection_road_name,intersection_road_name_suffix,intersection_road_number,intersection_local_id,mile_marker,intersection_indicator,intersect_type,interchange_related_indicator,relation_to_junction,work_zone_type,construction_maintenance_zone,construction_maintenance_zone_location,fatal_case_number,officer_first_name,officer_last_name,weather_condition(s),manner_of_crash,pedestrian,bicycle,scooter,parking,hitrun,mou
103459251,METROPOLITAN NASHVILLE POLICE DEPT,20220540042,Davidson,Goodlettsville,10/26/2022 3:57:00 PM,2,0,0,36.287650,-86.725820,I 65,,,,0.00,,,,,,,94.00,N,Not at Intersection, ,Non-Junction,None,,,         ,Austin,Bronstrad,Clear,Angle,no,no,no,no,no,False
103459252,METROPOLITAN NASHVILLE POLICE DEPT,20220540125,Davidson,Nashville,10/26/2022 4:41:00 PM,2,1,0,36.176660,-86.777500,SPRING ST,,,,397.00,Feet,West,COWAN ST,,,,0.00,N,Not at Intersection,N,Non-Junction,None,,,         ,David,Snowden,Clear,Front to Rear,no,no,no,no,no,False
103459267,METROPOLITAN NASHVILLE POLICE DEPT,20220540063,Davidson,Nashville,10/26/2022 4:13:00 PM,3,2,0,36.249390,-86.719410,E PALESTINE AV,,,,0.00,Feet,North,GALLATIN PKES,,,,0.00,N,Not at Intersection,N,Non-Junction,None,,,         ,Dylan,Bradley,Clear,Front to Rear,no,no,no,no,no,False
103459268,METROPOLITAN NASHVILLE POLICE DEPT,20220540081,Davidson,Madison,10/26/2022 12:00:00 AM,2,2,0,36.264150,-86.691470,STATE RT 45,,,,0.00,,,MCARTHUR DR,,,,0.00,Y,Four-Way,Y,Crossover-Related,None,,,         ,Amanda,Topping,Clear,Angle,no,no,no,no,no,False
103459270,METROPOLITAN NASHVILLE POLICE DEPT,20220540169,Davidson,Nashville,10/26/2022 5:10:00 PM,2,1,0,36.070790,-86.634980,MURFREESBORO PKE,,,,529.00,Feet,South,BELL RD,,,,0.00,N,Not at Intersection,N,Non-Junction,None,,,         ,Theodore,Flick,Clear,Angle,no,no,no,no,no,False
103459283,METROPOLITAN NASHVILLE POLICE DEPT,20220540128,Davidson,Antioch,10/26/2022 4:38:00 PM,2,2,0,36.069850,-86.593830,MT VIEW RD,,,,0.00,,,DOVE CREEK RD,,,,0.00,Y,Four-Way,Y,Intersection,None,,,         ,John,McDonnell,Clear,Angle,no,no,no,no,yes,False
103459284,METROPOLITAN NASHVILLE POLICE DEPT,20220540127,Davidson,Nashville,10/26/2022 3:00:00 PM,2,0,0,36.071110,-86.635340,MURFREESBORO PKE,,,,373.00,Feet,South,BELL RD,,,,0.00,N,Not at Intersection,N,Non-Junction,None,,,         ,Eric,Hall,Cloudy,"Sideswipe, Same Direction",no,no,no,no,yes,False
103459302,METROPOLITAN NASHVILLE POLICE DEPT,20220540193,Davidson,Nashville,10/26/2022 4:45:00 PM,2,0,0,36.128330,-86.772650,I 65,,,,0.00,,,,,,,81.00,N,Not at Intersection,N,Non-Junction,None,,,         ,Brady,Reynolds,Clear,"Sideswipe, Same Direction",no,no,no,no,yes,False
103459304,METROPOLITAN NASHVILLE POLICE DEPT,20220540215,Davidson,Nashville,10/26/2022 5:40:00 PM,2,1,0,36.154070,-86.837780,I 40,,,,0.00,,,,,,,205.00,N,Not at Intersection,N,Non-Junction,None,,,         ,Robert,Crow,Clear,Front to Rear,no,no,no,no,no,False
103459308,METROPOLITAN NASHVILLE POLICE DEPT,20220539956,Davidson,Nashville,10/26/2022 2:26:00 PM,3,0,0,36.136230,-86.629790,BELL RD,,,,0.00,,,REELFOOT DR,,,,0.00,Y,T-Intersection,N,Intersection,None,,,         ,Phillip,Burke,Clear,"Sideswipe, Opposite Direction",no,no,no,no,no,False
103459350,METROPOLITAN NASHVILLE POLICE DEPT,20220540007,Davidson,Not in City Limit,10/26/2022 3:34:00 PM,2,0,0,36.077540,-87.004880,I 40,,,,0.00,,,,,,,193.40,N,Not at Intersection, ,Non-Junction,None,,,         ,Wyatt,Brooks,Clear,"Sideswipe, Same Direction",no,no,no,no,no,False
103459352,THP District 3 - Nashville,322087027,Davidson,Nashville,10/19/2022 5:41:00 PM,2,0,0,36.026060,-86.784860,I 65,,,,0.00,,,,,,,73.80,N,Not at Intersection, ,Non-Junction,None,,,         ,Walter,Roth,Clear,Front to Rear,no,no,no,no,no,False
103459354,METROPOLITAN NASHVILLE POLICE DEPT,20220540302,Davidson,Nashville,10/26/2022 6:40:00 PM,2,0,0,36.032540,-86.768560,CLOVERLAND DR,,,,40.00,Feet,East,JONES PKWY,,,,0.00,N,Not at Intersection, ,,None,,,         ,Darci,Stechman,,,no,no,no,no,no,False
103459356,METROPOLITAN NASHVILLE POLICE DEPT,20220540291,Davidson,Nashville,10/26/2022 6:10:00 PM,2,0,0,36.176630,-86.770980,SPRING ST,,,,9.00,Feet,East,DICKERSON PKE,,,,0.00,N,Not at Intersection,N,Non-Junction,None,,,         ,Jeffery,Leiser,Clear,Angle,no,no,no,no,no,False
103459357,METROPOLITAN NASHVILLE POLICE DEPT,20220540421,Davidson,Antioch,10/26/2022 7:55:00 PM,1,0,0,36.035530,-86.598590,MURFREESBORO PKE,,,,1824.00,Feet,South,MAXWELL RD,,,,0.00,N,Not at Intersection,N,Non-Junction,None,,,         ,Brandon,Simpkins,Clear,Not Collision with Motor Vehicle in Transport,no,no,no,no,no,False
103459361,METROPOLITAN NASHVILLE POLICE DEPT,20220539953,Davidson,Nashville,10/26/2022 3:03:00 PM,3,2,0,36.117890,-86.699800,MURFREESBORO PKE,,,,176.00,Feet,East,BRILEY PKWY N EXT RAMP,,,,0.00,N,Not at Intersection,N,Non-Junction,None,,,         ,Cressie,Prill,Clear,Front to Rear,no,no,no,no,no,False
103459405,METROPOLITAN NASHVILLE POLICE DEPT,20220540386,Davidson,Nashville,10/26/2022 7:41:00 PM,2,0,0,36.097830,-86.709380,I 24,,,,0.00,,,,,,,54.75,N,Not at Intersection,N,Non-Junction,None,,,         ,Andrew,Brazee,Clear,Unknown,no,no,no,no,yes,False
103459407,METROPOLITAN NASHVILLE POLICE DEPT,20220540204,Davidson,Nashville,10/26/2022 7:01:00 PM,2,1,0,36.171820,-86.590990,CENTRAL PKE,,,,207.00,Feet,East,VALLEY GROVE DR,,,,0.00,N,Not at Intersection,N,Non-Junction,None,,,         ,Forrest,Punke,Clear,Angle,no,no,no,no,yes,False
103459425,METROPOLITAN NASHVILLE POLICE DEPT,20220540378,Davidson,Nashville,10/26/2022 7:20:00 PM,2,1,0,36.165630,-86.764110,I 24,,,,0.00,,,,,,,49.00,N,Not at Intersection,N,Non-Junction,None,,,         ,Ty,Cummings,Clear,Front to Rear,no,no,no,no,yes,False
103459430,METROPOLITAN NASHVILLE POLICE DEPT,20220540478,Davidson,Antioch,10/26/2022 5:40:00 PM,2,0,0,36.013440,-86.620690,OLD HICKORY BLVD,,,,0.00,,,I24 E ENT RAMP,,,,0.00,Y,Four-Way,N,Intersection,None,,,         ,Robert,Crow,Clear,"Sideswipe, Opposite Direction",no,no,no,no,yes,False
103459484,METROPOLITAN NASHVILLE POLICE DEPT,20220540470,Davidson,Nashville,10/26/2022 12:00:00 AM,3,1,0,36.078810,-86.745770,HARDING PL,,,,175.00,Feet,West,DANBY DR,,,,0.00,N,Not at Intersection,N,Non-Junction,None,,,         ,Darci,Stechman,Clear,Front to Rear,no,no,no,no,yes,False
103459492,METROPOLITAN NASHVILLE POLICE DEPT,20220540462,Davidson,Antioch,10/26/2022 8:33:00 PM,1,0,0,36.004280,-86.626550,OLD HICKORY BLVD,,,,40.00,Feet,East,BATTLE RD,,,,0.00,N,Not at Intersection,N,Non-Junction,None,,,         ,Brandon,Simpkins,Clear,Not Collision with Motor Vehicle in Transport,no,no,no,no,no,False
103459493,METROPOLITAN NASHVILLE POLICE DEPT,20220540340,Davidson,Nashville,10/26/2022 7:17:00 PM,3,0,0,36.087610,-86.692340,ANTIOCH PKE,,,,0.00,,,,,,,0.00,,,N,Intersection-Related,None,,,         ,Joseph,Hurst,Clear,"Sideswipe, Opposite Direction",no,no,no,no,no,False
103459497,METROPOLITAN NASHVILLE POLICE DEPT,20220540252,Davidson,Not in City Limit,10/26/2022 6:06:00 PM,2,1,0,36.091590,-86.988000,HIGHWAY 70,,,,299.00,Feet,West,NEWSOM STATION RD,,,,0.00,N,Not at Intersection,N,Non-Junction,None,,,         ,Wyatt,Brooks,Clear,Front to Rear,no,no,no,no,yes,False
103459500,METROPOLITAN NASHVILLE POLICE DEPT,20220540039,Davidson,Nashville,10/26/2022 12:57:00 PM,2,0,0,36.156450,-86.631310,STEWARTS FERRY PKE,,,,0.00,,,I40 W EXT RAMP,,,,0.00,Y,Four-Way, ,Intersection,None,,,         ,Cheri,Cox,Clear,Angle,no,no,no,no,no,False
103459514,METROPOLITAN NASHVILLE POLICE DEPT,20220540301,Davidson,Nashville,10/26/2022 6:42:00 PM,2,2,0,36.096770,-86.654560,OLD MURFREESBORO PKE,,,,0.00,,,SMITH SPRINGS RD,,,,0.00,Y,Four-Way,N,Intersection,None,,,         ,Rami,Rouhi,Clear,Angle,no,no,no,no,no,False
103459518,METROPOLITAN NASHVILLE POLICE DEPT,20220540538,Davidson,Nashville,10/26/2022 9:29:00 PM,3,1,0,36.107990,-86.812550,HILLSBORO PKE,,,,76.00,Feet,North,GREEN HILLS VILLAGE DR,,,,0.00,N,Not at Intersection,N,Non-Junction,None,,,         ,Tony,Mingsing,Clear,Front to Rear,no,no,no,no,no,False
103459531,METROPOLITAN NASHVILLE POLICE DEPT,20220540132,Davidson,Nashville,10/26/2022 4:39:00 PM,2,1,0,36.195430,-86.621380,LEBANON PKE,,,,0.00,,,,,,,0.00,,,N,Non-Junction,None,,,         ,Cheri,Cox,Clear,Angle,no,no,no,yes,no,False
103459541,METROPOLITAN NASHVILLE POLICE DEPT,20220540420,Davidson,Nashville,10/26/2022 8:05:00 PM,3,2,0,36.162490,-86.846890,CENTENNIAL BLVD,,,,100.00,Feet,West,49TH AVN,,,,0.00,N,Not at Intersection,N,Non-Junction,None,,,         ,Andrew,McCarron,Clear,Front to Rear,no,no,no,no,no,False
103459542,METROPOLITAN NASHVILLE POLICE DEPT,20220540716,Davidson,Nashville,10/26/2022 10:40:00 PM,2,0,0,36.169450,-86.774430,JAMES ROBERTSON PKWY,,,,542.00,Feet,West,MAIN ST,,,,0.00,N,Not at Intersection,N,Non-Junction,None,,,         ,Michael,Enriquez,Clear,Angle,no,no,no,no,no,False
103459549,METROPOLITAN NASHVILLE POLICE DEPT,20220540254,Davidson,Joelton,10/26/2022 4:40:00 PM,2,0,0,36.321880,-86.906010,CLARKSVILLE PKE,,,,138.00,Feet,East,DOUGLAS RD,,,,0.00,N,Not at Intersection, ,Non-Junction,None,,,         ,Gabriel,Centeno,Clear,Front to Rear,no,no,no,no,no,False
103459552,METROPOLITAN NASHVILLE POLICE DEPT,20220540517,Davidson,Nashville,10/25/2022 11:00:00 PM,2,0,0,36.166600,-86.826830,33RD AVN,,,,156.00,Feet,North,CLOVER ST,,,,0.00,N,Not at Intersection,N,Non-Junction,None,,,         ,Luke,Steigerwalt,Clear,Angle,no,no,no,no,yes,False
103459558,METROPOLITAN NASHVILLE POLICE DEPT,20220540847,Davidson,Nashville,10/27/2022 12:06:00 AM,2,0,0,36.157040,-86.780450,DEMONBREUN ST,,,,130.00,Feet,East,8TH AVS,,,,0.00,N,Not at Intersection, ,Non-Junction,None,,,         ,Tyler,Lewis,Clear,Front to Rear,no,no,no,no,no,False
103459560,METROPOLITAN NASHVILLE POLICE DEPT,20220540253,Davidson,Not in City Limit,10/26/2022 4:22:00 PM,2,1,0,36.321730,-86.905240,CLARKSVILLE PKE,,,,375.00,Feet,East,DOUGLAS RD,,,,0.00,N,Not at Intersection,N,Non-Junction,Work Zone,Unknown,Unknown,         ,Gabriel,Centeno,Clear,Front to Rear,no,no,no,no,no,False
103459574,METROPOLITAN NASHVILLE POLICE DEPT,20220540945,Davidson,Nashville,10/27/2022 12:15:00 AM,2,0,0,36.184740,-86.769770,STOCKELL ST,,,,247.00,Feet,North,HANCOCK ST,,,,0.00,N,Not at Intersection,N,Non-Junction,None,,,         ,Peter,Kinsey,Clear,Front to Rear,no,no,no,no,yes,False
103459576,METROPOLITAN NASHVILLE POLICE DEPT,20220540786,Davidson,Nashville,10/26/2022 10:45:00 PM,2,0,0,36.169750,-86.773760,JAMES ROBERTSON PKWY,,,,321.00,Feet,West,N 1ST ST,,,,0.00,N,Not at Intersection,N,Non-Junction,None,,,         ,Kelly,Turcios,Clear,Front to Rear,no,no,no,no,no,False
103459585,METROPOLITAN NASHVILLE POLICE DEPT,20220540943,Davidson,Nashville,10/27/2022 12:53:00 AM,2,1,0,36.157310,-86.760420,I40 W ENT RAMP,,,,0.00,,,I 24,,,,0.00,Y,Y-Intersection,N,Non-Junction,None,,,         ,Richard,Luellen,Clear,"Sideswipe, Same Direction",no,no,no,no,no,False
103459588,METROPOLITAN NASHVILLE POLICE DEPT,20220541024,Davidson,Nashville,10/27/2022 2:08:00 AM,2,1,0,36.193660,-86.831220,CLARKSVILLE PKE,,,,0.00,,,BUENA VISTA PKE,,,,0.00,Y,Four-Way,N,Intersection,None,,,         ,Blake,Smith,Clear,Angle,no,no,no,no,yes,False
103459648,METROPOLITAN NASHVILLE POLICE DEPT,20220541189,Davidson,Nashville,10/27/2022 4:30:00 AM,1,0,0,36.223770,-86.774540,I 65,,,,0.00,,,,,,,88.50,N,Not at Intersection,N,Non-Junction,None,,,         ,Jarrett,Ipox,Clear,Not Collision with Motor Vehicle in Transport,no,no,no,no,yes,False
103459677,METROPOLITAN NASHVILLE POLICE DEPT,20220541295,Davidson,Nashville,10/27/2022 5:50:00 AM,2,0,0,36.246930,-86.744570,I65 S EXT RAMP,,,,0.00,,,,,,,0.00,,,N,Non-Junction,None,,,         ,Patrick,McGinnis,Clear,Front to Rear,no,no,no,no,no,False
103459678,METROPOLITAN NASHVILLE POLICE DEPT,20220541265,Davidson,Nashville,10/27/2022 6:45:00 AM,2,2,0,36.244050,-86.747670,I 65,,,,0.00,,,,,,,90.65,N,Not at Intersection,N,Entrance/Exit Ramp Related,None,,,         ,Christopher,Littles,Clear,Angle,no,no,no,no,no,False
103459724,METROPOLITAN NASHVILLE POLICE DEPT,20220540117,Davidson,Antioch,10/25/2022 7:45:00 PM,2,0,0,36.022630,-86.680560,OLD HICKORY BLVD,,,,0.00,Feet,,BARNES RD,,,,0.00,Y,T-Intersection, ,Intersection,None,,,         ,Sandra,Fly,Unknown,Front to Rear,no,no,no,no,yes,False
103459754,METROPOLITAN NASHVILLE POLICE DEPT,20220541299,Davidson,Not in City Limit,10/27/2022 7:03:00 AM,2,1,0,36.076890,-87.018630,I 40,,,,0.00,,,,,,,192.65,N,Not at Intersection,N,Non-Junction,None,,,         ,Wesley,Tilley,Clear,Front to Rear,no,no,no,no,no,False
103459778,METROPOLITAN NASHVILLE POLICE DEPT,20220541545,Davidson,Nashville,10/27/2022 9:14:00 AM,2,0,0,36.130390,-86.801960,21ST AVS,,,,0.00,Feet,West,BLAIR BLVD,,,,0.00,N,Not at Intersection,N,Non-Junction,None,,,         ,Justin,Ramos,Clear,Angle,no,no,no,no,no,False
103459796,METROPOLITAN NASHVILLE POLICE DEPT,20220541580,Davidson,Nashville,10/27/2022 8:10:00 AM,3,0,0,36.181760,-86.725590,RIVERSIDE DR,,,,0.00,Feet,East,EASTLAND AV,,,,0.00,N,Not at Intersection,N,Non-Junction,None,,,         ,Goran,Manojlovic,Clear,Angle,no,no,no,no,no,False
103459798,METROPOLITAN NASHVILLE POLICE DEPT,20220541405,Davidson,Nashville,10/27/2022 7:27:00 AM,2,0,0,36.115790,-86.782170,I440,,,,0.00,,East,,,,,4.04,N,Not at Intersection,N,Entrance/Exit Ramp Related,None,,,         ,Christopher,Brown,Clear,Front to Rear,no,no,no,no,no,False
103459833,METROPOLITAN NASHVILLE POLICE DEPT,20220540338,Davidson,Nashville,10/26/2022 7:15:00 PM,2,1,0,36.158890,-86.782110,BROADWAY,,,,0.00,,,ROSA L PARKS BLVD,,,,0.00,Y,Four-Way,N,Intersection,None,,,         ,Michael,Douglas,Clear,HeadOn,no,no,no,no,no,False
103459836,METROPOLITAN NASHVILLE POLICE DEPT,20220541561,Davidson,Nashville,10/27/2022 9:28:00 AM,1,1,0,36.235040,-86.816090,WHITES CREEK PKE,,,,150.00,Feet,North,BRILEY PKWY W ENT RAMP,,,,0.00,N,Not at Intersection,Y,Non-Junction,None,,,         ,Jeanine,Sarno,Clear,Not Collision with Motor Vehicle in Transport,no,no,no,no,no,False
103459839,METROPOLITAN NASHVILLE POLICE DEPT,20220524727,Davidson,Nashville,10/27/2022 9:45:00 AM,2,1,0,36.117980,-86.699910,MURFREESBORO PKE,,,,131.00,Feet,East,BRILEY PKWY N ENT RAMP,,,,0.00,N,Not at Intersection,Y,Non-Junction,None,,,         ,John,Walden,Clear,Front to Rear,no,no,no,no,no,False
103459840,METROPOLITAN NASHVILLE POLICE DEPT,20220541370,Davidson,Nashville,10/26/2022 3:00:00 PM,2,0,0,36.192440,-86.600950,SADDLE TRAIL CT,,,,274.00,Feet,East,SADDLEBROOKE PL,,,,0.00,N,Not at Intersection,N,Non-Junction,None,,,         ,Larry,Benz,Clear,Unknown,no,no,no,no,yes,False
103459849,METROPOLITAN NASHVILLE POLICE DEPT,20220541638,Davidson,Nashville,10/27/2022 9:38:00 AM,3,0,0,36.097160,-86.708830,I 24,,,,0.00,,,,,,,54.80,N,Not at Intersection,N,Non-Junction,None,,,         ,Todd,Watson,Clear,Front to Rear,no,no,no,no,no,False
103459852,METROPOLITAN NASHVILLE POLICE DEPT,20220541279,Davidson,Nashville,10/27/2022 6:54:00 AM,2,1,0,36.168660,-86.600410,OLD HICKORY BLVD,,,,49.00,Feet,North,MILLS RD,,,,0.00,N,Not at Intersection,N,Non-Junction,None,,,         ,Ian,Hammond,Clear,Angle,no,no,no,no,no,False
103459854,METROPOLITAN NASHVILLE POLICE DEPT,2022-0541621,Davidson,Nashville,10/27/2022 12:00:00 AM,1,1,0,36.154270,-86.792890,16TH AVS,,,,0.00,,,BROADWAY,,,,0.00,Y,Five Point Or More,N,Intersection,None,,,         ,Po,Cheng,Clear,Not Collision with Motor Vehicle in Transport,yes,no,no,no,no,False
103459915,METROPOLITAN NASHVILLE POLICE DEPT,20220541906,Davidson,Not in City Limit,10/27/2022 12:47:00 PM,2,0,0,36.272120,-86.689560,ANDERSON LN,,,,0.00,,,MYATT DR,,,,0.00,Y,Four-Way, ,Intersection,None,,,         ,Wesley,Young,Clear,Front to Rear,no,no,no,no,no,False
103459933,METROPOLITAN NASHVILLE POLICE DEPT,20220541883,Davidson,Nashville,10/27/2022 11:56:00 AM,2,0,0,36.176890,-86.774260,I24 E ENT RAMP,,,,0.00,,,I 24,,,,0.00,Y,OTHER, ,Entrance/Exit Ramp Related,None,,,         ,Ian,Wilson,Clear,"Sideswipe, Same Direction",no,no,no,no,no,False
103459937,METROPOLITAN NASHVILLE POLICE DEPT,20220541917,Davidson,Nashville,10/27/2022 12:55:00 PM,2,0,0,36.180070,-86.811040,DR D B TODD JR BLVD,,,,0.00,,,BUCHANAN ST,,,,0.00,Y,Four-Way,N,Intersection-Related,None,,,         ,Ryan,Caulfield,Clear,"Sideswipe, Same Direction",no,no,no,no,no,False
103459944,METROPOLITAN NASHVILLE POLICE DEPT,20220541822,Davidson,Madison,10/27/2022 11:50:00 AM,2,1,0,36.256340,-86.757930,DUE WEST AVN,,,,0.00,,,DICKERSON PKE,,,,0.00,Y,T-Intersection,N,Intersection,None,,,         ,Michael,Reid,Clear,Angle,no,no,no,no,yes,False
103459966,METROPOLITAN NASHVILLE POLICE DEPT,20220541931,Davidson,Not in City Limit,10/27/2022 1:00:00 PM,2,0,0,36.073770,-86.949070,PLANTATION CT,,,,295.00,Feet,West,TODD PREIS DR,,,,0.00,N,Not at Intersection, ,Non-Junction,None,,,         ,Wesley,Tilley,Clear,Front to Rear,no,no,no,no,no,False
103459968,METROPOLITAN NASHVILLE POLICE DEPT,20220541607,Davidson,Nashville,10/27/2022 9:54:00 AM,2,2,0,36.142430,-86.645910,ELM HILL PKE,,,,1228.00,Feet,East,CASA DR,,,,0.00,N,Not at Intersection,N,Non-Junction,None,,,         ,Jacob,Masteller,Clear,Angle,no,no,no,no,yes,False
103460006,METROPOLITAN NASHVILLE POLICE DEPT,20220541752,Davidson,Nashville,10/27/2022 10:30:00 AM,3,0,0,36.110030,-86.780330,WOODMONT BLVD,,,,191.00,Feet,East,WILBUR PL,,,,0.00,N,Not at Intersection,N,Non-Junction,None,,,         ,Christopher,Brown,Clear,Angle,no,no,no,no,no,False
103460072,METROPOLITAN NASHVILLE POLICE DEPT,20220541863,Davidson,Nashville,10/27/2022 12:15:00 PM,2,0,0,36.136560,-86.727030,I24E,,,,132.00,Feet,West,I24 E ENT RAMP,,,,0.00,N,Not at Intersection, ,Non-Junction,None,,,         ,Todd,Watson,Clear,Front to Rear,no,no,no,no,no,False
103460081,METROPOLITAN NASHVILLE POLICE DEPT,20220541813,Davidson,Nashville,10/27/2022 11:52:00 AM,2,2,0,36.146930,-86.691690,MARRIOTT DR,,,,513.00,Feet,South,BRILEY PKWYN,,,,0.00,N,Not at Intersection,N,Non-Junction,None,,,         ,Ian,Hammond,Clear,Angle,no,no,no,no,no,False
103460108,METROPOLITAN NASHVILLE POLICE DEPT,20220541790,Davidson,Not in City Limit,10/27/2022 11:40:00 AM,1,0,0,36.270030,-86.831560,WHITES CREEK PKE,,,,1589.00,Feet,North,OLD HICKORY BLVD,,,,0.00,N,Not at Intersection,N,Non-Junction,None,,,         ,Joel,Bennett,Clear,Not Collision with Motor Vehicle in Transport,no,no,no,no,no,False
103460109,VANDERBILT UNIVERSITY POLICE,20220541896,Davidson,Nashville,10/27/2022 12:00:00 AM,2,0,0,36.110690,-86.764660,THOMPSON LN,,,,812.00,Feet,South,THOMPSON LN,,,,0.00,,Not at Intersection, ,Unknown,None,,,         ,Anthony,Jones,Clear,Unknown,no,no,no,yes,yes,OHO
103460122,METROPOLITAN NASHVILLE POLICE DEPT,20220542047,Davidson,Madison,10/27/2022 2:19:00 PM,2,1,0,36.282740,-86.731160,I 65,,,,0.00,,,,,,,93.55,N,Not at Intersection,N,Non-Junction,None,,,         ,Christopher,Littles,Clear,"Sideswipe, Same Direction",no,no,no,no,no,False
103460125,METROPOLITAN NASHVILLE POLICE DEPT,20220541778,Davidson,Nashville,10/27/2022 11:28:00 AM,2,1,0,36.077230,-86.633550,DAVENPORT DR,,,,456.00,Feet,East,BELL RD,,,,0.00,N,Not at Intersection,N,Non-Junction,None,,,         ,Cameron,Fritschie,Clear,Angle,no,no,no,yes,yes,False
103460141,METROPOLITAN NASHVILLE POLICE DEPT,2022-0537405,Davidson,Nashville,10/25/2022 12:00:00 AM,2,1,0,36.145720,-86.667740,CLARIDGE DR,,,,131.00,Feet,South,ROYAL PKWY,,,,0.00,N,Not at Intersection,N,Non-Junction,None,,,         ,Frank,Walker,Cloudy,Angle,no,no,no,no,no,False
103460143,METROPOLITAN NASHVILLE POLICE DEPT,20220541951,Davidson,Nashville,10/27/2022 1:10:00 PM,2,0,0,36.106260,-86.813620,HILLSBORO PKE,,,,166.00,Feet,North,ABBOTT MARTIN RD,,,,0.00,N,Not at Intersection,N,Non-Junction,None,,,         ,Douglas,Atwood,Clear,Angle,no,no,no,no,no,False
103460146,METROPOLITAN NASHVILLE POLICE DEPT,20220541297,Davidson,Nashville,10/27/2022 2:35:00 PM,2,0,0,36.171370,-86.752310,SHELBY AV,,,,9.00,Feet,East,S 10TH ST,,,,0.00,N,Not at Intersection,N,Non-Junction,None,,,         ,William,Clemons,Clear,Angle,no,no,no,no,no,False
103460154,METROPOLITAN NASHVILLE POLICE DEPT,20220541652,Davidson,Nashville,10/27/2022 10:24:00 AM,2,1,0,36.162110,-86.790610,11TH AVN,,,,0.00,,,CHARLOTTE AV,,,,0.00,Y,Four-Way,N,Intersection,None,,,         ,Charles,Large,Clear,Front to Rear,no,no,no,no,no,False
103460156,METROPOLITAN NASHVILLE POLICE DEPT,20220542131,Davidson,Antioch,10/27/2022 2:36:00 PM,2,1,0,36.013000,-86.611070,FIRESTONE PKWY,,,,68.00,Feet,North,HEIL QUAKER BLVD,,,,0.00,N,Not at Intersection,N,Non-Junction,None,,,         ,Brandon,Simpkins,Clear,Angle,no,no,no,no,yes,False
103460205,METROPOLITAN NASHVILLE POLICE DEPT,20220541797,Davidson,Nashville,10/27/2022 12:00:00 AM,2,1,0,36.080390,-86.955300,I40 E EXT RAMP,,,,0.00,Feet,East,I 40,,,,0.00,N,Not at Intersection,N,Entrance/Exit Ramp Related,None,,,         ,Terence,Mitchell,Clear,Front to Rear,no,no,no,no,no,False
103460207,METROPOLITAN NASHVILLE POLICE DEPT,20220542094,Davidson,Nashville,10/27/2022 2:52:00 PM,2,1,0,36.041160,-86.726690,OLD HICKORY BLVD,,,,227.00,Feet,North,WINDYPINE DR,,,,0.00,N,Not at Intersection,N,"Driveway, Alley Access, etc",None,,,         ,Juan,Garcia-Canizales,Clear,Angle,no,no,no,no,no,False
103460217,METROPOLITAN NASHVILLE POLICE DEPT,20220542095,Davidson,Nashville,10/27/2022 2:25:00 PM,2,1,0,36.029180,-86.672450,BLUE HOLE RD,,,,329.00,Feet,North,PETTUS RD,,,,0.00,N,Not at Intersection,N,Non-Junction,None,,,         ,Todd,Watson,Clear,Front to Rear,no,no,no,no,no,False
103460240,METROPOLITAN NASHVILLE POLICE DEPT,20220542143,Davidson,Nashville,10/27/2022 3:20:00 PM,2,2,0,36.253270,-86.716770,GALLATIN PKES,,,,21.00,Feet,North,MADISON SQ,,,,0.00,N,Not at Intersection,N,Non-Junction,None,,,         ,Nicholas,Terwilliger,Clear,Angle,no,no,no,no,no,False
103460289,METROPOLITAN NASHVILLE POLICE DEPT,20220542238,Davidson,Nashville,10/27/2022 4:15:00 PM,2,0,0,36.244000,-86.747740,I 65,,,,0.00,,,,,,,90.65,N,Not at Intersection,N,Non-Junction,None,,,         ,Austin,Bronstrad,Clear,Front to Rear,no,no,no,no,no,False
103460296,METROPOLITAN NASHVILLE POLICE DEPT,20220542274,Davidson,Nashville,10/27/2022 4:30:00 PM,2,0,0,36.245560,-86.746080,I65 S EXT RAMP,,,,0.00,Feet,East,I 65,,,,0.00,N,Not at Intersection,N,Non-Junction,None,,,         ,Ty,Cummings,Cloudy,"Sideswipe, Same Direction",no,no,no,no,yes,False
103460306,VANDERBILT UNIVERSITY POLICE,20220515736,Davidson,Nashville,10/14/2022 12:00:00 AM,2,0,0,36.141830,-86.800760,21ST AVS,,,,0.00,,,,,,,0.00,,,N,Non-Junction,None,,,         ,James,McDaniel,Clear,Front to Rear,no,no,no,yes,no,Campus
103460329,METROPOLITAN NASHVILLE POLICE DEPT,20220542222,Davidson,Nashville,10/27/2022 4:50:00 PM,2,0,0,36.158020,-86.791260,I40 E EXT RAMP,,,,0.00,Feet,East,I 40,,,,0.00,N,Not at Intersection, ,,None,,,         ,Nicholas,Carroll,,,no,no,no,no,no,False
103460331,METROPOLITAN NASHVILLE POLICE DEPT,20220542366,Davidson,Nashville,10/27/2022 4:59:00 PM,3,0,0,36.068140,-86.774200,FRANKLIN PKE,,,,0.00,,,EVANSDALE DR,,,,0.00,Y,T-Intersection,N,Non-Junction,None,,,         ,John,McDonnell,Clear,"Sideswipe, Same Direction",no,no,no,no,no,False