master_record_number,agency,agency_tracking_number,county,city,collision_date,vehicles_involved,number_injured,number_dead,latitude,longitude,roadway_name,roadway_suffix,roadway_number,roadway_local_id,distance_from_reference,miles-feet_indicator,direction_from_reference,intersection_road_name,intersection_road_name_suffix,intersection_road_number,intersection_local_id,mile_marker,intersection_indicator,intersect_type,interchange_related_indicator,relation_to_junction,work_zone_type,construction_maintenance_zone,construction_maintenance_zone_location,fatal_case_number,officer_first_name,officer_last_name,weather_condition(s),manner_of_crash,pedestrian,bicycle,scooter,parking,hitrun,mou
103460332,METROPOLITAN NASHVILLE POLICE DEPT,20220542329,Davidson,Nashville,10/27/2022 5:40:00 PM,2,1,0,36.169850,-86.763510,FATHERLAND ST,,,,0.00,,,S 5TH ST,,,,0.00,Y,Four-Way,N,Intersection,None,,,         ,Randy,Puckett,Clear,Angle,no,no,no,no,no,False
103460335,METROPOLITAN NASHVILLE POLICE DEPT,20220542385,Davidson,Nashville,10/27/2022 6:15:00 PM,2,1,0,36.041520,-86.743840,EDMONDSON PKE,,,,278.00,Feet,South,BRENTWOOD SQ,,,,0.00,N,Not at Intersection,N,Non-Junction,None,,,         ,Flynn,Ireland,Clear,HeadOn,no,no,no,no,no,False
103460369,METROPOLITAN NASHVILLE POLICE DEPT,20220542376,Davidson,Nashville,10/27/2022 5:22:00 PM,2,0,0,36.251480,-86.740290,I 65,,,,0.00,,,,,,,91.30,N,Not at Intersection,N,Non-Junction,None,,,         ,Austin,Bronstrad,Clear,Front to Rear,no,no,no,no,no,False
103460370,METROPOLITAN NASHVILLE POLICE DEPT,20220542022,Davidson,Nashville,10/27/2022 1:58:00 PM,2,1,0,36.103720,-86.869530,HARDING PKE,,,,0.00,,,POST RD,,,,0.00,Y,Four-Way,N,Intersection,None,,,         ,Christopher,Valdez,Clear,Angle,no,no,no,no,no,False
103460385,METROPOLITAN NASHVILLE POLICE DEPT,20220542295,Davidson,Nashville,10/27/2022 5:10:00 PM,2,2,0,36.141940,-86.781060,EDGEHILL AV,,,,0.00,,,9TH AVS,,,,0.00,Y,Four-Way,N,Intersection,None,,,         ,Nicholas,Carroll,Clear,Other,no,no,no,no,no,False
103460392,METROPOLITAN NASHVILLE POLICE DEPT,20220538431,Davidson,Nashville,10/25/2022 8:15:00 PM,2,0,0,36.118300,-86.700320,MURFREESBORO PKE,,,,0.00,,,BRILEY PKWYS,,,,0.00,Y,Four-Way, ,Intersection,None,,,         ,Russell,Ward,Clear,Angle,no,no,no,no,no,False
103460395,METROPOLITAN NASHVILLE POLICE DEPT,20220542303,Davidson,Nashville,10/27/2022 5:00:00 PM,1,0,0,36.052060,-86.742820,HUNTINGTON PKWY,,,,0.00,,,,,,,0.00,,,N,Non-Junction,None,,,         ,Joseph,Hurst,Clear,Not Collision with Motor Vehicle in Transport,no,no,no,no,yes,False
103460402,METROPOLITAN NASHVILLE POLICE DEPT,20220542426,Davidson,Nashville,10/27/2022 6:53:00 PM,3,1,0,36.147060,-86.743680,FESSLERS LN,,,,3.00,Feet,North,RUNDLE AV,,,,0.00,N,Not at Intersection,N,Non-Junction,None,,,         ,Evan,Grace,Clear,Front to Rear,no,no,no,no,no,False
103460415,METROPOLITAN NASHVILLE POLICE DEPT,20220542418,Davidson,Nashville,10/27/2022 6:46:00 PM,2,1,0,36.121510,-86.726810,I440 W ENT RAMP,,,,0.00,Feet,East,I 24,,,,0.00,N,Not at Intersection,N,Entrance/Exit Ramp Related,None,,,         ,Joseph,Hurst,Clear,Angle,no,no,no,no,no,False
103460420,VANDERBILT UNIVERSITY POLICE,20220536272,Davidson,Nashville,10/23/2022 6:10:00 PM,2,0,0,36.139270,-86.803480,23RD AVS,,,,0.00,,,,,,,0.00,,,N,Non-Junction,None,,,         ,James,McDaniel,Clear,"Sideswipe, Opposite Direction",no,no,no,yes,yes,Campus
103460421,METROPOLITAN NASHVILLE POLICE DEPT,20220542427,Davidson,Nashville,10/27/2022 3:18:00 PM,2,0,0,36.064960,-86.628040,HAMILTON CHURCH RD,,,,143.00,Feet,East,MURFREESBORO PKE,,,,0.00,N,Not at Intersection,N,Non-Junction,None,,,         ,Douglas,Hart,Clear,Front to Rear,no,no,no,no,no,False
103460422,METROPOLITAN NASHVILLE POLICE DEPT,20220542467,Davidson,Nashville,10/27/2022 7:16:00 PM,2,0,0,36.153270,-86.756410,I 40,,,,0.00,,,,,,,211.20,N,Not at Intersection, ,,None,,,         ,Evan,Grace,,,no,no,no,no,no,False
103460438,METROPOLITAN NASHVILLE POLICE DEPT,20220542590,Davidson,Nashville,10/27/2022 6:50:00 PM,2,0,0,36.070120,-86.769880,I 65,,,,0.00,,,,,,,77.00,N,Not at Intersection, ,,None,,,         ,Steven,Powers,,,no,no,no,no,no,False
103460440,METROPOLITAN NASHVILLE POLICE DEPT,20220542471,Davidson,Nashville,10/27/2022 7:22:00 PM,2,1,0,36.112050,-86.630250,BELL RD,,,,0.00,Feet,,COUCHVILLE PKE,,,,0.00,Y,T-Intersection,N,Intersection-Related,None,,,         ,Forrest,Punke,Clear,Front to Rear,no,no,no,no,no,False
103460467,METROPOLITAN NASHVILLE POLICE DEPT,20220539980,Davidson,Nashville,10/26/2022 3:03:00 PM,2,0,0,36.128350,-86.907050,CHARLOTTE PKE,,,,86.00,Feet,West,RIVER RD,,,,0.00,N,Not at Intersection,N,Non-Junction,None,,,         ,Jeremy,Huffine,Clear,Angle,no,no,no,no,no,False
103460485,METROPOLITAN NASHVILLE POLICE DEPT,20220542574,Davidson,Nashville,10/27/2022 8:05:00 PM,2,0,0,36.109170,-86.815430,GREEN HILLS VILLAGE DR,,,,136.00,Feet,South,CRESTMOOR RD,,,,0.00,N,Not at Intersection,N,Non-Junction,None,,,         ,Heather,Fox,Clear,Angle,no,no,no,no,no,False
103460506,METROPOLITAN NASHVILLE POLICE DEPT,20220542042,Davidson,Nashville,10/27/2022 2:10:00 PM,2,1,0,36.012790,-86.697730,SUNNYWOOD DR,,,,29.00,Feet,South,SUGARPLUM RD,,,,0.00,N,Not at Intersection,N,Non-Junction,None,,,         ,Parker,Vegas,Clear,"Sideswipe, Opposite Direction",no,no,no,no,no,False
103460523,METROPOLITAN NASHVILLE POLICE DEPT,20220542529,Davidson,Nashville,10/27/2022 7:56:00 PM,2,0,0,36.162750,-86.771310,SHELBY ST PEDESTRIAN BRIDGE GR,,,,0.00,Feet,East,EAST BANK GRNWY,,,,0.00,N,Not at Intersection, ,Non-Junction,None,,,         ,Daniel,Tomlinson,Clear,"Sideswipe, Same Direction",no,no,no,no,no,False
103460527,METROPOLITAN NASHVILLE POLICE DEPT,20220542525,Davidson,Nashville,10/27/2022 7:53:00 PM,2,1,0,36.205890,-86.768610,E TRINITY LN,,,,0.00,,,DICKERSON PKE,,,,0.00,Y,Four-Way,N,Intersection,None,,,         ,Randy,Puckett,Clear,Angle,no,no,no,no,no,False
103460529,METROPOLITAN NASHVILLE POLICE DEPT,20220542453,Davidson,Nashville,10/27/2022 6:30:00 PM,2,0,0,36.169090,-86.809600,21ST AVN,,,,0.00,Feet,East,JEFFERSON ST,,,,0.00,N,Not at Intersection,N,Non-Junction,None,,,         ,Alex,Mann,Clear,Angle,no,no,no,no,yes,False
103460553,METROPOLITAN NASHVILLE POLICE DEPT,20220542724,Davidson,Nashville,10/27/2022 6:45:00 PM,2,1,0,36.169530,-86.600970,OLD HICKORY BLVD,,,,6.00,Feet,South,I40 E ENT RAMP,,,,0.00,N,Not at Intersection,N,Non-Junction,None,,,         ,Brian,Cavaliere,Clear,Angle,no,no,no,no,yes,False
103460573,METROPOLITAN NASHVILLE POLICE DEPT,20220542654,Davidson,Nashville,10/27/2022 8:52:00 PM,2,0,0,36.229160,-86.772260,I 65,,,,0.00,,,,,,,88.90,N,Not at Intersection,N,Non-Junction,None,,,         ,Nicholas,Terwilliger,Clear,"Sideswipe, Same Direction",no,no,no,no,no,False
103460574,METROPOLITAN NASHVILLE POLICE DEPT,20220542747,Davidson,Nashville,10/27/2022 12:00:00 AM,2,0,0,36.151630,-86.756660,FAIN ST,,,,0.00,,,FAIRFIELD AV,,,,0.00,Y,Four-Way,Y,Intersection,None,,,         ,Jacob,Snyder,Cloudy,Angle,no,no,no,no,yes,False
103460575,THP District 3 - Nashville,322088938,Davidson,Nashville,10/25/2022 5:00:00 PM,2,0,0,36.034090,-86.783160,I 65,,,,0.00,,,,,,,74.25,N,Not at Intersection,N,Non-Junction,None,,,         ,Walter,Roth,"Cloudy, Rain",Front to Rear,no,no,no,no,no,False
103460591,METROPOLITAN NASHVILLE POLICE DEPT,20220542528,Davidson,Nashville,10/27/2022 7:40:00 PM,2,0,0,36.160510,-86.801870,DR D B TODD JR BLVD,,,,0.00,Feet,East,JO JOHNSTON AV,,,,0.00,N,Not at Intersection,N,Non-Junction,None,,,         ,Alex,Mann,Clear,Front to Rear,no,no,no,no,no,False
103460597,METROPOLITAN NASHVILLE POLICE DEPT,20220542486,Davidson,Nashville,10/27/2022 7:05:00 PM,2,0,0,36.156490,-86.776030,KOREAN VETERANS BLVD,,,,54.00,Feet,West,5TH AVS,,,,0.00,N,Not at Intersection,N,Non-Junction,None,,,         ,Michael,Enriquez,Clear,Front to Rear,no,no,no,no,no,False
103460600,METROPOLITAN NASHVILLE POLICE DEPT,20220542848,Davidson,Nashville,10/27/2022 9:36:00 PM,2,0,0,36.140690,-86.791090,15TH AVS,,,,81.00,Feet,North,HORTON AV,,,,0.00,N,Not at Intersection,N,Non-Junction,None,,,         ,Brady,Reynolds,Clear,"Sideswipe, Opposite Direction",no,no,no,no,yes,False
103460601,METROPOLITAN NASHVILLE POLICE DEPT,20220542849,Davidson,Antioch,10/27/2022 2:20:00 PM,2,0,0,36.069140,-86.580220,WEST WINCHESTER DR,,,,290.00,Feet,West,HOBSON PKE,,,,0.00,N,Not at Intersection,N,Non-Junction,None,,,         ,Douglas,Meringer,Clear,HeadOn,no,no,no,no,yes,False
103460603,METROPOLITAN NASHVILLE POLICE DEPT,20220542895,Davidson,Nashville,10/27/2022 11:01:00 PM,2,1,0,36.220020,-86.728960,CURDWOOD BLVD,,,,308.00,Feet,North,HUNTERS MEADOW LN,,,,0.00,N,Not at Intersection,N,Non-Junction,None,,,         ,Jordan,Knight,Clear,HeadOn,no,no,no,no,no,False
103460605,METROPOLITAN NASHVILLE POLICE DEPT,20220542678,Davidson,Nashville,10/27/2022 8:20:00 PM,3,1,0,36.163680,-86.778980,CHURCH ST,,,,0.00,Feet,East,4TH AVN,,,,0.00,N,Not at Intersection,N,Non-Junction,None,,,         ,Kency,Le,Clear,Unknown,no,no,no,no,no,False
103460606,METROPOLITAN NASHVILLE POLICE DEPT,20220542410,Davidson,Nashville,10/27/2022 6:30:00 PM,1,1,0,36.086680,-86.730010,NOLENSVILLE PKE,,,,95.00,Feet,South,ELYSIAN FIELDS CT,,,,0.00,N,Not at Intersection,N,Non-Junction,None,,,         ,Eric,Modransky,Clear,Not Collision with Motor Vehicle in Transport,yes,no,no,no,yes,False
103460607,METROPOLITAN NASHVILLE POLICE DEPT,20220542825,Davidson,Nashville,10/27/2022 10:22:00 PM,2,1,0,36.142000,-86.652290,I 40,,,,0.00,,,,,,,217.45,N,Not at Intersection,N,Non-Junction,None,,,         ,Bridget,Griepentrog,Clear,Front to Rear,no,no,no,no,no,False
103460610,METROPOLITAN NASHVILLE POLICE DEPT,20220542770,Davidson,Nashville,10/27/2022 9:53:00 PM,2,0,0,36.161870,-86.779340,COMMERCE ST,,,,0.00,,,5TH AVN,,,,0.00,Y,OTHER, ,,None,,,         ,Samuel,White,,,no,no,no,no,no,False
103460612,METROPOLITAN NASHVILLE POLICE DEPT,20220542733,Davidson,Nashville,10/27/2022 9:25:00 PM,2,1,0,36.142090,-86.788650,EDGEHILL HOMES PVTDR,,,,291.00,Feet,South,EDGEHILL AV,,,,0.00,N,Not at Intersection,N,Non-Junction,None,,,         ,Cory,Bean,Clear,Front to Rear,yes,no,no,no,yes,False
103460624,METROPOLITAN NASHVILLE POLICE DEPT,20220542513,Davidson,Nashville,10/27/2022 7:48:00 PM,1,1,0,36.217640,-86.704740,MCGAVOCK PKE,,,,29.00,Feet,West,PENNINGTON BEND RD,,,,0.00,N,Not at Intersection,N,OtherLocation,None,,,         ,Douglas,Mann,Clear,Unknown,no,no,no,no,no,False
103460625,METROPOLITAN NASHVILLE POLICE DEPT,20220543000,Davidson,Nashville,10/27/2022 11:53:00 PM,1,1,0,36.144710,-86.750100,MURFREESBORO PKE,,,,81.00,Feet,West,ELM HILL PKE,,,,0.00,N,Not at Intersection,N,Non-Junction,None,,,         ,Autumn,Manning,Clear,Not Collision with Motor Vehicle in Transport,no,no,no,no,no,False
103460627,METROPOLITAN NASHVILLE POLICE DEPT,20220542900,Davidson,Nashville,10/27/2022 12:00:00 AM,1,0,0,36.054740,-86.693980,TUSCULUM RD,,,,27.00,Feet,East,COLERIDGE DR,,,,0.00,N,Not at Intersection,N,"Driveway, Alley Access, etc",None,,,         ,Jerre,Fly,Clear,Not Collision with Motor Vehicle in Transport,no,no,no,no,yes,False
103460629,METROPOLITAN NASHVILLE POLICE DEPT,20220542359,Davidson,Nashville,10/27/2022 5:50:00 PM,2,0,0,36.210110,-86.873320,ASHLAND CITY HWY,,,,66.00,Feet,West,ASHLAND CITY HWY WB ENT RAMP,,,,0.00,N,Not at Intersection, ,Entrance/Exit Ramp Related,None,,,         ,Malik,Smith,Clear,Front to Rear,no,no,no,no,no,False
103460632,METROPOLITAN NASHVILLE POLICE DEPT,20220542842,Davidson,Nashville,10/27/2022 10:20:00 PM,2,0,0,36.240730,-86.750750,BRILEY PKWYW,,,,109.00,Feet,East,I65 N ENT RAMP,,,,0.00,N,Not at Intersection,N,Non-Junction,None,,,         ,Jarrett,Ipox,Clear,Front to Rear,no,no,no,no,yes,False
103460635,METROPOLITAN NASHVILLE POLICE DEPT,20220543119,Davidson,Nashville,10/28/2022 1:06:00 AM,1,0,0,36.047890,-86.663140,I 24,,,,0.00,,,,,,,59.10,N,Not at Intersection,N,Non-Junction,None,,,         ,Alexandra,Foote,Clear,Not Collision with Motor Vehicle in Transport,no,no,no,no,yes,False
103460665,METROPOLITAN NASHVILLE POLICE DEPT,20220543104,Davidson,Nashville,10/27/2022 11:55:00 PM,1,0,0,36.059630,-86.668350,UNA ANTIOCH PKE,,,,129.00,Feet,East,MOSS RD,,,,0.00,N,Not at Intersection,N,Non-Junction,None,,,         ,Jason,Lyons,Clear,Not Collision with Motor Vehicle in Transport,no,no,no,no,yes,False
103460676,METROPOLITAN NASHVILLE POLICE DEPT,20220543083,Davidson,Nashville,10/28/2022 12:48:00 AM,2,0,0,36.091950,-86.886760,HARDING PKE,,,,457.00,Feet,West,VAUGHNS GAP RD,,,,0.00,N,Not at Intersection,N,Non-Junction,None,,,         ,David,Moser,Clear,Front to Rear,no,no,no,no,no,False
103460689,METROPOLITAN NASHVILLE POLICE DEPT,20220543229,Davidson,Nashville,10/28/2022 2:35:00 AM,2,1,0,36.141600,-86.776760,I 65,,,,0.00,,,,,,,82.00,N,Not at Intersection,N,Non-Junction,None,,,         ,Cory,Bean,Clear,"Sideswipe, Same Direction",no,no,no,no,no,False
103460766,METROPOLITAN NASHVILLE POLICE DEPT,20220543354,Davidson,Goodlettsville,10/28/2022 6:17:00 AM,2,0,0,36.302750,-86.691850,GALLATIN PKEN,,,,0.00,,,CONFERENCE DR,,,,0.00,Y,Four-Way,N,Intersection,None,,,         ,Wesley,Mcclelland,Clear,Front to Rear,no,no,no,no,no,False
103460799,METROPOLITAN NASHVILLE POLICE DEPT,20220543357,Davidson,Nashville,10/28/2022 6:20:00 AM,2,0,0,36.082360,-86.702130,LINBAR DR,,,,0.00,Feet,,WALLACE RD,,,,0.00,Y,Y-Intersection,N,Intersection,None,,,         ,Benjamin,Tasto,Clear,Angle,no,no,no,no,no,False
103460821,GOODLETTSVILLE POLICE DEPT,22-32646,Davidson,Goodlettsville,10/25/2022 3:15:00 PM,2,1,0,36.312220,-86.676320,STATE HWY 386,,,,1514.00,Feet,West,PEEPLES CT,,,,0.00,N,Not at Intersection,N,Non-Junction,None,,,         ,Dequionta,Rucker,"Cloudy, Rain",Angle,no,no,no,no,no,False
103460851,METROPOLITAN NASHVILLE POLICE DEPT,20220543514,Davidson,Nashville,10/28/2022 8:17:00 AM,2,2,0,36.150620,-86.767760,LAFAYETTE ST,,,,40.00,Feet,North,2ND AVS,,,,0.00,N,Not at Intersection,N,Non-Junction,None,,,         ,John,Walden,Clear,HeadOn,no,no,no,no,no,False
103460854,METROPOLITAN NASHVILLE POLICE DEPT,20220543567,Davidson,Nashville,10/28/2022 8:49:00 AM,2,0,0,36.180490,-86.800450,I 65,,,,0.00,,,,,,,86.00,N,Not at Intersection,N,Non-Junction,None,,,         ,Ryan,Caulfield,Cloudy,"Sideswipe, Same Direction",no,no,no,no,yes,False
103460875,METROPOLITAN NASHVILLE POLICE DEPT,20220543422,Davidson,Nashville,10/28/2022 7:05:00 AM,2,1,0,36.192280,-86.624340,LEBANON PKE,,,,245.00,Feet,North,BONNABROOK DR,,,,0.00,N,Not at Intersection,N,Non-Junction,None,,,         ,Grey,Maxwell,Clear,Angle,no,no,no,no,no,False
103460884,METROPOLITAN NASHVILLE POLICE DEPT,20220543574,Davidson,Nashville,10/28/2022 7:15:00 AM,2,0,0,36.157580,-86.707140,LEBANON PKE,,,,0.00,,,GAYLAND CT,,,,0.00,Y,T-Intersection,N,Non-Junction,None,,,         ,Michael,Douglas,Clear,"Sideswipe, Same Direction",no,no,no,no,no,False
103460886,BERRY HILL POLICE DEPT,22-3148,Davidson,Berry Hill,10/28/2022 8:50:00 AM,2,0,0,36.118860,-86.774590,FRANKLIN PKE,,,,0.00,,,BERRY RD,,,,0.00,Y,T-Intersection, ,,None,,,         ,Larry,Carter,,,no,no,no,no,no,False
103460890,METROPOLITAN NASHVILLE POLICE DEPT,20220543693,Davidson,Nashville,10/28/2022 10:21:00 AM,2,0,0,36.098140,-86.872420,HIGHWAY 100,,,,313.00,Feet,South,HEADY DR,,,,0.00,N,Not at Intersection,N,Non-Junction,None,,,         ,Jackson,Smythe,Clear,Angle,no,no,no,no,no,False
103460895,METROPOLITAN NASHVILLE POLICE DEPT,20220543648,Davidson,Nashville,10/27/2022 12:00:00 AM,2,0,0,36.182910,-86.640200,LEBANON PKE,,,,570.00,Feet,East,DOWNEYMEADE DR,,,,0.00,N,Not at Intersection, ,,None,,,         ,Christopher,Gooding,,,no,no,no,no,no,False
103460922,METROPOLITAN NASHVILLE POLICE DEPT,20220543725,Davidson,Nashville,10/28/2022 8:42:00 AM,1,0,0,36.150360,-86.697590,ELM HILL PKE,,,,77.00,Feet,East,AIR LANE DR,,,,0.00,N,Not at Intersection,N,Non-Junction,None,,,         ,Dillon,Hanna,Clear,Not Collision with Motor Vehicle in Transport,no,no,no,no,no,False
103460934,VANDERBILT UNIVERSITY POLICE,20220543782,Davidson,Nashville,10/28/2022 3:44:00 AM,1,0,0,36.145830,-86.807590,KENSINGTON PL,,,,0.00,,,25TH AVS,,,,0.00,Y,T-Intersection, ,Non-Junction,None,,,         ,Brent,Clark,Clear,Not Collision with Motor Vehicle in Transport,no,no,no,yes,yes,Campus
103460962,METROPOLITAN NASHVILLE POLICE DEPT,20220543728,Davidson,Nashville,10/28/2022 10:20:00 AM,2,0,0,36.156590,-86.775810,KOREAN VETERANS BLVD,,,,19.00,Feet,East,5TH AVS,,,,0.00,N,Not at Intersection,N,Non-Junction,None,,,         ,Christopher,Brown,Clear,"Sideswipe, Same Direction",no,no,no,no,yes,False
103460999,METROPOLITAN NASHVILLE POLICE DEPT,20220543504,Davidson,Nashville,10/28/2022 8:04:00 AM,3,1,0,36.092300,-86.705160,I 24,,,,0.00,,,,,,,55.20,N,Not at Intersection,N,Non-Junction,None,,,         ,Andrew,Campbell,Cloudy,Front to Rear,no,no,no,no,yes,False
103461016,VANDERBILT UNIVERSITY POLICE,20220543823,Davidson,Nashville,10/28/2022 11:57:00 AM,2,0,0,36.142130,-86.800950,MEDICAL CENTER DR,,,,0.00,,,,,,,0.00,,, ,Non-Junction,None,,,         ,Wintrust,Paul,Clear,HeadOn,no,no,no,yes,no,Campus
103461020,VANDERBILT UNIVERSITY POLICE,20220543762,Davidson,Nashville,10/28/2022 10:23:00 AM,2,0,0,36.139230,-86.800000,21ST AVS,,,,0.00,,,,,,,0.00,,,N,Non-Junction,None,,,         ,Michael,Knupp,Clear,Angle,no,no,no,yes,no,Campus
103461021,METROPOLITAN NASHVILLE POLICE DEPT,20220543829,Davidson,Nashville,10/28/2022 12:02:00 PM,2,1,0,36.224050,-86.625620,COMMERCE ST,,,,0.00,,,OLD HICKORY BLVD,,,,0.00,Y,T-Intersection,N,Intersection,None,,,         ,Jacob,Masteller,Clear,Angle,no,no,no,no,no,False
103461063,METROPOLITAN NASHVILLE POLICE DEPT,20220543875,Davidson,Not in City Limit,10/28/2022 12:42:00 PM,1,1,0,36.331630,-86.899950,I 24,,,,0.00,,,,,,,33.05,N,Not at Intersection,N,Non-Junction,None,,,         ,Jeanine,Sarno,Clear,Not Collision with Motor Vehicle in Transport,no,no,no,no,no,False
103461088,METROPOLITAN NASHVILLE POLICE DEPT,20220543626,Davidson,Nashville,10/28/2022 9:33:00 AM,2,0,0,36.247690,-86.720550,GALLATIN PKES,,,,131.00,Feet,South,DUE WEST AVW,,,,0.00,N,Not at Intersection, ,Non-Junction,None,,,         ,Wesley,Young,Clear,"Sideswipe, Same Direction",no,no,no,no,no,False
103461089,METROPOLITAN NASHVILLE POLICE DEPT,20220543872,Davidson,Nashville,10/28/2022 12:35:00 PM,2,0,0,36.203590,-86.783290,LIBERIA ST,,,,38.00,Feet,South,GLADE ST,,,,0.00,N,Not at Intersection,N,Non-Junction,None,,,         ,Chase,Harriman,Clear,"Sideswipe, Opposite Direction",no,no,no,no,yes,False
103461116,METROPOLITAN NASHVILLE POLICE DEPT,20220543902,Davidson,Nashville,10/28/2022 11:13:00 AM,2,0,0,36.040890,-86.743690,EDMONDSON PKE,,,,326.00,Feet,North,OLD HICKORY BLVD,,,,0.00,N,Not at Intersection, ,Non-Junction,None,,,         ,Michael,Do,Clear,"Sideswipe, Opposite Direction",no,no,no,no,no,False
103461120,METROPOLITAN NASHVILLE POLICE DEPT,20220543726,Davidson,Nashville,10/28/2022 10:28:00 AM,3,0,0,36.140580,-86.722250,I 40,,,,0.00,,,,,,,213.50,N,Not at Intersection, ,Non-Junction,None,,,         ,Patrick,Lancaster,Clear,Front to Rear,no,no,no,no,no,False
103461131,METROPOLITAN NASHVILLE POLICE DEPT,20220543922,Davidson,Nashville,10/28/2022 12:00:00 AM,2,0,0,36.157110,-86.774670,KOREAN VETERANS BLVD,,,,0.00,,,4TH AVS,,,,0.00,Y,Four-Way, ,,None,,,         ,Maria,Reynolds,,,no,no,no,no,no,False
103461203,METROPOLITAN NASHVILLE POLICE DEPT,20220543959,Davidson,Nashville,10/28/2022 1:49:00 PM,2,2,0,36.193660,-86.831220,CLARKSVILLE PKE,,,,0.00,Feet,West,BUENA VISTA PKE,,,,0.00,N,Not at Intersection,N,Non-Junction,None,,,         ,Alexandra,Wall,Clear,Front to Rear,no,no,no,no,no,False
103461208,METROPOLITAN NASHVILLE POLICE DEPT,20220543946,Davidson,Nashville,10/28/2022 1:40:00 PM,3,0,0,36.157340,-86.760410,I40 E ENT RAMP,,,,0.00,Feet,East,I 24,,,,0.00,N,Not at Intersection,Y,Non-Junction,None,,,         ,Rachael,Robinson,Clear,Angle,no,no,no,no,yes,False
103461237,METROPOLITAN NASHVILLE POLICE DEPT,2022-0543873,Davidson,Nashville,10/28/2022 12:40:00 PM,1,1,0,36.166110,-86.781300,CHARLOTTE AV,,,,200.00,Feet,West,4TH AVN,,,,0.00,N,Not at Intersection,N,Non-Junction,None,,,         ,Johan,Kinberg,Clear,Not Collision with Motor Vehicle in Transport,yes,no,no,no,no,False
103461271,METROPOLITAN NASHVILLE POLICE DEPT,20220544041,Davidson,Madison,10/28/2022 1:45:00 PM,2,0,0,36.259120,-86.713310,GALLATIN PKES,,,,258.00,Feet,North,HARRIS ST,,,,0.00,N,Not at Intersection,N,Non-Junction,None,,,         ,Nicholas,Carter,Clear,Angle,no,no,no,no,no,False
103461272,METROPOLITAN NASHVILLE POLICE DEPT,20220544038,Davidson,Madison,10/28/2022 2:58:00 PM,2,0,0,36.257380,-86.713930,GALLATIN PKES,,,,45.00,Feet,North,HARRINGTON AV,,,,0.00,N,Not at Intersection, ,Non-Junction,None,,,         ,Mark,Iovine,Clear,Front to Rear,no,no,no,no,no,False
103461274,BERRY HILL POLICE DEPT,22-3151,Davidson,Berry Hill,10/28/2022 2:40:00 PM,2,0,0,36.120810,-86.765670,BRANSFORD AV,,,,0.00,,,BERRY RD,,,,0.00,Y,T-Intersection,N,Intersection-Related,None,,,         ,Eric,McCoy,Clear,Angle,no,no,no,no,yes,False
103461284,METROPOLITAN NASHVILLE POLICE DEPT,20220543808,Davidson,Nashville,10/28/2022 11:44:00 AM,1,1,0,36.193640,-86.743880,STRAIGHTWAY AV,,,,0.00,Feet,,GALLATIN AV,,,,0.00,Y,T-Intersection,N,Intersection-Related,None,,,         ,Miranda,Vaughn,Clear,Not Collision with Motor Vehicle in Transport,no,yes,no,no,no,False
103461288,METROPOLITAN NASHVILLE POLICE DEPT,20220544004,Davidson,Nashville,10/28/2022 2:30:00 PM,2,2,0,36.194100,-86.830810,BUENA VISTA PKE,,,,201.00,Feet,North,CLARKSVILLE PKE,,,,0.00,N,Not at Intersection,N,Non-Junction,None,,,         ,Aleksandra,Kawicka,Cloudy,Angle,no,no,no,no,no,False
103461304,METROPOLITAN NASHVILLE POLICE DEPT,20220544030,Davidson,Not in City Limit,10/28/2022 3:00:00 PM,2,0,0,36.080910,-86.957410,I 40,,,,0.00,,,,,,,196.30,N,Not at Intersection, ,,Construction Zone,,,         ,Wesley,Tilley,,,no,no,no,no,no,False
103461385,METROPOLITAN NASHVILLE POLICE DEPT,20220543987,Davidson,Nashville,10/28/2022 2:12:00 PM,2,5,0,36.100450,-86.672280,CITATION DR,,,,0.00,,,EZELL PKE,,,,0.00,Y,Four-Way,N,Intersection,None,,,         ,Tavin,Emlund,Clear,Angle,no,no,no,no,no,False
103461393,VANDERBILT UNIVERSITY POLICE,220544074,Davidson,Nashville,10/28/2022 3:00:00 PM,2,0,0,36.141440,-86.774160,CHESTNUT ST,,,,0.00,,,,,,,0.00,,Not at Intersection, ,Non-Junction,None,,,         ,Tannas,Knox,Clear,Unknown,no,no,no,yes,yes,False
103461447,METROPOLITAN NASHVILLE POLICE DEPT,20220544064,Davidson,Nashville,10/28/2022 3:26:00 PM,2,0,0,36.148370,-86.866840,CHARLOTTE PKE,,,,188.00,Feet,East,EASTBORO DR,,,,0.00,N,Not at Intersection,N,Non-Junction,None,,,         ,Ryan,Thomas,Clear,Front to Rear,no,no,no,no,no,False
103461458,METROPOLITAN NASHVILLE POLICE DEPT,20220544114,Davidson,Nashville,10/28/2022 3:59:00 PM,1,1,0,36.206950,-86.680290,MCGAVOCK PKE,,,,383.00,Feet,North,KIMBERLY DR,,,,0.00,N,Not at Intersection,N,Non-Junction,None,,,         ,Brandon,Chapman,Clear,Not Collision with Motor Vehicle in Transport,no,no,no,no,no,False
103461550,METROPOLITAN NASHVILLE POLICE DEPT,20220544262,Davidson,Nashville,10/28/2022 5:10:00 PM,1,1,0,36.154230,-86.787160,DEMONBREUN ST,,,,142.00,Feet,East,I40 W EXT RAMP,,,,0.00,N,Not at Intersection,N,Non-Junction,None,,,         ,Zachary,Cooper,Clear,Not Collision with Motor Vehicle in Transport,no,yes,no,no,no,False