master_record_number,agency,agency_tracking_number,county,city,collision_date,vehicles_involved,number_injured,number_dead,latitude,longitude,roadway_name,roadway_suffix,roadway_number,roadway_local_id,distance_from_reference,miles-feet_indicator,direction_from_reference,intersection_road_name,intersection_road_name_suffix,intersection_road_number,intersection_local_id,mile_marker,intersection_indicator,intersect_type,interchange_related_indicator,relation_to_junction,work_zone_type,construction_maintenance_zone,construction_maintenance_zone_location,fatal_case_number,officer_first_name,officer_last_name,weather_condition(s),manner_of_crash,pedestrian,bicycle,scooter,parking,hitrun,mou
103461579,METROPOLITAN NASHVILLE POLICE DEPT,20220544204,Davidson,Nashville,10/28/2022 4:55:00 PM,1,0,0,36.184380,-86.731830,PORTER RD,,,,249.00,Feet,South,TILLMAN LN,,,,0.00,N,Not at Intersection, ,Non-Junction,None,,,         ,Seth,Wilson,Clear,Not Collision with Motor Vehicle in Transport,no,no,no,no,no,False
103461584,METROPOLITAN NASHVILLE POLICE DEPT,20220544230,Davidson,Nashville,10/28/2022 5:10:00 PM,1,3,0,36.167710,-86.775580,WOODLAND ST,,,,438.00,Feet,East,JAMES ROBERTSON PKWY,,,,0.00,N,Not at Intersection,N,Non-Junction,None,,,         ,Michael,Enriquez,Clear,Not Collision with Motor Vehicle in Transport,yes,no,no,no,no,False
103461592,BERRY HILL POLICE DEPT,22-3154,Davidson,Berry Hill,10/28/2022 6:29:00 PM,2,0,0,36.121090,-86.775360,FRANKLIN PKE,,,,100.00,Feet,South,KIRKWOOD AV,,,,0.00,N,Not at Intersection,N,Non-Junction,None,,,         ,Darren,Jenkins,Clear,Angle,no,no,no,no,yes,False
103461593,METROPOLITAN NASHVILLE POLICE DEPT,20220544347,Davidson,Nashville,10/28/2022 6:45:00 PM,1,0,0,36.187040,-86.631110,CENTRAL PKE,,,,0.00,Feet,North,LEBANON PKE,,,,0.00,N,Not at Intersection, ,,None,,,         ,Evan,Grace,,,no,no,no,no,no,False
103461606,METROPOLITAN NASHVILLE POLICE DEPT,20220544211,Davidson,Nashville,10/28/2022 4:58:00 PM,3,1,0,36.065500,-86.629220,MURFREESBORO PKE,,,,115.00,Feet,South,HAMILTON CROSSINGS,,,,0.00,N,Not at Intersection,N,Non-Junction,None,,,         ,Jennifer,Liquori,Clear,Angle,no,no,no,no,no,False
103461632,METROPOLITAN NASHVILLE POLICE DEPT,20220544154,Davidson,Nashville,10/28/2022 1:10:00 PM,2,0,0,36.078280,-86.730150,HARDING PL,,,,363.00,Feet,South,COVENTRY DR,,,,0.00,N,Not at Intersection, ,,None,,,         ,Darci,Stechman,,,no,no,no,no,no,False
103461634,METROPOLITAN NASHVILLE POLICE DEPT,20220544328,Davidson,Not in City Limit,10/28/2022 6:15:00 PM,4,1,0,36.277270,-86.794510,OLD HICKORY BLVD,,,,505.00,Feet,East,HICKORY HILLS BLVD,,,,0.00,N,Not at Intersection,N,Non-Junction,None,,,         ,Philip,Claibourne,Cloudy,"Sideswipe, Same Direction",no,no,no,no,no,False
103461641,METROPOLITAN NASHVILLE POLICE DEPT,20220542780,Davidson,Nashville,10/27/2022 9:55:00 PM,1,0,1,36.156310,-86.807250,CHARLOTTE AV,,,,0.00,,,22ND AVN,,,,0.00,Y,Four-Way,N,Intersection,None,,,         ,Christopher,Valdez,Clear,Not Collision with Motor Vehicle in Transport,yes,no,no,no,yes,False
103461676,METROPOLITAN NASHVILLE POLICE DEPT,20220544432,Davidson,Nashville,10/28/2022 12:00:00 AM,2,0,0,36.120530,-86.750020,NOLENSVILLE PKE,,,,0.00,,,I440 E ENT RAMP,,,,0.00,Y,Four-Way,N,Intersection,None,,,         ,Darci,Stechman,Clear,Front to Rear,no,no,no,no,yes,False
103461678,METROPOLITAN NASHVILLE POLICE DEPT,20220544497,Davidson,Nashville,10/28/2022 8:02:00 PM,2,2,0,36.046610,-86.673930,BLUE HOLE RD,,,,340.00,Feet,North,BELL RD,,,,0.00,N,Not at Intersection,N,Non-Junction,None,,,         ,Joseph,Hurst,Clear,Angle,no,no,no,no,no,False
103461681,METROPOLITAN NASHVILLE POLICE DEPT,20220544388,Davidson,Nashville,10/28/2022 7:00:00 PM,2,2,0,36.176080,-86.780060,JEFFERSON ST,,,,519.00,Feet,West,OLDHAM ST PVTDR,,,,0.00,N,Not at Intersection,N,Non-Junction,None,,,         ,Blake,Curry,Clear,Front to Rear,no,no,no,no,no,False
103461698,METROPOLITAN NASHVILLE POLICE DEPT,20220544417,Davidson,Nashville,10/28/2022 7:00:00 PM,2,0,0,36.046380,-86.677310,BELL RD,,,,644.00,Feet,East,BRITTANY PARK DR,,,,0.00,N,Not at Intersection,N,Non-Junction,None,,,         ,Corey,Schulz,Clear,Front to Rear,no,no,no,no,yes,False
103461707,METROPOLITAN NASHVILLE POLICE DEPT,20220544407,Davidson,Nashville,10/28/2022 5:20:00 PM,2,0,0,36.173590,-86.602150,CENTRAL PKE,,,,0.00,,,OLD HICKORY BLVD,,,,0.00,Y,Four-Way, ,Non-Junction,None,,,         ,Zacarias,Brito Jr.,Clear,Front to Rear,no,no,no,no,no,False
103461708,METROPOLITAN NASHVILLE POLICE DEPT,20220544453,Davidson,Nashville,10/28/2022 7:47:00 PM,2,1,0,36.192320,-86.616300,JUAREZ DR,,,,0.00,,,OLD HICKORY BLVD,,,,0.00,Y,Four-Way,N,Non-Junction,None,,,         ,Zacarias,Brito Jr.,Clear,Angle,no,no,no,no,no,False
103461731,METROPOLITAN NASHVILLE POLICE DEPT,20220544468,Davidson,Nashville,10/28/2022 7:50:00 PM,2,1,0,36.155070,-86.789240,I40 E ENT RAMP,,,,0.00,Feet,East,I 40,,,,0.00,N,Not at Intersection,N,Non-Junction,None,,,         ,Dakota,Davis,Clear,Front to Rear,no,no,no,no,no,False
103461736,METROPOLITAN NASHVILLE POLICE DEPT,20220544443,Davidson,Nashville,10/28/2022 1:30:00 PM,2,0,0,36.111170,-86.787450,LEALAND LN,,,,85.00,Feet,North,WOODMONT BLVD,,,,0.00,N,Not at Intersection, ,Non-Junction,None,,,         ,Nicholas,Hoffmann,Clear,"Sideswipe, Same Direction",no,no,no,no,no,False
103461737,METROPOLITAN NASHVILLE POLICE DEPT,20220544428,Davidson,Nashville,10/28/2022 7:30:00 PM,3,2,0,36.140450,-86.731680,I 24,,,,0.00,,,,,,,51.50,N,Not at Intersection,N,Non-Junction,None,,,         ,Brandon,Chapman,Clear,Front to Rear,no,no,no,no,no,False
103461739,GOODLETTSVILLE POLICE DEPT,22-33001,Davidson,Goodlettsville,10/28/2022 7:31:00 PM,2,0,0,36.305910,-86.693820,CONFERENCE DR,,,,0.00,,,RIVERGATE MALL PVTDR,,,,0.00,Y,Four-Way,N,Intersection,None,,,         ,Katelyn,Gilliland,Clear,Angle,no,no,no,no,no,False
103461770,METROPOLITAN NASHVILLE POLICE DEPT,20220544476,Davidson,Nashville,10/28/2022 7:50:00 PM,2,0,0,36.181050,-86.787300,VAN BUREN ST,,,,0.00,Feet,East,2ND AVN,,,,0.00,N,Not at Intersection, ,Non-Junction,None,,,         ,Michael,Enriquez,Clear,Angle,no,no,no,no,no,False
103461773,METROPOLITAN NASHVILLE POLICE DEPT,20220544461,Davidson,Nashville,10/28/2022 3:55:00 PM,2,0,0,36.074480,-86.920940,OLD HICKORY BLVD,,,,0.00,,,HIGHWAY 70S,,,,0.00,Y,Four-Way, ,,None,,,         ,Heather,Fox,,,no,no,no,no,no,False
103461780,METROPOLITAN NASHVILLE POLICE DEPT,20220544558,Davidson,Nashville,10/28/2022 8:22:00 PM,2,0,0,36.110940,-86.745220,THOMPSON LN,,,,0.00,,,NOLENSVILLE PKE,,,,0.00,Y,Four-Way,N,Intersection,None,,,         ,Joseph,Hurst,Clear,Angle,no,no,no,no,no,False
103461781,METROPOLITAN NASHVILLE POLICE DEPT,20220544542,Davidson,Nashville,10/28/2022 8:59:00 PM,2,0,0,36.153740,-86.843660,I 40,,,,0.00,,,,,,,204.70,N,Not at Intersection,Y,Non-Junction,None,,,         ,Heather,Fox,Clear,Front to Rear,no,no,no,no,no,False
103461806,METROPOLITAN NASHVILLE POLICE DEPT,20220544221,Davidson,Nashville,10/28/2022 5:00:00 PM,3,0,0,36.142530,-86.631580,ELM HILL PKE,,,,0.00,,,NOBLE VALLEY DR,,,,0.00,Y,T-Intersection,N,Intersection,None,,,         ,Theodore,Flick,Clear,Front to Rear,no,no,no,no,no,False
103461816,METROPOLITAN NASHVILLE POLICE DEPT,20220544571,Davidson,Nashville,10/28/2022 9:24:00 PM,3,1,0,36.152270,-86.753880,I 40,,,,0.00,,,,,,,211.35,N,Not at Intersection,N,Non-Junction,None,,,         ,Timothy,Lehnert,Clear,"Sideswipe, Same Direction",no,no,no,no,yes,False
103461830,METROPOLITAN NASHVILLE POLICE DEPT,20220544593,Davidson,Antioch,10/28/2022 9:29:00 PM,1,0,0,35.996220,-86.687080,PETTUS RD,,,,348.00,Feet,South,LENHAM RD,,,,0.00,N,Not at Intersection,N,Non-Junction,None,,,         ,Douglas,Meringer,Clear,Not Collision with Motor Vehicle in Transport,no,no,no,yes,no,False
103461850,METROPOLITAN NASHVILLE POLICE DEPT,20220544580,Davidson,Nashville,10/28/2022 9:15:00 PM,2,0,0,36.153730,-86.843880,I 40,,,,0.00,,,,,,,204.70,N,Not at Intersection, ,Non-Junction,None,,,         ,John,Jones,Clear,Other,no,no,no,no,no,False
103461864,METROPOLITAN NASHVILLE POLICE DEPT,20220544685,Davidson,Antioch,10/28/2022 12:00:00 AM,1,1,0,36.039070,-86.595930,MAXWELL RD,,,,631.00,Feet,South,OLD HICKORY BLVD,,,,0.00,N,Not at Intersection,N,Non-Junction,None,,,         ,Derek,Garcia,Clear,Not Collision with Motor Vehicle in Transport,no,no,no,no,no,False
103461868,METROPOLITAN NASHVILLE POLICE DEPT,20220544512,Davidson,Nashville,10/28/2022 8:30:00 PM,3,1,0,36.148660,-86.807040,24TH AVN,,,,0.00,,,ELLISTON PL,,,,0.00,Y,Four-Way,N,Intersection,None,,,         ,Flynn,Ireland,Clear,HeadOn,no,no,no,no,no,Campus
103461876,METROPOLITAN NASHVILLE POLICE DEPT,20220544577,Davidson,Nashville,10/28/2022 9:09:00 PM,2,0,0,36.146500,-86.878770,I 40,,,,0.00,,,,,,,202.65,N,Not at Intersection,N,Non-Junction,None,,,         ,Fady,Aziz,Clear,Front to Rear,no,no,no,no,yes,False
103461878,BELLE MEADE POLICE DEPT,22-0265,Davidson,Belle Meade,10/28/2022 5:38:00 PM,2,0,0,36.080750,-86.867130,PAGE RD,,,,868.00,Feet,South,BELLE MEADE BLVD,,,,0.00,N,Not at Intersection, ,Non-Junction,None,,,         ,Dale,Corter,Clear,"Sideswipe, Opposite Direction",no,no,no,no,yes,False
103461883,METROPOLITAN NASHVILLE POLICE DEPT,20220544194,Davidson,Nashville,10/28/2022 4:50:00 PM,2,0,0,36.156890,-86.775160,KOREAN VETERANS BLVD,,,,164.00,Feet,West,4TH AVS,,,,0.00,N,Not at Intersection, ,Non-Junction,None,,,         ,Jonas,Elias,Clear,"Sideswipe, Same Direction",no,no,no,yes,no,False
103461887,METROPOLITAN NASHVILLE POLICE DEPT,20220544860,Davidson,Nashville,10/28/2022 10:14:00 PM,2,0,0,36.151430,-86.794370,DIVISION ST,,,,0.00,,,,,,,0.00,,,N,Non-Junction,None,,,         ,Dakota,Davis,Clear,Unknown,no,no,no,no,yes,False
103461889,METROPOLITAN NASHVILLE POLICE DEPT,20220544424,Davidson,Nashville,10/28/2022 12:00:00 AM,2,0,0,36.065740,-86.629470,MURFREESBORO PKE,,,,0.00,,,HAMILTON CROSSINGS,,,,0.00,Y,T-Intersection,N,Intersection,None,,,         ,Derek,Garcia,Clear,Angle,no,no,no,no,no,False
103461903,METROPOLITAN NASHVILLE POLICE DEPT,20220544846,Davidson,Not in City Limit,10/28/2022 11:43:00 PM,1,0,0,36.327950,-86.893180,I 24,,,,0.00,,,,,,,33.55,N,Not at Intersection,Y,AccelDecelLane,None,,,         ,Scott,St. John,Clear,Not Collision with Motor Vehicle in Transport,no,no,no,no,no,False
103461906,METROPOLITAN NASHVILLE POLICE DEPT,20220544521,Davidson,Nashville,10/28/2022 9:40:00 PM,4,0,0,36.184760,-86.748600,CHICAMAUGA AV,,,,186.00,Feet,West,GALLATIN AV,,,,0.00,N,Not at Intersection,N,Non-Junction,None,,,         ,Randy,Puckett,Clear,Angle,no,no,no,no,yes,False
103461919,METROPOLITAN NASHVILLE POLICE DEPT,20220544331,Davidson,Nashville,10/28/2022 5:54:00 PM,2,0,0,36.142500,-86.744490,FESSLERS LN,,,,113.00,Feet,South,MURFREESBORO PKE,,,,0.00,N,Not at Intersection, ,Non-Junction,None,,,         ,Parker,Vegas,Clear,Front to Rear,no,no,no,no,no,False
103461920,METROPOLITAN NASHVILLE POLICE DEPT,20220544592,Davidson,Nashville,10/28/2022 9:38:00 PM,2,1,0,36.110900,-86.744560,THOMPSON LN,,,,193.00,Feet,East,NOLENSVILLE PKE,,,,0.00,N,Not at Intersection,N,Non-Junction,None,,,         ,Parker,Vegas,Clear,Front to Rear,no,no,no,no,no,False
103461921,METROPOLITAN NASHVILLE POLICE DEPT,20220544823,Davidson,Nashville,10/28/2022 11:24:00 PM,2,0,0,36.086780,-86.695050,HARDING PL,,,,267.00,Feet,East,METROPLEX DR,,,,0.00,N,Not at Intersection,N,Non-Junction,None,,,         ,Parker,Vegas,Clear,Front to Rear,no,no,no,no,no,False
103461945,METROPOLITAN NASHVILLE POLICE DEPT,20220544411,Davidson,Nashville,10/28/2022 6:21:00 PM,2,0,0,36.188340,-86.742860,SHARPE AV,,,,0.00,Feet,,N 14TH ST,,,,0.00,Y,Four-Way,N,Intersection,None,,,         ,Seth,Wilson,Clear,Angle,no,no,no,no,no,False
103461965,METROPOLITAN NASHVILLE POLICE DEPT,20220544079,Davidson,Nashville,10/28/2022 3:14:00 PM,2,0,0,36.153930,-86.857490,URBANDALE AV,,,,0.00,,,BRILEY PKWYS,,,,0.00,Y,Four-Way,N,Intersection,None,,,         ,Wyatt,Brooks,Clear,Angle,no,no,no,no,no,False
103461999,METROPOLITAN NASHVILLE POLICE DEPT,20220545051,Davidson,Nashville,10/28/2022 10:18:00 PM,2,0,0,36.093920,-86.652950,MURFREESBORO PKE,,,,23.00,Feet,North,OLD MURFREESBORO PKE,,,,0.00,N,Not at Intersection,N,Non-Junction,None,,,         ,Jason,Lyons,Clear,Angle,no,no,no,no,yes,False
103462046,METROPOLITAN NASHVILLE POLICE DEPT,20220544813,Davidson,Nashville,10/28/2022 12:00:00 AM,2,0,0,36.149000,-86.874210,I 40,,,,0.00,,,,,,,203.00,N,Not at Intersection,N,Non-Junction,None,,,         ,Lynsey,Fish,Cloudy,"Sideswipe, Same Direction",no,no,no,no,yes,False
103462100,METROPOLITAN NASHVILLE POLICE DEPT,20220545289,Davidson,Nashville,10/28/2022 1:30:00 PM,1,0,0,36.035890,-86.611160,OLD HICKORY BLVD,,,,0.00,,,HOBSON PKE,,,,0.00,Y,Four-Way, ,Intersection,None,,,         ,Joseph,Galante,Clear,Not Collision with Motor Vehicle in Transport,no,no,no,no,no,False
103462105,METROPOLITAN NASHVILLE POLICE DEPT,20220543386,Davidson,Nashville,10/28/2022 12:55:00 PM,2,1,0,36.175860,-86.757480,MAIN ST,,,,31.00,Feet,East,NEILL AV,,,,0.00,N,Not at Intersection,N,Non-Junction,None,,,         ,Samantha,Held,Clear,Angle,no,no,no,no,no,False
103462232,METROPOLITAN NASHVILLE POLICE DEPT,20220545461,Davidson,Nashville,10/28/2022 11:30:00 PM,2,0,0,36.046020,-86.657930,COLLINS PARK DR,,,,0.00,,,BELL RD,,,,0.00,Y,Four-Way,N,Intersection,None,,,         ,Joseph,Galante,Clear,Angle,no,no,no,no,yes,False
103462355,VANDERBILT UNIVERSITY POLICE,20220545566,Davidson,Nashville,10/26/2022 12:00:00 AM,1,0,0,36.139240,-86.799610,CAPERS AV,,,,0.00,,,,,,,0.00,,Not at Intersection, ,Non-Junction,None,,,         ,Michael,Knupp,Unknown,Not Collision with Motor Vehicle in Transport,no,no,no,yes,no,Campus
103462647,VANDERBILT UNIVERSITY POLICE,20220544488,Davidson,Nashville,10/28/2022 8:00:00 PM,2,0,0,36.145980,-86.810400,WEST END AV,,,,0.00,,,CENTENNIAL PARK PVTDR,,,,0.00,Y,Four-Way,N,Intersection,None,,,         ,Mark,Clear,Clear,Front to Rear,no,no,no,no,no,Campus
103462879,Nashville Airport Police,2022-04550,Davidson,Nashville,10/27/2022 12:35:00 PM,2,0,0,36.116700,-86.668180,DONELSON PKE,,,,0.00,,,HANGAR LN,,,,0.00,Y,T-Intersection,N,Intersection-Related,None,,,         ,Deric,Smith,Clear,Front to Rear,no,no,no,no,no,False
103462951,METROPOLITAN NASHVILLE POLICE DEPT,20220544503,Davidson,Not in City Limit,10/28/2022 12:00:00 AM,3,0,0,36.282120,-86.805280,I 24,,,,0.00,,,,,,,40.00,N,Not at Intersection, ,Non-Junction,None,,,         ,James,Kidd,Clear,Front to Rear,no,no,no,no,no,False
103463298,METROPOLITAN NASHVILLE POLICE DEPT,20220546898,Davidson,Nashville,10/28/2022 3:00:00 PM,2,0,0,36.045270,-86.657990,I24 W EXT RAMP,,,,0.00,Feet,East,I 24,,,,0.00,N,Not at Intersection, ,Non-Junction,None,,,         ,Zachary,Wilbanks,Clear,Angle,no,no,no,no,yes,False
103464221,BELLE MEADE POLICE DEPT,22-0263,Davidson,Nashville,10/27/2022 4:50:00 PM,2,0,0,36.087450,-86.862870,BELLE MEADE BLVD,,,,0.00,,,W BROOKFIELD AV,,,,0.00,Y,T-Intersection,Y,Intersection,None,,,         ,David,Read,Clear,Angle,no,no,no,no,no,False
103464298,THP District 3 - Nashville,322089421,Davidson,Nashville,10/27/2022 2:50:00 PM,2,0,0,36.106210,-86.718840,I 24,,,,0.00,,,,,,,54.00,N,Not at Intersection, ,Non-Junction,None,,,         ,Keith,Velez,Clear,Front to Rear,no,no,no,no,no,False
103464315,BELLE MEADE POLICE DEPT,22-0261,Davidson,Nashville,10/27/2022 3:45:00 PM,2,0,0,36.105430,-86.867990,LEAKE AV,,,,76.00,Feet,East,HARDING PKE,,,,0.00,N,Not at Intersection, ,Non-Junction,None,,,         ,David,Read,Clear,Angle,no,no,no,no,no,False
103465091,METROPOLITAN NASHVILLE POLICE DEPT,20220549862,Davidson,Not in City Limit,10/1/2022 10:04:00 PM,1,0,0,36.057820,-86.945690,OLD HARDING PKE,,,,163.00,Feet,North,MORTON MILL RD,,,,0.00,N,Not at Intersection, ,Non-Junction,None,,,         ,David,Moser,Fog,Not Collision with Motor Vehicle in Transport,no,no,no,no,no,False
103465166,THP District 3 - Nashville,322089740,Davidson,Nashville,10/28/2022 2:00:00 PM,1,1,0,36.235490,-86.704210,BRILEY PKWYW,,,,636.00,Feet,South,BRILEY PKWYW,,,,0.00,N,Not at Intersection,N,Non-Junction,None,,,         ,Matthew,Priest,Clear,Not Collision with Motor Vehicle in Transport,no,no,no,no,no,False
103465169,METROPOLITAN NASHVILLE POLICE DEPT,20220530189,Davidson,Nashville,10/21/2022 12:45:00 AM,1,1,0,36.153790,-86.794410,17TH AVS,,,,0.00,Feet,,WEST END AV,,,,0.00,Y,Four-Way,Y,Intersection,None,,,         ,Christopher,Augustin,Clear,Not Collision with Motor Vehicle in Transport,yes,no,no,no,no,False
103465255,METROPOLITAN NASHVILLE POLICE DEPT,20220537171,Davidson,Nashville,10/25/2022 6:41:00 AM,1,1,0,36.167990,-86.786430,7TH AVN,,,,0.00,,,JAMES ROBERTSON PKWY,,,,0.00,Y,T-Intersection,N,Intersection,None,,,         ,Christopher,Augustin,Clear,Not Collision with Motor Vehicle in Transport,yes,no,no,no,no,False
103469146,METROPOLITAN NASHVILLE POLICE DEPT,20220544438,Davidson,Nashville,10/28/2022 7:41:00 PM,2,1,0,36.134300,-86.774730,WEDGEWOOD AV,,,,0.00,,,I65 N ENT RAMP,,,,0.00,Y,Four-Way,N,Intersection,None,,,         ,Jessie,Loy,Clear,Angle,no,no,no,no,no,False
103474880,METROPOLITAN NASHVILLE POLICE DEPT,20220495340,Davidson,Nashville,10/2/2022 1:45:00 AM,2,0,0,36.160500,-86.776860,4TH AVS,,,,213.00,Feet,South,4TH AVN,,,,0.00,N,Not at Intersection, ,Non-Junction,None,,,         ,Tre,Marlowe,Clear,"Sideswipe, Same Direction",no,no,no,no,no,False
103496844,METROPOLITAN NASHVILLE POLICE DEPT,20220512795,Davidson,Nashville,10/11/2022 3:14:00 PM,3,1,0,36.075330,-86.639450,MURFREESBORO PKE,,,,390.00,Feet,North,RURAL HILL RD,,,,0.00,N,Not at Intersection,N,Non-Junction,None,,,         ,Maxwell,Fritz,Clear,Front to Rear,no,no,no,no,no,False
103461934,METROPOLITAN NASHVILLE POLICE DEPT,20220544909,Davidson,Nashville,10/29/2022 12:15:00 AM,1,0,0,36.172850,-86.800410,I 40,,,,0.00,,,,,,,207.65,N,Not at Intersection,N,Non-Junction,None,,,         ,Christopher,Cantrell,Clear,Not Collision with Motor Vehicle in Transport,no,no,no,no,no,False
103461935,METROPOLITAN NASHVILLE POLICE DEPT,20220544945,Davidson,Nashville,10/29/2022 12:15:00 AM,2,0,0,36.148020,-86.641450,I 40,,,,0.00,,,,,,,218.15,N,Not at Intersection,N,Non-Junction,None,,,         ,Jeffrey,Palomino-Gonzalez,Clear,Angle,no,no,no,no,yes,False
103461944,METROPOLITAN NASHVILLE POLICE DEPT,20220544890,Davidson,Nashville,10/29/2022 12:05:00 AM,2,2,0,36.095090,-86.771680,FRANKLIN PKE,,,,588.00,Feet,South,MORRISWOOD DR,,,,0.00,N,Not at Intersection,N,Non-Junction,None,,,         ,Eric,Modransky,Clear,Angle,no,no,no,no,no,False
103461946,METROPOLITAN NASHVILLE POLICE DEPT,20220544956,Davidson,Nashville,10/29/2022 12:50:00 AM,2,0,0,36.157260,-86.779970,DEMONBREUN ST,,,,85.00,Feet,West,7TH AVS,,,,0.00,N,Not at Intersection, ,Non-Junction,None,,,         ,Tre,Marlowe,Clear,Front to Rear,no,no,no,no,no,False
103461948,METROPOLITAN NASHVILLE POLICE DEPT,2022-0544973,Davidson,Nashville,10/29/2022 12:50:00 AM,2,0,0,36.225610,-86.695660,MUSIC VALLEY DR,,,,550.00,Feet,North,BRILEY PKWYS,,,,0.00,N,Not at Intersection,N,Non-Junction,None,,,         ,Joshua,McGarvey,Clear,"Sideswipe, Same Direction",no,no,no,no,no,False
103461966,METROPOLITAN NASHVILLE POLICE DEPT,20220544970,Davidson,Nashville,10/29/2022 1:00:00 AM,2,2,0,36.239150,-86.757660,DICKERSON PKE,,,,0.00,Feet,East,I65 S ENT RAMP,,,,0.00,N,Not at Intersection,N,Non-Junction,None,,,         ,Matthew,Herod,Clear,Angle,no,no,no,no,no,False
103461987,METROPOLITAN NASHVILLE POLICE DEPT,20220545059,Davidson,Nashville,10/29/2022 2:15:00 AM,1,0,0,36.217570,-86.846320,PHIPPS DR,,,,28.00,Feet,North,KINGS LN,,,,0.00,N,Not at Intersection,N,Non-Junction,Work Zone,Work On Shoulder Or Median,Unknown,         ,Jakub,Boyke,Clear,Not Collision with Motor Vehicle in Transport,no,no,no,no,no,False
103461993,METROPOLITAN NASHVILLE POLICE DEPT,20220544979,Davidson,Nashville,10/29/2022 1:10:00 AM,2,1,0,36.040120,-86.780740,OLD HICKORY BLVD,,,,0.00,,,I65 N ENT RAMP,,,,0.00,Y,OTHER,N,Intersection,None,,,         ,Mitchell,Cook,Cloudy,HeadOn,no,no,no,no,no,False
103461998,METROPOLITAN NASHVILLE POLICE DEPT,20220545110,Davidson,Nashville,10/29/2022 12:00:00 AM,1,0,0,36.144730,-86.739620,I 40,,,,0.00,,,,,,,212.30,N,Not at Intersection,N,Non-Junction,None,,,         ,Jacob,Snyder,Cloudy,Not Collision with Motor Vehicle in Transport,no,no,no,no,no,False
103462034,METROPOLITAN NASHVILLE POLICE DEPT,20220545159,Davidson,Nashville,10/29/2022 3:30:00 AM,2,0,0,36.164570,-86.776910,CHURCH ST,,,,0.00,,,2ND AVN,,,,0.00,Y,Four-Way,N,Intersection,None,,,         ,Kevin,Steiner,Clear,Angle,no,no,no,no,no,False
103462035,METROPOLITAN NASHVILLE POLICE DEPT,20220545178,Davidson,Nashville,10/29/2022 3:40:00 AM,2,0,0,36.041490,-86.652120,I 24,,,,0.00,,,,,,,59.85,N,Not at Intersection,N,Non-Junction,None,,,         ,Phillip,Lovell,Clear,"Sideswipe, Same Direction",no,no,no,no,yes,False
103462036,METROPOLITAN NASHVILLE POLICE DEPT,20220545193,Davidson,Goodlettsville,10/29/2022 5:30:00 AM,1,0,0,36.295220,-86.697810,MYATT DR,,,,53.00,Feet,North,RIVERGATE STATION PVTDR,,,,0.00,N,Not at Intersection,N,Non-Junction,None,,,         ,Matthew,Herod,Clear,Unknown,no,no,no,no,yes,False
103462037,METROPOLITAN NASHVILLE POLICE DEPT,20220544981,Davidson,Nashville,10/29/2022 12:36:00 AM,2,0,0,36.158200,-86.625530,I40 W EXT RAMP,,,,0.00,Feet,East,I 40,,,,0.00,N,Not at Intersection,N,Non-Junction,None,,,         ,Bryan,Malone,Clear,HeadOn,no,no,no,no,yes,False
103462045,METROPOLITAN NASHVILLE POLICE DEPT,20220545105,Davidson,Nashville,10/29/2022 12:00:00 AM,2,0,0,36.144900,-86.668510,SHACKLETT DR,,,,183.00,Feet,West,CLARIDGE DR,,,,0.00,N,Not at Intersection,N,Non-Junction,None,,,         ,Jacob,Snyder,Cloudy,Rear to Rear,no,no,no,yes,yes,False
103462052,METROPOLITAN NASHVILLE POLICE DEPT,20220545202,Davidson,Nashville,10/29/2022 12:00:00 AM,1,0,0,36.147300,-86.744050,I 40,,,,0.00,,,,,,,212.00,N,Not at Intersection,N,Non-Junction,None,,,         ,Timothy,Lehnert,Clear,Unknown,no,no,no,no,yes,False
103462057,METROPOLITAN NASHVILLE POLICE DEPT,20220545001,Davidson,Nashville,10/29/2022 1:31:00 AM,2,2,0,36.203280,-86.776650,I 65,,,,0.00,,,,,,,87.10,N,Not at Intersection,N,Non-Junction,None,,,         ,Peter,Kinsey,Clear,"Sideswipe, Same Direction",no,no,no,no,yes,False
103462058,METROPOLITAN NASHVILLE POLICE DEPT,20220545120,Davidson,Nashville,10/29/2022 3:34:00 AM,2,1,0,36.051330,-86.623470,MT VIEW RD,,,,226.00,Feet,West,MT VIEW CIR,,,,0.00,N,Not at Intersection,N,Non-Junction,None,,,         ,Michael,Overberg,Clear,HeadOn,no,no,no,no,no,False
103462060,METROPOLITAN NASHVILLE POLICE DEPT,20220545251,Davidson,Nashville,10/29/2022 12:00:00 AM,2,0,0,36.113310,-86.723710,I 24,,,,0.00,,,,,,,53.40,N,Not at Intersection, ,Non-Junction,None,,,         ,James,Gilliam,Clear,Front to Rear,no,no,no,no,yes,False
103462068,METROPOLITAN NASHVILLE POLICE DEPT,20220545085,Davidson,Antioch,10/29/2022 2:28:00 AM,1,1,0,36.073640,-86.597780,COUNTRY WAY RD,,,,183.00,Feet,West,SEBETHA CT,,,,0.00,N,Not at Intersection,N,Non-Junction,None,,,         ,Douglas,Meringer,Clear,Not Collision with Motor Vehicle in Transport,no,no,no,no,no,False
103462069,METROPOLITAN NASHVILLE POLICE DEPT,20220545215,Davidson,Nashville,10/29/2022 6:11:00 AM,1,2,0,36.145530,-86.752530,MURFREESBORO PKE,,,,0.00,Feet,East,LESTER AV,,,,0.00,N,Not at Intersection,N,Non-Junction,None,,,         ,Bryan,Malone,Clear,Not Collision with Motor Vehicle in Transport,yes,no,no,no,no,False