master_record_number,agency,agency_tracking_number,county,city,collision_date,vehicles_involved,number_injured,number_dead,latitude,longitude,roadway_name,roadway_suffix,roadway_number,roadway_local_id,distance_from_reference,miles-feet_indicator,direction_from_reference,intersection_road_name,intersection_road_name_suffix,intersection_road_number,intersection_local_id,mile_marker,intersection_indicator,intersect_type,interchange_related_indicator,relation_to_junction,work_zone_type,construction_maintenance_zone,construction_maintenance_zone_location,fatal_case_number,officer_first_name,officer_last_name,weather_condition(s),manner_of_crash,pedestrian,bicycle,scooter,parking,hitrun,mou
103464307,METROPOLITAN NASHVILLE POLICE DEPT,20220548413,Davidson,Not in City Limit,10/31/2022 6:54:00 AM,2,1,0,36.318380,-86.841220,I 24,,,,0.00,,,,,,,36.60,N,Not at Intersection,N,Non-Junction,None,,,         ,Judah,Parker,Cloudy,Front to Rear,no,no,no,no,no,False
103464317,METROPOLITAN NASHVILLE POLICE DEPT,20220548557,Davidson,Nashville,10/31/2022 3:27:00 AM,1,0,0,36.235830,-86.758220,DICKERSON PKE,,,,262.00,Feet,South,I65 N ENT RAMP,,,,0.00,N,Not at Intersection,N,Non-Junction,None,,,         ,Jason,Milyaro Lucas,Cloudy,Not Collision with Motor Vehicle in Transport,no,no,no,no,yes,False
103464321,METROPOLITAN NASHVILLE POLICE DEPT,20220548285,Davidson,Nashville,10/31/2022 3:54:00 AM,2,0,0,36.105910,-86.678670,DELL PKWY,,,,866.00,Feet,South,MURFREESBORO PKE,,,,0.00,N,Not at Intersection,N,Non-Junction,None,,,         ,Michael,Overberg,Clear,Front to Rear,no,no,no,no,yes,False
103464322,METROPOLITAN NASHVILLE POLICE DEPT,20220548530,Davidson,Nashville,10/31/2022 7:40:00 AM,2,0,0,36.135760,-86.885300,CHARLOTTE PKE,,,,46.00,Feet,West,BROOK HOLLOW RD,,,,0.00,N,Not at Intersection,N,Non-Junction,None,,,         ,Robert,Allen,Cloudy,Front to Rear,no,no,no,no,no,False
103464324,METROPOLITAN NASHVILLE POLICE DEPT,20220548467,Davidson,Nashville,10/31/2022 12:00:00 AM,2,0,0,36.072890,-86.645720,RICE RD,,,,388.00,Feet,East,EDGE O LAKE DR,,,,0.00,N,Not at Intersection,N,Non-Junction,None,,,         ,Dennis,Diesel,"Cloudy, Rain",Unknown,no,no,no,no,yes,False
103464349,METROPOLITAN NASHVILLE POLICE DEPT,20220548706,Davidson,Nashville,10/31/2022 12:00:00 AM,1,0,0,36.071540,-86.664330,APOLLO DR,,,,0.00,,,UNA ANTIOCH PKE,,,,0.00,Y,T-Intersection,N,Intersection-Related,None,,,         ,Zachary,Wilbanks,Unknown,Not Collision with Motor Vehicle in Transport,no,no,no,no,yes,False
103464353,METROPOLITAN NASHVILLE POLICE DEPT,20220548418,Davidson,Nashville,10/31/2022 12:00:00 AM,2,0,0,36.137960,-86.723800,SPENCE LN,,,,455.00,Feet,South,CORNELIA ST,,,,0.00,N,Not at Intersection,N,Non-Junction,None,,,         ,Zachariah,Souza,Cloudy,Front to Rear,no,no,no,no,no,False
103464376,METROPOLITAN NASHVILLE POLICE DEPT,20220548599,Davidson,Nashville,10/31/2022 8:18:00 AM,2,1,0,36.193740,-86.752840,US HWY 31E,,,,140.00,Feet,North,DOUGLAS AVE,,,,0.00,N,Not at Intersection,N,Non-Junction,None,,,         ,Samantha,Held,Cloudy,Front to Rear,no,no,no,no,no,False
103464387,METROPOLITAN NASHVILLE POLICE DEPT,20220548423,Davidson,Not in City Limit,10/31/2022 6:58:00 AM,2,0,0,36.319850,-86.849460,I 24,,,,0.00,,,,,,,36.00,N,Not at Intersection,N,Non-Junction,None,,,         ,Judah,Parker,Cloudy,Front to Rear,no,no,no,no,yes,False
103464414,METROPOLITAN NASHVILLE POLICE DEPT,20220548593,Davidson,Nashville,10/31/2022 7:57:00 AM,2,1,0,36.163280,-86.826050,ALBION ST,,,,1.00,Feet,West,33RD AVN,,,,0.00,N,Not at Intersection,N,Non-Junction,None,,,         ,Sean,Herman,Clear,Angle,no,no,no,no,no,False
103464432,METROPOLITAN NASHVILLE POLICE DEPT,20220548871,Davidson,Nashville,10/31/2022 10:45:00 AM,1,0,0,36.172530,-86.603180,PRINCETON PL,,,,387.00,Feet,West,OLD HICKORY BLVD,,,,0.00,N,Not at Intersection, ,Non-Junction,None,,,         ,Dillon,Hanna,Cloudy,Not Collision with Motor Vehicle in Transport,no,no,no,yes,no,False
103464468,METROPOLITAN NASHVILLE POLICE DEPT,2022-0546854,Davidson,Nashville,10/30/2022 8:19:00 AM,2,2,0,36.107760,-86.773010,FRANKLIN PKE,,,,73.00,Feet,North,FRANKLIN PKE PVTDR,,,,0.00,N,Not at Intersection,N,Non-Junction,None,,,         ,Sean,Williams,Clear,"Sideswipe, Same Direction",no,no,no,no,no,False
103464523,METROPOLITAN NASHVILLE POLICE DEPT,20220548995,Davidson,Nashville,10/31/2022 12:02:00 PM,2,0,0,36.131650,-86.811870,NATCHEZ TRC,,,,46.00,Feet,North,BLAIR BLVD,,,,0.00,N,Not at Intersection,N,Non-Junction,None,,,         ,Cecelia,Brown,Clear,Angle,no,no,no,no,no,False
103464533,METROPOLITAN NASHVILLE POLICE DEPT,20220549075,Davidson,Nashville,10/31/2022 12:55:00 PM,2,1,0,36.129490,-86.903310,CHARLOTTE PKE,,,,0.00,,,DAVIDSON DR,,,,0.00,Y,T-Intersection,N,Intersection,None,,,         ,Benjamin,Cantrell,Cloudy,Angle,no,no,no,no,no,False
103464598,METROPOLITAN NASHVILLE POLICE DEPT,20220547917,Davidson,Nashville,10/30/2022 11:05:00 PM,2,1,0,36.099990,-86.711380,I 24,,,,0.00,,,,,,,54.55,N,Not at Intersection,N,Non-Junction,None,,,         ,Andre,Williams,Rain,Front to Rear,no,no,no,no,yes,False
103464623,METROPOLITAN NASHVILLE POLICE DEPT,20220549227,Davidson,Goodlettsville,10/31/2022 1:53:00 PM,1,2,0,36.294710,-86.691170,SPRING BRANCH DR,,,,83.00,Feet,East,SHEPHERD HILLS DR,,,,0.00,N,Not at Intersection,N,Non-Junction,None,,,         ,Christopher,Littles,Cloudy,Not Collision with Motor Vehicle in Transport,no,no,no,no,no,False
103464648,METROPOLITAN NASHVILLE POLICE DEPT,20220545912,Davidson,Antioch,10/29/2022 5:49:00 PM,2,1,0,36.012850,-86.620810,I24 E ENT RAMP,,,,0.00,Feet,East,I 24,,,,0.00,N,Not at Intersection,N,Non-Junction,None,,,         ,Michael,Hones,Clear,Front to Rear,no,no,no,no,no,False
103464651,METROPOLITAN NASHVILLE POLICE DEPT,20220549240,Davidson,Nashville,10/31/2022 1:16:00 PM,2,0,0,36.148940,-86.666980,ELM HILL PKE,,,,225.00,Feet,East,NELSON PL,,,,0.00,N,Not at Intersection,N,Non-Junction,None,,,         ,Larry,Benz,Clear,Other,no,no,no,yes,yes,False
103464662,METROPOLITAN NASHVILLE POLICE DEPT,20220549243,Davidson,Nashville,10/31/2022 2:28:00 PM,2,3,0,36.060600,-86.640020,BELL RD,,,,0.00,,,HICKORY HIGHLANDS DR,,,,0.00,Y,T-Intersection,N,Intersection,None,,,         ,Charles,Agius,"Cloudy, Rain",Angle,no,no,no,no,no,False
103464668,METROPOLITAN NASHVILLE POLICE DEPT,20220549308,Davidson,Nashville,10/31/2022 3:16:00 PM,1,0,0,36.186280,-86.862800,BRILEY PKWYS,,,,403.00,Feet,North,BRILEY PKWYN,,,,0.00,N,Not at Intersection,N,Non-Junction,None,,,         ,Jared,Dick,Cloudy,Not Collision with Motor Vehicle in Transport,no,no,no,no,no,False
103464673,METROPOLITAN NASHVILLE POLICE DEPT,20220549324,Davidson,Nashville,10/31/2022 3:15:00 PM,2,0,0,36.088060,-86.771800,FRANKLIN PKE,,,,0.00,,,S CURTISWOOD LN,,,,0.00,Y,T-Intersection, ,Intersection,None,,,         ,Steven,Powers,Rain,Angle,no,no,no,no,no,False
103464674,METROPOLITAN NASHVILLE POLICE DEPT,20220549173,Davidson,Nashville,10/31/2022 1:43:00 PM,3,0,0,36.163340,-86.762160,I 24,,,,0.00,,,,,,,49.20,N,Not at Intersection,N,Non-Junction,None,,,         ,Frederick,Nelson,Clear,Front to Rear,no,no,no,no,no,False
103464685,METROPOLITAN NASHVILLE POLICE DEPT,20220549335,Davidson,Nashville,10/31/2022 3:20:00 PM,2,0,0,36.132190,-86.726870,I24E,,,,693.00,Feet,North,I24 W EXT RAMP,,,,0.00,N,Not at Intersection,N,Non-Junction,None,,,         ,Dalton,Crum,Cloudy,Front to Rear,no,no,no,no,no,False
103464726,METROPOLITAN NASHVILLE POLICE DEPT,20220549418,Davidson,Nashville,10/31/2022 3:32:00 PM,2,0,0,36.056620,-86.742200,EDMONDSON PKE,,,,569.00,Feet,North,MCMURRAY DR,,,,0.00,N,Not at Intersection,N,Non-Junction,None,,,         ,Steven,Powers,Cloudy,Angle,no,no,no,yes,yes,False
103464727,METROPOLITAN NASHVILLE POLICE DEPT,20220549357,Davidson,Nashville,10/31/2022 3:43:00 PM,2,1,0,36.276990,-86.796030,OLD HICKORY BLVD,,,,48.00,Feet,East,HICKORY HILLS BLVD,,,,0.00,N,Not at Intersection,N,Non-Junction,None,,,         ,Brandon,Lopez,Cloudy,Angle,no,no,no,no,no,False
103464761,BERRY HILL POLICE DEPT,22-3174,Davidson,Berry Hill,10/31/2022 5:04:00 PM,2,0,0,36.121100,-86.776160,KIRKWOOD AV,,,,0.00,,,,,,,0.00,,, ,Non-Junction,None,,,         ,John,Gleixner,Cloudy,Rear to Rear,no,no,no,yes,yes,False
103464789,METROPOLITAN NASHVILLE POLICE DEPT,20220549416,Davidson,Nashville,10/31/2022 12:00:00 AM,2,0,0,36.102820,-86.819280,HILLSBORO CIR,,,,185.00,Feet,North,HILLSBORO DR,,,,0.00,N,Not at Intersection,N,Non-Junction,None,,,         ,Ryan,Thomas,Unknown,Angle,no,no,no,yes,yes,False
103464804,METROPOLITAN NASHVILLE POLICE DEPT,20220549188,Davidson,Nashville,10/31/2022 1:25:00 PM,2,0,0,36.223610,-86.782260,BRICK CHURCH PKE,,,,220.00,Feet,South,BRICK CHURCH PARK DR,,,,0.00,N,Not at Intersection, ,Non-Junction,None,,,         ,Gabriel,Centeno,Clear,Front to Rear,no,no,no,no,no,False
103464819,METROPOLITAN NASHVILLE POLICE DEPT,20220549590,Davidson,Nashville,10/31/2022 6:43:00 PM,2,1,0,36.068470,-86.632420,MURFREESBORO PKE,,,,519.00,Feet,North,FOREST VIEW DR,,,,0.00,N,Not at Intersection,N,Non-Junction,None,,,         ,Michael,Hones,Clear,Angle,no,no,no,no,no,False
103464826,METROPOLITAN NASHVILLE POLICE DEPT,20220549620,Davidson,Nashville,10/31/2022 6:54:00 PM,2,0,0,36.142740,-86.787030,EDGEHILL AV,,,,0.00,,,12TH AVS,,,,0.00,Y,Four-Way,N,Intersection,Construction Zone,Laneclosure,Activity Area,         ,Garrett,Latham,Rain,"Sideswipe, Same Direction",no,no,no,no,yes,False
103464828,METROPOLITAN NASHVILLE POLICE DEPT,20220549548,Davidson,Nashville,10/31/2022 5:43:00 PM,2,0,0,36.152120,-86.772230,LAFAYETTE ST,,,,0.00,,,ASH ST,,,,0.00,Y,Four-Way,N,Intersection,None,,,         ,Zachary,Cooper,Rain,Angle,no,no,no,no,no,False
103464832,VANDERBILT UNIVERSITY POLICE,20220549467,Davidson,Nashville,10/31/2022 4:25:00 PM,2,0,0,36.145830,-86.807590,KENSINGTON PL,,,,0.00,,,25TH AVS,,,,0.00,Y,Four-Way, ,Non-Junction,None,,,         ,Edwin,Melgar,Clear,Front to Rear,no,no,no,yes,no,Campus
103464833,METROPOLITAN NASHVILLE POLICE DEPT,20220549541,Davidson,Nashville,10/31/2022 6:03:00 PM,3,0,0,36.069320,-86.692460,HAYWOOD LN,,,,77.00,Feet,West,I24 E EXT RAMP,,,,0.00,N,Not at Intersection,N,Non-Junction,None,,,         ,Steven,Bowler,Rain,Angle,no,no,no,no,no,False
103464834,METROPOLITAN NASHVILLE POLICE DEPT,20220549607,Davidson,Nashville,10/31/2022 6:54:00 PM,1,0,0,36.141850,-86.676910,I40 E EXT RAMP,,,,0.00,Feet,East,I 40,,,,0.00,N,Not at Intersection,N,Non-Junction,None,,,         ,Charis,Holland,Rain,Not Collision with Motor Vehicle in Transport,no,no,no,no,no,False
103464843,METROPOLITAN NASHVILLE POLICE DEPT,20220549588,Davidson,Nashville,10/31/2022 6:39:00 PM,2,1,0,36.084410,-86.736630,ELYSIAN FIELDS RD,,,,0.00,,,COVENTRY CT,,,,0.00,Y,Four-Way,N,Intersection,None,,,         ,Gabriel,Hamilton,"Cloudy, Rain",Angle,no,no,no,no,no,False
103464845,METROPOLITAN NASHVILLE POLICE DEPT,20220549466,Davidson,Nashville,10/31/2022 5:07:00 PM,2,0,0,36.211600,-86.732600,GALLATIN PKE,,,,0.00,Feet,,HART LN,,,,0.00,Y,T-Intersection,N,Intersection,None,,,         ,Seth,Wilson,Cloudy,Angle,no,no,no,no,yes,False
103464846,METROPOLITAN NASHVILLE POLICE DEPT,20220549648,Davidson,Nashville,10/31/2022 6:45:00 PM,2,0,0,36.125060,-86.816030,SHARONDALE DR,,,,0.00,,,WOODLAWN DR,,,,0.00,Y,Four-Way, ,Intersection,None,,,         ,Jared,Dick,Clear,Angle,no,no,no,no,no,False
103464854,METROPOLITAN NASHVILLE POLICE DEPT,20220549602,Davidson,Nashville,10/31/2022 6:50:00 PM,2,0,0,36.150290,-86.857370,CHARLOTTE PKE,,,,0.00,,,ORLANDO AV,,,,0.00,Y,T-Intersection,N,Intersection,None,,,         ,Robert,Crow,Cloudy,Angle,no,no,no,no,no,False
103464862,METROPOLITAN NASHVILLE POLICE DEPT,20220549593,Davidson,Madison,10/31/2022 6:43:00 PM,2,0,0,36.264210,-86.734800,OLD HICKORY BLVDW,,,,115.00,Feet,East,BOYDS HILLTOP DR,,,,0.00,N,Not at Intersection, ,Non-Junction,None,,,         ,Miles,Posey,Rain,Front to Rear,no,no,no,no,no,False
103464866,METROPOLITAN NASHVILLE POLICE DEPT,20220549671,Davidson,Nashville,10/31/2022 7:51:00 PM,2,1,0,36.149600,-86.783070,I 40,,,,0.00,,,,,,,209.60,N,Not at Intersection,N,Non-Junction,None,,,         ,Zachary,Cooper,Cloudy,"Sideswipe, Same Direction",no,no,no,no,no,False
103464869,METROPOLITAN NASHVILLE POLICE DEPT,20220549591,Davidson,Nashville,10/31/2022 6:40:00 PM,2,0,0,36.114860,-86.719560,DRUMMOND DR,,,,0.00,,,EAST THOMPSON LN,,,,0.00,Y,Four-Way,N,Intersection,None,,,         ,Dalton,Crum,Rain,Angle,no,no,no,no,no,False
103464872,METROPOLITAN NASHVILLE POLICE DEPT,20220549695,Davidson,Nashville,10/31/2022 8:07:00 PM,2,0,0,36.151300,-86.786050,I 40,,,,0.00,,,,,,,209.45,N,Not at Intersection,N,Non-Junction,None,,,         ,Garrett,Latham,Cloudy,Front to Rear,no,no,no,no,yes,False
103464878,METROPOLITAN NASHVILLE POLICE DEPT,20220549660,Davidson,Nashville,10/31/2022 12:00:00 AM,1,0,0,36.188450,-86.593340,TULIP GROVE RD,,,,253.00,Feet,South,OLD LEBANON DIRT RD,,,,0.00,N,Not at Intersection,N,Non-Junction,None,,,         ,Keenan,McCann,Cloudy,Not Collision with Motor Vehicle in Transport,no,no,no,no,no,False
103464883,METROPOLITAN NASHVILLE POLICE DEPT,20220549627,Davidson,Nashville,10/31/2022 1:25:00 PM,2,2,0,36.149750,-86.765180,LAFAYETTE ST,,,,106.00,Feet,East,1ST AVS,,,,0.00,N,Not at Intersection,N,Non-Junction,None,,,         ,Dylan,Chambers,Cloudy,Front to Rear,no,no,no,no,no,False
103464894,METROPOLITAN NASHVILLE POLICE DEPT,20220549300,Davidson,Nashville,10/31/2022 3:00:00 PM,2,0,0,36.183820,-86.748370,EASTLAND AV,,,,0.00,,,GALLATIN AV,,,,0.00,Y,T-Intersection, ,Intersection-Related,None,,,         ,Jacob,Krispin,Cloudy,"Sideswipe, Same Direction",no,no,no,no,no,False
103464915,METROPOLITAN NASHVILLE POLICE DEPT,20220549735,Davidson,Nashville,10/31/2022 8:49:00 PM,2,0,0,36.118200,-86.702880,WINTHORNE DR,,,,0.00,,,,,,,0.00,,, ,OtherLocation,None,,,         ,Andrew,Brazee,Cloudy,"Sideswipe, Opposite Direction",no,no,no,yes,no,False
103464939,METROPOLITAN NASHVILLE POLICE DEPT,20220549682,Davidson,Nashville,10/31/2022 5:54:00 PM,2,0,0,36.155910,-86.767010,HERMITAGE AV,,,,0.00,,,MIDDLETON ST,,,,0.00,Y,Four-Way,N,Intersection,None,,,         ,David,Snowden,Rain,Angle,no,no,no,no,yes,False
103464955,METROPOLITAN NASHVILLE POLICE DEPT,20220549718,Davidson,Nashville,10/31/2022 7:35:00 PM,2,0,0,36.146710,-86.838370,IDAHO AV,,,,101.00,Feet,West,43RD AVN,,,,0.00,N,Not at Intersection,N,Non-Junction,None,,,         ,Robert,Crow,Cloudy,Not Collision with Motor Vehicle in Transport,no,no,no,no,no,False
103464985,METROPOLITAN NASHVILLE POLICE DEPT,20220549795,Davidson,Nashville,10/31/2022 8:10:00 PM,2,0,0,36.086870,-86.730230,NOLENSVILLE PKE,,,,0.00,,,ELYSIAN FIELDS CT,,,,0.00,Y,Four-Way, ,Intersection,None,,,         ,Mitchell,Cook,"Cloudy, Rain",Angle,no,no,no,no,no,False
103464987,METROPOLITAN NASHVILLE POLICE DEPT,20220549650,Davidson,Nashville,10/31/2022 6:30:00 PM,2,0,0,36.154970,-86.627140,I40 E EXT RAMP,,,,0.00,,,I 40,,,,0.00,Y,T-Intersection, ,Entrance/Exit Ramp Related,None,,,         ,Charis,Holland,Rain,Front to Rear,no,no,no,no,no,False
103465001,METROPOLITAN NASHVILLE POLICE DEPT,20220549686,Davidson,Nashville,10/31/2022 9:14:00 PM,3,3,0,36.175530,-86.772290,I24 E ENT RAMP,,,,0.00,Feet,East,I 24,,,,0.00,N,Not at Intersection,Y,Entrance/Exit Ramp Related,None,,,         ,Daniel,Rizzo,Clear,HeadOn,no,no,no,no,yes,False
103465006,METROPOLITAN NASHVILLE POLICE DEPT,20220549788,Davidson,Nashville,10/31/2022 9:06:00 PM,2,1,0,36.062310,-86.625780,MURFREESBORO PKE,,,,1205.00,Feet,South,HAMILTON CHURCH RD,,,,0.00,N,Not at Intersection,N,Non-Junction,None,,,         ,Jennifer,Liquori,Clear,Angle,no,no,no,no,no,False
103465020,METROPOLITAN NASHVILLE POLICE DEPT,20220549842,Davidson,Nashville,10/31/2022 12:00:00 AM,1,0,0,36.077720,-86.669600,BILLINGSGATE RD,,,,8.00,Feet,North,CHETOPA CT,,,,0.00,N,Not at Intersection,N,Non-Junction,None,,,         ,Jack,Burke,Rain,Not Collision with Motor Vehicle in Transport,no,no,no,no,no,False
103465027,WILLIAMSON CO SHERIFFS OFFICE,2224577,Davidson,Nashville,10/31/2022 7:00:00 PM,1,0,0,36.024540,-86.881500,HILLSBORO RD,,,,915.00,Feet,West,SUNNYSIDE DR,,,,0.00,N,Not at Intersection, ,Non-Junction,None,,,         ,Edward,Walden,Clear,Not Collision with Motor Vehicle in Transport,no,no,no,no,no,False
103465033,METROPOLITAN NASHVILLE POLICE DEPT,20220549740,Davidson,Nashville,10/31/2022 8:55:00 PM,1,2,0,36.182320,-86.745040,STRATTON AV,,,,0.00,Feet,East,N 14TH ST,,,,0.00,N,Not at Intersection,N,Non-Junction,None,,,         ,Daniel,Carney,Rain,Not Collision with Motor Vehicle in Transport,yes,no,no,no,no,False
103465037,METROPOLITAN NASHVILLE POLICE DEPT,20220549535,Davidson,Nashville,10/31/2022 5:59:00 PM,2,0,0,36.105620,-86.671800,MURFREESBORO PKE,,,,0.00,Feet,West,EZELL PKE,,,,0.00,N,Not at Intersection, ,Non-Junction,None,,,         ,Charis,Holland,Rain,Front to Rear,no,no,no,no,no,False
103465042,METROPOLITAN NASHVILLE POLICE DEPT,20220550008,Davidson,Nashville,10/31/2022 11:33:00 PM,1,0,0,36.192120,-86.777540,I 65,,,,0.00,,,,,,,86.45,N,Not at Intersection,Y,Entrance/Exit Ramp Related,None,,,         ,Tyler,Jordan,Cloudy,Not Collision with Motor Vehicle in Transport,no,no,no,no,no,False
103465049,METROPOLITAN NASHVILLE POLICE DEPT,20220550021,Davidson,Not in City Limit,10/31/2022 11:35:00 PM,1,0,0,36.319830,-86.849410,I 24,,,,0.00,,,,,,,36.00,N,Not at Intersection,N,Non-Junction,None,,,         ,Craig,Paschetti,Fog,Not Collision with Motor Vehicle in Transport,no,no,no,no,no,False
103465050,METROPOLITAN NASHVILLE POLICE DEPT,20220549615,Davidson,Nashville,10/31/2022 6:50:00 PM,3,0,0,36.222300,-86.774580,I 65,,,,0.00,,,,,,,88.40,N,Not at Intersection,N,Non-Junction,None,,,         ,Gabriel,Centeno,Clear,"Sideswipe, Same Direction",no,no,no,no,no,False
103465056,METROPOLITAN NASHVILLE POLICE DEPT,20220549935,Davidson,Nashville,10/31/2022 12:00:00 AM,2,0,0,36.014370,-86.619650,I24 W EXT RAMP,,,,0.00,Feet,East,I 24,,,,0.00,N,Not at Intersection,N,Non-Junction,None,,,         ,Kristopher,Sharpe,Clear,Angle,no,no,no,no,yes,False
103465087,METROPOLITAN NASHVILLE POLICE DEPT,202205500962022,Davidson,Nashville,11/1/2022 12:44:00 AM,1,0,0,36.192300,-86.777100,I 65,,,,0.00,,,,,,,86.50,N,Not at Intersection,N,Non-Junction,None,,,         ,James,Harben,Clear,Not Collision with Motor Vehicle in Transport,no,no,no,no,no,False
103465098,METROPOLITAN NASHVILLE POLICE DEPT,20220550205,Davidson,Nashville,11/1/2022 2:29:00 AM,2,0,0,36.179670,-86.750120,GALLATIN AV,,,,181.00,Feet,South,N 11TH ST,,,,0.00,N,Not at Intersection,N,Non-Junction,None,,,         ,Dillon,Hunt,Clear,Front to Rear,no,no,no,no,no,False
103465132,METROPOLITAN NASHVILLE POLICE DEPT,20220550278,Davidson,Hermitage,10/31/2022 4:30:00 PM,2,0,0,36.168940,-86.570790,I 40,,,,0.00,,,,,,,222.50,N,Not at Intersection,N,Non-Junction,None,,,         ,Nelson,Hemingway,Clear,Angle,no,no,no,no,yes,False
103465177,METROPOLITAN NASHVILLE POLICE DEPT,20220550409,Davidson,Nashville,11/1/2022 7:04:00 AM,2,0,0,36.105710,-86.672000,MURFREESBORO PKE,,,,66.00,Feet,West,EZELL PKE,,,,0.00,N,Not at Intersection, ,,None,,,         ,Charles,Agius,,,no,no,no,no,no,False
103465198,METROPOLITAN NASHVILLE POLICE DEPT,20220550513,Davidson,Nashville,11/1/2022 7:50:00 AM,2,1,0,36.178180,-86.763860,ELLINGTON PKWYS,,,,20.00,Feet,North,SPRING ST ENT RAMP,,,,0.00,N,Not at Intersection,N,Non-Junction,None,,,         ,Jason,Milyaro Lucas,Clear,Front to Rear,no,no,no,no,no,False
103465201,METROPOLITAN NASHVILLE POLICE DEPT,20220550575,Davidson,Nashville,10/31/2022 11:30:00 AM,1,0,0,36.227440,-86.697000,BRILEY PKWYS,,,,1326.00,Feet,North,MUSIC VALLEY DR,,,,0.00,N,Not at Intersection, ,Non-Junction,None,,,         ,Donald,Davidson,Clear,Not Collision with Motor Vehicle in Transport,no,no,no,no,no,False
103465216,METROPOLITAN NASHVILLE POLICE DEPT,20220550371,Davidson,Not in City Limit,11/1/2022 6:35:00 AM,5,0,0,36.318380,-86.841430,I 24,,,,0.00,,,,,,,36.60,N,Not at Intersection,N,Non-Junction,None,,,         ,Jeanine,Sarno,Cloudy,Front to Rear,no,no,no,no,yes,False
103465221,METROPOLITAN NASHVILLE POLICE DEPT,20220550473,Davidson,Nashville,11/1/2022 7:28:00 AM,2,0,0,36.135730,-86.707020,MASSMAN DR,,,,74.00,Feet,East,NORCROSS DR,,,,0.00,N,Not at Intersection,N,Non-Junction,None,,,         ,Ryan,Sherry,Clear,Front to Rear,no,no,no,no,no,False
103465224,METROPOLITAN NASHVILLE POLICE DEPT,20220550617,Davidson,Nashville,11/1/2022 8:41:00 AM,2,0,0,36.191890,-86.753130,ELLINGTON PKWYS,,,,0.00,,,ELLINGTON PKWY S ENT RAMP,,,,0.00,Y,OTHER,N,Non-Junction,None,,,         ,Joshua,Hausman,Clear,"Sideswipe, Same Direction",no,no,no,no,yes,False
103465243,METROPOLITAN NASHVILLE POLICE DEPT,20220550521,Davidson,Nashville,11/1/2022 7:45:00 AM,2,0,0,36.041710,-86.605540,MURFREESBORO PKE,,,,513.00,Feet,South,HOBSON PKE,,,,0.00,N,Not at Intersection,N,Non-Junction,None,,,         ,Leonard,Cato,Clear,Angle,no,no,no,no,no,False
103465245,METROPOLITAN NASHVILLE POLICE DEPT,20220550620,Davidson,Nashville,11/1/2022 8:15:00 AM,2,0,0,36.191290,-86.708960,ROSEBANK AV,,,,382.00,Feet,South,SHERIDAN RD,,,,0.00,N,Not at Intersection, ,Non-Junction,None,,,         ,Theodore,Kenney,Clear,Rear to Side,no,no,no,no,no,False
103465256,METROPOLITAN NASHVILLE POLICE DEPT,20220550502,Davidson,Nashville,11/1/2022 7:42:00 AM,2,0,0,36.141170,-86.655580,I 40,,,,0.00,,,,,,,217.25,N,Not at Intersection,N,Non-Junction,Work Zone,Unknown,Activity Area,         ,Zachariah,Souza,Clear,Front to Rear,no,no,no,no,no,False
103465279,METROPOLITAN NASHVILLE POLICE DEPT,20220550615,Davidson,Nashville,11/1/2022 8:30:00 AM,2,1,0,36.192040,-86.753100,ELLINGTON PKWYS,,,,53.00,Feet,North,ELLINGTON PKWY S ENT RAMP,,,,0.00,N,Not at Intersection,N,Non-Junction,None,,,         ,Jeffery,Leiser,Clear,Front to Rear,no,no,no,no,no,False
103465286,METROPOLITAN NASHVILLE POLICE DEPT,20220550806,Davidson,Nashville,11/1/2022 9:08:00 AM,2,0,0,36.127750,-86.785250,BRADFORD AV,,,,269.00,Feet,East,10TH AVS,,,,0.00,N,Not at Intersection, ,Non-Junction,None,,,         ,Travis,Pemberton,Clear,"Sideswipe, Opposite Direction",no,no,no,no,yes,False
103465309,METROPOLITAN NASHVILLE POLICE DEPT,20220550344,Davidson,Nashville,11/1/2022 6:27:00 AM,2,1,0,36.147550,-86.758650,LAFAYETTE ST,,,,0.00,,,LEWIS ST,,,,0.00,Y,Four-Way,N,Intersection,None,,,         ,Patrick,Lancaster,Clear,Angle,no,no,no,no,no,False
103465323,METROPOLITAN NASHVILLE POLICE DEPT,20220550917,Davidson,Nashville,11/1/2022 12:00:00 AM,2,1,0,36.109450,-86.727910,BRILEY PKWYS,,,,0.00,,,BRILEY PKWYN,,,,0.00,Y,Four-Way,N,Non-Junction,None,,,         ,Eric,Burford,Clear,Front to Rear,no,no,no,no,no,False
103465351,METROPOLITAN NASHVILLE POLICE DEPT,20220550922,Davidson,Nashville,11/1/2022 11:30:00 AM,2,1,0,36.193720,-86.831310,CLARKSVILLE PKE,,,,36.00,Feet,West,BUENA VISTA PKE,,,,0.00,N,Not at Intersection,N,Non-Junction,None,,,         ,Anthony,Butler,Clear,Front to Rear,no,no,no,no,no,False
103465367,METROPOLITAN NASHVILLE POLICE DEPT,20220550927,Davidson,Nashville,11/1/2022 11:30:00 AM,2,0,0,36.069630,-86.686760,HAYWOOD LN,,,,0.00,,,I24 W ENT RAMP,,,,0.00,Y,OTHER,N,Intersection,None,,,         ,Leonard,Cato,Clear,"Sideswipe, Same Direction",no,no,no,no,no,False
103465369,METROPOLITAN NASHVILLE POLICE DEPT,20220550769,Davidson,Nashville,10/31/2022 6:00:00 PM,1,1,0,36.086780,-86.695080,HARDING PL,,,,260.00,Feet,East,METROPLEX DR,,,,0.00,N,Not at Intersection,N,Non-Junction,None,,,         ,Garrett,Short,Cloudy,Not Collision with Motor Vehicle in Transport,yes,no,no,no,yes,False