master_record_number,agency,agency_tracking_number,county,city,collision_date,vehicles_involved,number_injured,number_dead,latitude,longitude,roadway_name,roadway_suffix,roadway_number,roadway_local_id,distance_from_reference,miles-feet_indicator,direction_from_reference,intersection_road_name,intersection_road_name_suffix,intersection_road_number,intersection_local_id,mile_marker,intersection_indicator,intersect_type,interchange_related_indicator,relation_to_junction,work_zone_type,construction_maintenance_zone,construction_maintenance_zone_location,fatal_case_number,officer_first_name,officer_last_name,weather_condition(s),manner_of_crash,pedestrian,bicycle,scooter,parking,hitrun,mou
103465429,METROPOLITAN NASHVILLE POLICE DEPT,20220550864,Davidson,Nashville,11/1/2022 9:53:00 AM,2,0,0,36.173610,-86.822870,DR WALTER S DAVIS BLVD,,,,106.00,Feet,West,ED TEMPLE BLVD,,,,0.00,N,Not at Intersection,N,Non-Junction,None,,,         ,Jordan,Vrbas,Clear,Angle,no,no,no,no,no,False
103465431,METROPOLITAN NASHVILLE POLICE DEPT,20220551141,Davidson,Nashville,11/1/2022 2:10:00 PM,2,2,0,36.063040,-86.716930,NOLENSVILLE PKE,,,,50.00,Feet,North,FAIRLANE DR,,,,0.00,N,Not at Intersection,N,Non-Junction,None,,,         ,Travis,Pemberton,Clear,Angle,no,no,no,no,no,False
103465434,METROPOLITAN NASHVILLE POLICE DEPT,20220550896,Davidson,Nashville,11/1/2022 5:55:00 AM,2,0,0,36.144640,-86.749880,MURFREESBORO PKE,,,,11.00,Feet,West,ELM HILL PKE,,,,0.00,N,Not at Intersection,N,Non-Junction,None,,,         ,Todd,Watson,Clear,Front to Rear,no,no,no,no,yes,False
103465441,METROPOLITAN NASHVILLE POLICE DEPT,20220551164,Davidson,Nashville,11/1/2022 2:29:00 PM,2,0,0,36.156870,-86.780840,8TH AVS,,,,0.00,,,DEMONBREUN ST,,,,0.00,Y,Four-Way, ,Intersection,None,,,         ,Joshua,Hausman,Clear,Angle,no,no,no,no,no,False
103465455,METROPOLITAN NASHVILLE POLICE DEPT,20220551155,Davidson,Nashville,11/1/2022 11:20:00 AM,2,0,0,36.133830,-86.771780,WEDGEWOOD AV,,,,0.00,Feet,East,STEWART PL,,,,0.00,N,Not at Intersection,N,Non-Junction,Construction Zone,Work On Shoulder Or Median,Unknown,         ,Justin,Ramos,Clear,"Sideswipe, Same Direction",no,no,no,no,no,False
103465464,METROPOLITAN NASHVILLE POLICE DEPT,20220551165,Davidson,Nashville,11/1/2022 2:29:00 PM,2,1,0,36.235950,-86.726610,BRILEY PKWYW,,,,130.00,Feet,North,BRILEY PKWYE,,,,0.00,N,Not at Intersection,N,Non-Junction,None,,,         ,Brian,Otto,Cloudy,Front to Rear,no,no,no,no,no,False
103465493,METROPOLITAN NASHVILLE POLICE DEPT,20220549927,Davidson,Nashville,10/31/2022 12:00:00 AM,2,1,0,36.203600,-86.738480,GALLATIN PIKE,,SR1,,0.00,,,E TRINITY LN,,SR,,0.00,Y,T-Intersection,N,Intersection,None,,,         ,McKenzie,Harper,Clear,Other,no,no,no,no,no,False
103465505,METROPOLITAN NASHVILLE POLICE DEPT,20220551070,Davidson,Nashville,11/1/2022 1:00:00 PM,2,0,0,36.152240,-86.753820,I 40,,,,0.00,,,,,,,211.35,N,Not at Intersection,N,Non-Junction,None,,,         ,Patrick,Lancaster,Clear,"Sideswipe, Same Direction",no,no,no,no,yes,False
103465516,METROPOLITAN NASHVILLE POLICE DEPT,20220550953,Davidson,Nashville,11/1/2022 11:40:00 AM,2,0,0,36.130320,-86.899950,I40 W EXT RAMP,,,,0.00,Feet,,I 40,,,,0.00,Y,T-Intersection,N,Entrance/Exit Ramp Related,None,,,         ,Joshua,Warren,Clear,Front to Rear,no,no,no,no,no,False
103465533,METROPOLITAN NASHVILLE POLICE DEPT,20220551146,Davidson,Nashville,11/1/2022 2:10:00 PM,1,1,0,36.044900,-86.646200,MT VIEW RD,,,,0.00,,,,,,,0.00,,,N,Non-Junction,None,,,         ,Zachary,Wilbanks,Clear,Not Collision with Motor Vehicle in Transport,no,no,no,no,no,False
103465538,METROPOLITAN NASHVILLE POLICE DEPT,20220551248,Davidson,Nashville,11/1/2022 3:21:00 PM,2,1,0,36.254820,-86.701980,NEELYS BEND RD,,,,15.00,Feet,West,LANIER DR,,,,0.00,N,Not at Intersection,N,Non-Junction,None,,,         ,Miles,Posey,Clear,Front to Rear,no,no,no,no,no,False
103465548,METROPOLITAN NASHVILLE POLICE DEPT,20220551266,Davidson,Nashville,11/1/2022 3:35:00 PM,1,0,0,36.200220,-86.579500,CHANDLER RD,,,,600.00,Feet,West,W DIVISION ST,,,,0.00,N,Not at Intersection,N,Non-Junction,None,,,         ,Rami,Rouhi,Clear,Not Collision with Motor Vehicle in Transport,no,no,no,no,no,False
103465574,METROPOLITAN NASHVILLE POLICE DEPT,20220551314,Davidson,Nashville,11/1/2022 4:06:00 PM,2,0,0,36.272110,-86.693290,NIX DR,,,,126.00,Feet,South,ANDERSON LN,,,,0.00,N,Not at Intersection,N,Non-Junction,None,,,         ,Jacob,Frederick,Clear,"Sideswipe, Opposite Direction",no,no,no,no,no,False
103465575,METROPOLITAN NASHVILLE POLICE DEPT,20220551300,Davidson,Nashville,11/1/2022 3:37:00 PM,2,0,0,36.123840,-86.826560,WOODLAWN DR,,,,0.00,,,BOWLING AV,,,,0.00,Y,Four-Way,N,Intersection,None,,,         ,Jared,Dick,Clear,Angle,no,no,no,no,no,False
103465576,METROPOLITAN NASHVILLE POLICE DEPT,20220551374,Davidson,Nashville,11/1/2022 4:40:00 PM,2,0,0,36.170620,-86.807110,DR D B TODD JR BLVD,,,,47.00,Feet,North,SCOVEL ST,,,,0.00,N,Not at Intersection,N,Non-Junction,None,,,         ,Jordan,Vrbas,Clear,"Sideswipe, Opposite Direction",no,no,no,no,yes,False
103465581,METROPOLITAN NASHVILLE POLICE DEPT,20220551294,Davidson,Nashville,11/1/2022 3:53:00 PM,3,1,0,36.112430,-86.771920,I 65,,,,0.00,,,,,,,80.00,N,Not at Intersection,N,AccelDecelLane,None,,,         ,Steven,Powers,Clear,"Sideswipe, Same Direction",no,no,no,no,no,False
103465620,METROPOLITAN NASHVILLE POLICE DEPT,20220551393,Davidson,Nashville,11/1/2022 3:50:00 PM,2,0,0,36.252660,-86.729040,SAUNDERS AV,,,,238.00,Feet,North,FAIROAKS DR,,,,0.00,N,Not at Intersection, ,,None,,,         ,Miles,Posey,,,no,no,no,no,no,False
103465625,METROPOLITAN NASHVILLE POLICE DEPT,20220551375,Davidson,Nashville,11/1/2022 4:38:00 PM,3,0,0,36.142460,-86.708940,I 40,,,,0.00,,,,,,,214.25,N,Not at Intersection,N,Non-Junction,None,,,         ,Rami,Rouhi,Clear,Front to Rear,no,no,no,no,no,False
103465627,METROPOLITAN NASHVILLE POLICE DEPT,20220551381,Davidson,Nashville,11/1/2022 4:40:00 PM,2,0,0,36.073250,-86.692320,I 24,,,,0.00,,,,,,,56.70,N,Not at Intersection, ,Non-Junction,None,,,         ,Laura,Williams,Clear,"Sideswipe, Same Direction",no,no,no,no,yes,False
103465634,METROPOLITAN NASHVILLE POLICE DEPT,20220551415,Davidson,Not in City Limit,11/1/2022 5:09:00 PM,2,0,0,36.277640,-86.751250,HUNTERS LN,,,,0.00,,,DICKERSON PKE,,,,0.00,Y,Four-Way, ,Intersection,None,,,         ,Austin,Bronstrad,Clear,Front to Rear,no,no,no,no,no,False
103465639,METROPOLITAN NASHVILLE POLICE DEPT,20220551462,Davidson,Nashville,11/1/2022 5:35:00 PM,2,0,0,36.235310,-86.816290,WHITES CREEK PKE,,,,301.00,Feet,North,BRILEY PKWY W ENT RAMP,,,,0.00,N,Not at Intersection,N,Entrance/Exit Ramp Related,None,,,         ,Tyler,Jordan,Clear,"Sideswipe, Opposite Direction",no,no,no,no,no,False
103465642,METROPOLITAN NASHVILLE POLICE DEPT,20220551471,Davidson,Nashville,11/1/2022 10:37:00 AM,2,0,0,36.043210,-86.655110,I 24,,,,0.00,,,,,,,59.65,N,Not at Intersection, ,Non-Junction,None,,,         ,Laura,Williams,Clear,Front to Rear,no,no,no,no,yes,False
103465646,METROPOLITAN NASHVILLE POLICE DEPT,20220551380,Davidson,Not in City Limit,11/1/2022 4:15:00 PM,1,0,0,36.271020,-86.894510,EATONS CREEK RD,,,,594.00,Feet,South,GLEN ECHO LAKE RD,,,,0.00,N,Not at Intersection,N,Non-Junction,None,,,         ,Gabriel,Centeno,Clear,Not Collision with Motor Vehicle in Transport,no,no,no,no,no,False
103465656,METROPOLITAN NASHVILLE POLICE DEPT,2022-0550360,Davidson,Nashville,10/30/2022 2:20:00 AM,1,0,0,36.161980,-86.721220,CAVE RD,,,,52.00,Feet,West,SPENCE LN,,,,0.00,N,Not at Intersection,N,Non-Junction,None,,,         ,Frank,Walker,Unknown,Not Collision with Motor Vehicle in Transport,no,no,no,no,yes,False
103465660,METROPOLITAN NASHVILLE POLICE DEPT,20220551470,Davidson,Nashville,11/1/2022 5:30:00 PM,2,0,0,36.169360,-86.679890,LEBANON PKE,,,,0.00,Feet,West,MCGAVOCK PKE,,,,0.00,N,Not at Intersection, ,,None,,,         ,Evan,Grace,,,no,no,no,no,no,False
103465663,METROPOLITAN NASHVILLE POLICE DEPT,20220551361,Davidson,Nashville,11/1/2022 4:37:00 PM,2,1,0,36.134580,-86.723380,MURFREESBORO PKE,,,,316.00,Feet,West,PLUS PARK BLVD,,,,0.00,N,Not at Intersection,N,Non-Junction,None,,,         ,Andrew,Yurgil,Clear,Angle,no,no,no,no,no,False
103465690,METROPOLITAN NASHVILLE POLICE DEPT,20220551519,Davidson,Nashville,11/1/2022 6:40:00 PM,2,0,0,36.252500,-86.829900,WHITES CREEK PKE,,,,3.00,Feet,North,BUENA VISTA PKE,,,,0.00,N,Not at Intersection,N,Non-Junction,None,,,         ,Tyler,Jordan,Clear,Front to Rear,no,no,no,no,no,False
103465708,METROPOLITAN NASHVILLE POLICE DEPT,20220551458,Davidson,Nashville,11/1/2022 12:00:00 AM,2,0,0,36.154630,-86.779160,LAFAYETTE ST,,,,0.00,,,8TH AVS,,,,0.00,Y,Roundabout, ,Intersection,None,,,         ,Trevor,Taylor,Clear,Angle,no,no,no,no,no,False
103465746,METROPOLITAN NASHVILLE POLICE DEPT,20220551298,Davidson,Nashville,11/1/2022 3:29:00 PM,2,0,0,36.150010,-86.784760,I 40,,,,0.00,,,,,,,209.50,N,Not at Intersection, ,Non-Junction,None,,,         ,Dakota,Davis,Clear,"Sideswipe, Same Direction",no,no,no,no,no,False
103465747,METROPOLITAN NASHVILLE POLICE DEPT,20220551396,Davidson,Nashville,11/1/2022 4:56:00 PM,2,1,0,36.156190,-86.795180,CHURCH ST,,,,223.00,Feet,West,16TH AVN,,,,0.00,N,Not at Intersection,N,Non-Junction,None,,,         ,Dakota,Davis,Clear,Angle,no,no,no,no,no,False
103465774,METROPOLITAN NASHVILLE POLICE DEPT,20220551404,Davidson,Nashville,11/1/2022 5:06:00 PM,2,0,0,36.045260,-86.717040,OLD HICKORY BLVD,,,,0.00,,,HICKORY PLZ,,,,0.00,Y,Four-Way, ,,None,,,         ,Deon,Prather,,,no,no,no,no,no,False
103465782,METROPOLITAN NASHVILLE POLICE DEPT,20220551529,Davidson,Nashville,11/1/2022 6:50:00 PM,2,0,0,36.150040,-86.771460,I40 E EXT RAMP,,,,0.00,,East,I 40,,,,0.00,N,Not at Intersection,N,Non-Junction,None,,,         ,Dean,Ferrari,Clear,Front to Rear,no,no,no,no,yes,False
103465810,METROPOLITAN NASHVILLE POLICE DEPT,20220551676,Davidson,Nashville,11/1/2022 3:53:00 PM,2,0,0,36.105850,-86.813870,HILLSBORO PKE,,,,0.00,,,ABBOTT MARTIN RD,,,,0.00,Y,T-Intersection, ,Intersection,None,,,         ,Steven,Powers,Clear,Front to Rear,no,no,no,no,yes,False
103465851,METROPOLITAN NASHVILLE POLICE DEPT,20220551650,Davidson,Nashville,11/1/2022 8:00:00 PM,2,0,0,36.131760,-86.778970,8TH AVS,,,,0.00,Feet,,SOUTH DOUGLAS AV,,,,0.00,Y,T-Intersection,Y,Intersection,None,,,         ,Dean,Ferrari,Clear,Front to Rear,no,no,no,no,no,False
103465858,METROPOLITAN NASHVILLE POLICE DEPT,20220551765,Davidson,Nashville,11/1/2022 12:00:00 AM,2,2,0,36.085410,-86.702120,I24 E EXT RAMP,,,,0.00,,East,I 24,,,,0.00,N,Not at Intersection,N,Non-Junction,None,,,         ,Antoine,Maghamez,Clear,Front to Rear,no,no,no,no,no,False
103465859,METROPOLITAN NASHVILLE POLICE DEPT,20220551637,Davidson,Nashville,11/1/2022 6:35:00 PM,2,1,0,36.117588,-86.887437,BROOK HOLLOW RD,,,,0.00,,,DAVIDSON RD,,,,0.00,Y,Four-Way,N,Intersection,None,,,         ,Jeremy,Huffine,Clear,Angle,no,no,no,no,no,False
103465890,METROPOLITAN NASHVILLE POLICE DEPT,20220551913,Davidson,Nashville,11/1/2022 10:23:00 PM,1,0,0,36.101800,-86.740470,ANTIOCH PKE,,,,24.00,Feet,East,NOLENSVILLE PKE,,,,0.00,N,Not at Intersection,N,Non-Junction,None,,,         ,Andrew,Brazee,Clear,Not Collision with Motor Vehicle in Transport,no,no,no,no,yes,False
103465896,METROPOLITAN NASHVILLE POLICE DEPT,20220551881,Davidson,Nashville,11/1/2022 9:50:00 PM,2,0,0,36.079600,-86.726320,HARDING PL,,,,0.00,,,NOLENSVILLE PKE,,,,0.00,Y,Four-Way,Y,Intersection,None,,,         ,Ricardo,Cruz,Clear,"Sideswipe, Opposite Direction",no,no,no,no,yes,False
103465903,METROPOLITAN NASHVILLE POLICE DEPT,20220551175,Davidson,Nashville,11/1/2022 1:01:00 PM,1,0,0,36.136400,-86.884140,CHARLOTTE PKE,,,,225.00,Feet,West,SUMMERLY DR,,,,0.00,N,Not at Intersection,N,Non-Junction,None,,,         ,Jeremy,Huffine,Clear,Not Collision with Motor Vehicle in Transport,no,no,no,no,yes,False
103465931,METROPOLITAN NASHVILLE POLICE DEPT,20220551689,Davidson,Nashville,11/1/2022 6:30:00 PM,2,0,0,36.158760,-86.818850,CLIFTON AV,,,,92.00,Feet,West,28TH AVN,,,,0.00,N,Not at Intersection,N,Non-Junction,Construction Zone,Other,Activity Area,         ,Pamela,Caulder,Cloudy,Front to Rear,no,no,no,no,yes,False
103465962,METROPOLITAN NASHVILLE POLICE DEPT,20220552199,Davidson,Nashville,11/2/2022 1:35:00 AM,1,0,0,36.112920,-86.713690,CARLYLE PL,,,,224.00,Feet,North,DRUMMOND DR,,,,0.00,N,Not at Intersection,N,Non-Junction,None,,,         ,Autumn,Manning,Clear,Not Collision with Motor Vehicle in Transport,no,no,no,no,no,False
103465963,METROPOLITAN NASHVILLE POLICE DEPT,20220552316,Davidson,Nashville,11/2/2022 3:45:00 AM,1,0,0,36.158600,-86.792160,14TH AVN,,,,150.00,Feet,South,I40 E EXT RAMP,,,,0.00,N,Not at Intersection,N,Non-Junction,None,,,         ,Cory,Bean,Clear,Unknown,no,no,no,no,yes,False
103466001,METROPOLITAN NASHVILLE POLICE DEPT,20220552278,Davidson,Nashville,11/2/2022 2:50:00 AM,1,1,0,36.084610,-86.628240,PRIVATE DR,,,,28.00,Feet,East,BELL RD,,,,0.00,N,Not at Intersection,N,Non-Junction,None,,,         ,Samuel,Fredericks,Clear,Not Collision with Motor Vehicle in Transport,no,no,no,no,no,False
103466002,METROPOLITAN NASHVILLE POLICE DEPT,20220552363,Davidson,Nashville,11/2/2022 5:41:00 AM,2,0,0,36.156810,-86.771900,PEABODY ST,,,,0.00,,,2ND AVS,,,,0.00,Y,Four-Way, ,Intersection,None,,,         ,Blake,Lutz,Rain,Angle,no,no,no,no,no,False
103466036,METROPOLITAN NASHVILLE POLICE DEPT,20220552426,Davidson,Nashville,11/2/2022 6:42:00 AM,2,0,0,36.068920,-86.680200,RICHARDS RD,,,,109.00,Feet,West,DELIA DR,,,,0.00,N,Not at Intersection, ,Non-Junction,None,,,         ,Darrin,Hardin,Rain,Front to Rear,no,no,no,no,no,False
103466043,METROPOLITAN NASHVILLE POLICE DEPT,20220549168,Davidson,Nashville,10/30/2022 8:30:00 PM,2,0,0,36.198240,-86.776360,I 65,,,,0.00,,,,,,,86.70,N,Not at Intersection,N,Non-Junction,None,,,         ,Walter,Gray II,Clear,"Sideswipe, Same Direction",no,no,no,no,yes,False
103466059,METROPOLITAN NASHVILLE POLICE DEPT,20220552431,Davidson,Nashville,11/2/2022 6:43:00 AM,2,1,0,36.169570,-86.583550,I 40,,,,0.00,,,,,,,221.80,N,Not at Intersection,N,Non-Junction,None,,,         ,Donald,Davidson,Cloudy,Front to Rear,no,no,no,no,no,False
103466060,METROPOLITAN NASHVILLE POLICE DEPT,20220552470,Davidson,Nashville,11/2/2022 6:55:00 AM,2,1,0,36.057130,-86.641880,BELL RD,,,,773.00,Feet,North,THE OVERLOOK PVTDR,,,,0.00,N,Not at Intersection,N,Non-Junction,None,,,         ,Seth,Reynolds,"Cloudy, Rain",Front to Rear,no,no,no,no,yes,False
103466084,METROPOLITAN NASHVILLE POLICE DEPT,20220552547,Davidson,Nashville,11/2/2022 7:17:00 AM,2,0,0,36.115950,-86.793280,I-440 E,,,,0.00,,East,,,II-440 E,,3.08,N,Not at Intersection,N,Non-Junction,None,,,         ,Bianca,Crawford,Clear,"Sideswipe, Same Direction",no,no,no,no,no,False
103466087,METROPOLITAN NASHVILLE POLICE DEPT,20220552615,Davidson,Nashville,11/2/2022 8:00:00 AM,2,0,0,36.089940,-86.702980,I 24,,,,0.00,,,,,,,55.40,N,Not at Intersection, ,,None,,,         ,John,Walden,,,no,no,no,no,no,False
103466092,GOODLETTSVILLE POLICE DEPT,22-33469,Davidson,Goodlettsville,11/2/2022 7:17:00 AM,2,0,0,36.324690,-86.701400,CONFERENCE DR,,,,190.00,Feet,South,STATE HWY 174,,,,0.00,N,Not at Intersection,N,Non-Junction,None,,,         ,Austin,Herendeen,Rain,Angle,no,no,no,no,no,False
103466099,METROPOLITAN NASHVILLE POLICE DEPT,20220552588,Davidson,Antioch,11/2/2022 5:40:00 AM,2,0,0,36.054247,-86.605419,GROVEDALE TRACE,TRCE,,,200.00,Feet,South,HARVEST GROVE,DR,SR,,0.00,N,Not at Intersection,N,Non-Junction,None,,,         ,Dennis,Diesel,Clear,"Sideswipe, Opposite Direction",no,no,no,no,no,False
103466103,METROPOLITAN NASHVILLE POLICE DEPT,20220552442,Davidson,Nashville,11/2/2022 6:50:00 AM,1,1,0,36.152920,-86.853280,I40 E ENT RAMP,,,,0.00,Feet,East,I 40,,,,0.00,N,Not at Intersection,Y,Entrance/Exit Ramp Related,None,,,         ,George,Spencer,Rain,Not Collision with Motor Vehicle in Transport,no,no,no,no,no,False
103466125,METROPOLITAN NASHVILLE POLICE DEPT,20220552425,Davidson,Nashville,11/2/2022 5:49:00 AM,2,0,0,36.130950,-86.726870,I 24,,,,0.00,,,,,,,52.25,N,Not at Intersection,N,Non-Junction,None,,,         ,Eric,Burford,Cloudy,"Sideswipe, Same Direction",no,no,no,no,no,False
103466131,METROPOLITAN NASHVILLE POLICE DEPT,20220552664,Davidson,Nashville,11/2/2022 8:30:00 AM,3,1,0,36.107840,-86.922380,OLD HICKORY BLVD,,,,0.00,Feet,,ROCKY LN,,,,0.00,Y,T-Intersection,N,Intersection-Related,None,,,         ,Terence,Mitchell,Rain,Front to Rear,no,no,no,no,no,False
103466170,METROPOLITAN NASHVILLE POLICE DEPT,20220552610,Davidson,Not in City Limit,11/2/2022 7:25:00 AM,2,2,0,36.279640,-86.873830,CLARKSVILLE PKE,,,,133.00,Feet,West,OLD HICKORY BLVD,,,,0.00,N,Not at Intersection,N,OtherLocation,None,,,         ,Jeanine,Sarno,Rain,Front to Rear,no,no,no,no,no,False
103466202,METROPOLITAN NASHVILLE POLICE DEPT,20220552821,Davidson,Nashville,10/31/2022 4:17:00 AM,1,0,0,36.071580,-86.654130,JOHNSON PASS DR,,,,82.00,Feet,North,PEBBLE CREEK DR,,,,0.00,N,Not at Intersection,N,Non-Junction,None,,,         ,Jerre,Fly,Unknown,Not Collision with Motor Vehicle in Transport,no,no,no,no,yes,False
103466225,METROPOLITAN NASHVILLE POLICE DEPT,20220552985,Davidson,Madison,11/2/2022 12:00:00 PM,3,1,0,36.265490,-86.739870,OLD HICKORY BLVDW,,,,0.00,,,I65 S EXT RAMP,,,,0.00,Y,T-Intersection,N,Intersection,None,,,         ,Travis,Baxter,Cloudy,Angle,no,no,no,no,no,False
103466249,METROPOLITAN NASHVILLE POLICE DEPT,20220552922,Davidson,Goodlettsville,11/2/2022 11:00:00 AM,2,0,0,36.293260,-86.702600,ALTA LOMA RD,,,,85.00,Feet,West,GALLATIN PKEN,,,,0.00,N,Not at Intersection, ,Non-Junction,None,,,         ,Joshua,Beauchesne,Clear,Front to Rear,no,no,no,no,yes,False
103466250,METROPOLITAN NASHVILLE POLICE DEPT,2022-0552923,Davidson,Nashville,11/2/2022 11:05:00 AM,2,0,0,36.156300,-86.796280,17TH AVN,,,,0.00,,,CHURCH STREET ALY,,,,0.00,Y,OTHER, ,OtherLocation,None,,,         ,Po,Cheng,Cloudy,Front to Rear,no,no,no,no,no,False
103466252,METROPOLITAN NASHVILLE POLICE DEPT,20220552723,Davidson,Nashville,11/2/2022 8:53:00 AM,2,0,0,36.071580,-86.635850,MURFREESBORO PKE,,,,141.00,Feet,South,BELL RD,,,,0.00,N,Not at Intersection, ,Non-Junction,None,,,         ,Cody,Oliphant,Cloudy,Angle,no,no,no,no,yes,False
103466282,METROPOLITAN NASHVILLE POLICE DEPT,20220552758,Davidson,Nashville,11/2/2022 9:15:00 AM,2,0,0,36.151690,-86.677000,ROYAL PKWY,,,,0.00,Feet,,EMERY DR,,,,0.00,Y,Four-Way,N,Intersection-Related,None,,,         ,Kevin,Smithson,Clear,Other,no,no,no,no,yes,False
103466286,METROPOLITAN NASHVILLE POLICE DEPT,20220552742,Davidson,Nashville,11/2/2022 9:20:00 AM,2,2,0,36.044550,-86.657230,I24 W EXT RAMP,,,,0.00,Feet,East,I 24,,,,0.00,N,Not at Intersection,N,Non-Junction,None,,,         ,John,Walden,Cloudy,Front to Rear,no,no,no,no,no,False
103466300,METROPOLITAN NASHVILLE POLICE DEPT,20220552903,Davidson,Nashville,11/2/2022 10:55:00 AM,2,0,0,36.169050,-86.772240,S 1ST ST,,,,0.00,,,WOODLAND ST,,,,0.00,Y,OTHER, ,Non-Junction,None,,,         ,Alex,Moore,Clear,Angle,no,no,no,no,no,False
103466322,THP District 9 - Administrative,322091254,Davidson,Nashville,11/2/2022 12:15:00 PM,2,0,0,36.163900,-86.786590,CHARLOTTE AVE,,,,0.00,,,MCLEMORE ST,,,,0.00,Y,Four-Way, ,Intersection,None,,,         ,Justin,Johnson,Cloudy,Front to Rear,no,no,no,no,yes,False
103466325,METROPOLITAN NASHVILLE POLICE DEPT,20220552746,Davidson,Nashville,11/2/2022 9:27:00 AM,2,0,0,36.071870,-86.636180,BELL RD,,,,0.00,,,MURFREESBORO PKE,,,,0.00,Y,Four-Way, ,Intersection,None,,,         ,Cody,Oliphant,Cloudy,Angle,no,no,no,no,yes,False
103466326,METROPOLITAN NASHVILLE POLICE DEPT,20220553052,Davidson,Nashville,11/2/2022 12:00:00 AM,1,0,0,36.117260,-86.725780,I 24,,,,0.00,,,,,,,53.10,N,Not at Intersection,N,Non-Junction,None,,,         ,James,Thornton,Cloudy,Not Collision with Motor Vehicle in Transport,no,no,no,no,no,False
103466375,METROPOLITAN NASHVILLE POLICE DEPT,20220553140,Davidson,Not in City Limit,11/2/2022 1:50:00 PM,2,0,0,36.279550,-86.783570,OLD HICKORY BLVD,,,,0.00,,,BRICK CHURCH PKE,,,,0.00,Y,Four-Way, ,Non-Junction,None,,,         ,Wesley,Mcclelland,Cloudy,Front to Rear,no,no,no,no,no,False
103466398,METROPOLITAN NASHVILLE POLICE DEPT,20220553126,Davidson,Nashville,10/30/2022 2:52:00 AM,1,0,0,36.159260,-86.834820,MICHIGAN AV,,,,21.00,Feet,East,40TH AVN,,,,0.00,N,Not at Intersection, ,Non-Junction,None,,,         ,Douglas,Atwood,Rain,Not Collision with Motor Vehicle in Transport,no,no,no,yes,yes,False
103466401,METROPOLITAN NASHVILLE POLICE DEPT,20220552773,Davidson,Nashville,11/2/2022 9:37:00 AM,2,1,0,36.150100,-86.858180,CHARLOTTE PKE,,,,71.00,Feet,West,WHITE BRIDGE PKE,,,,0.00,N,Not at Intersection,N,Non-Junction,None,,,         ,George,Spencer,Rain,Other,no,no,no,no,no,False
103466413,METROPOLITAN NASHVILLE POLICE DEPT,20220553091,Davidson,Nashville,11/2/2022 1:07:00 PM,2,0,0,36.156640,-86.787510,12TH AVN,,,,0.00,,,,,,,0.00,,, ,,None,,,         ,Michael,Douglas,,,no,no,no,yes,no,False
103466426,METROPOLITAN NASHVILLE POLICE DEPT,20220553169,Davidson,Nashville,11/2/2022 2:05:00 PM,2,1,0,36.209120,-86.866200,ASHLAND CITY HWY,,,,227.00,Feet,West,JORDONIA STATION RD,,,,0.00,N,Not at Intersection,Y,Non-Junction,None,,,         ,Ryan,Caulfield,Cloudy,"Sideswipe, Same Direction",no,no,no,no,no,False
103466427,METROPOLITAN NASHVILLE POLICE DEPT,20220553173,Davidson,Nashville,11/2/2022 1:31:00 PM,2,0,0,36.180690,-86.725740,BARCLAY DR,,,,0.00,Feet,East,RIVERSIDE DR,,,,0.00,N,Not at Intersection,N,Non-Junction,None,,,         ,Faye,Denson,Clear,Rear to Side,no,no,no,no,no,False
103466461,METROPOLITAN NASHVILLE POLICE DEPT,20220553278,Davidson,Nashville,11/2/2022 3:31:00 PM,2,0,0,36.152110,-86.680960,ELM HILL PKE,,,,2.00,Feet,West,AIRWAYS CIR,,,,0.00,N,Not at Intersection,N,Non-Junction,None,,,         ,Evan,Grace,Clear,Angle,no,no,no,no,no,False
103466462,METROPOLITAN NASHVILLE POLICE DEPT,20220551187,Davidson,Nashville,11/1/2022 2:42:00 PM,2,1,0,36.050760,-86.673220,TIMBERLAKE WAY,,,,0.00,,,BLUE HOLE RD,,,,0.00,Y,T-Intersection,N,Intersection,None,,,         ,Tyler,Heckaman,Clear,Angle,no,no,no,no,no,False
103466473,METROPOLITAN NASHVILLE POLICE DEPT,20220553130,Davidson,Nashville,11/2/2022 1:40:00 PM,5,1,0,36.049050,-86.652540,BELL RD,,,,255.00,Feet,West,HICKORY HOLLOW MALL PVTDR PL,,,,0.00,N,Not at Intersection,N,Non-Junction,None,,,         ,Dennis,Diesel,Clear,Front to Rear,no,no,no,no,yes,False
103466502,METROPOLITAN NASHVILLE POLICE DEPT,20220553381,Davidson,Antioch,11/2/2022 2:40:00 PM,1,0,0,36.072850,-86.575230,HOBSON PKE,,,,294.00,Feet,East,OLE NOTTINGHAM DR,,,,0.00,N,Not at Intersection,N,Non-Junction,None,,,         ,Nadine,Klemenz,Clear,Not Collision with Motor Vehicle in Transport,no,no,no,no,no,False
103466509,METROPOLITAN NASHVILLE POLICE DEPT,20220553305,Davidson,Madison,11/2/2022 2:50:00 PM,2,0,0,36.308610,-86.681540,GALLATIN PKEN,,,,0.00,Feet,North,RIVERCHASE BLVD,,,,0.00,N,Not at Intersection, ,,None,,,         ,Alexander,Hartle,,,no,no,no,no,no,False
103466527,METROPOLITAN NASHVILLE POLICE DEPT,20220553134,Davidson,Nashville,11/2/2022 5:00:00 AM,2,0,0,36.233940,-86.774040,RICHMOND HILL DR,,,,242.00,Feet,East,VAILVIEW DR,,,,0.00,N,Not at Intersection,N,Non-Junction,None,,,         ,Austin,Bronstrad,Clear,Front to Rear,no,no,no,yes,yes,False