master_record_number,agency,agency_tracking_number,county,city,collision_date,vehicles_involved,number_injured,number_dead,latitude,longitude,roadway_name,roadway_suffix,roadway_number,roadway_local_id,distance_from_reference,miles-feet_indicator,direction_from_reference,intersection_road_name,intersection_road_name_suffix,intersection_road_number,intersection_local_id,mile_marker,intersection_indicator,intersect_type,interchange_related_indicator,relation_to_junction,work_zone_type,construction_maintenance_zone,construction_maintenance_zone_location,fatal_case_number,officer_first_name,officer_last_name,weather_condition(s),manner_of_crash,pedestrian,bicycle,scooter,parking,hitrun,mou
103466529,METROPOLITAN NASHVILLE POLICE DEPT,20220553494,Davidson,Nashville,11/1/2022 5:00:00 PM,1,0,0,36.153960,-86.735580,LEBANON PKE,,,,1225.00,Feet,East,OMOHUNDRO PL,,,,0.00,N,Not at Intersection,N,Non-Junction,None,,,         ,Reagan,Heath,Clear,Not Collision with Motor Vehicle in Transport,no,no,no,no,yes,False
103466530,METROPOLITAN NASHVILLE POLICE DEPT,20220553256,Davidson,Nashville,11/2/2022 3:19:00 PM,2,1,0,36.141720,-86.778670,CHESTNUT ST,,,,0.00,,,8TH AVS,,,,0.00,Y,Four-Way,N,Non-Junction,None,,,         ,Dakota,Davis,Clear,Angle,no,no,no,no,no,False
103466576,METROPOLITAN NASHVILLE POLICE DEPT,20220553527,Davidson,Nashville,11/2/2022 5:50:00 PM,1,1,0,36.175990,-86.753890,WOODLAND ST,,,,269.00,Feet,East,MCFERRIN AV,,,,0.00,N,Not at Intersection,N,Non-Junction,None,,,         ,Zachary,Carter,Clear,Not Collision with Motor Vehicle in Transport,no,no,no,no,no,False
103466602,METROPOLITAN NASHVILLE POLICE DEPT,20220553417,Davidson,Nashville,11/2/2022 4:45:00 PM,2,0,0,36.176470,-86.768880,SPRING ST,,,,40.00,Feet,North,I24 W EXT RAMP,,,,0.00,N,Not at Intersection,N,Non-Junction,None,,,         ,Jacob,Krispin,Cloudy,Front to Rear,no,no,no,no,no,False
103466605,METROPOLITAN NASHVILLE POLICE DEPT,20220553531,Davidson,Nashville,11/2/2022 3:15:00 PM,2,0,0,36.095390,-86.654510,MURFREESBORO PKE,,,,82.00,Feet,East,SWEENEY AV,,,,0.00,N,Not at Intersection, ,,None,,,         ,Rami,Rouhi,,,no,no,no,no,no,False
103466606,METROPOLITAN NASHVILLE POLICE DEPT,20220553533,Davidson,Nashville,11/2/2022 5:55:00 PM,2,0,0,36.204580,-86.748390,E TRINITY LN,,,,0.00,,,AMBROSE AV,,,,0.00,Y,T-Intersection,N,Intersection-Related,None,,,         ,Ty,Cummings,Clear,Angle,no,no,no,no,yes,False
103466626,METROPOLITAN NASHVILLE POLICE DEPT,20220553573,Davidson,Nashville,11/2/2022 4:18:00 PM,2,0,0,36.149040,-86.779150,8TH AVS,,,,114.00,Feet,North,I40 W ENT RAMP,,,,0.00,N,Not at Intersection, ,Non-Junction,None,,,         ,Jonas,Elias,Clear,Front to Rear,no,no,no,no,no,False
103466627,METROPOLITAN NASHVILLE POLICE DEPT,20220553514,Davidson,Nashville,11/2/2022 5:45:00 PM,2,0,0,36.171330,-86.803040,I 40,,,,0.00,,,,,,,207.50,N,Not at Intersection, ,,None,,,         ,Michael,Esposito,,,no,no,no,no,no,False
103466634,METROPOLITAN NASHVILLE POLICE DEPT,20220553720,Davidson,Nashville,11/2/2022 7:05:00 PM,2,0,0,36.165540,-86.696990,DONELSON HILLS DR,,,,3.00,Feet,North,LEBANON PKE,,,,0.00,N,Not at Intersection,N,Non-Junction,None,,,         ,Reagan,Heath,Clear,Angle,no,no,no,no,no,False
103466635,METROPOLITAN NASHVILLE POLICE DEPT,20220553674,Davidson,Nashville,11/2/2022 7:26:00 PM,1,1,0,36.232310,-86.826050,BRILEY PKWYE,,,,270.00,Feet,West,BRILEY PKWYW,,,,0.00,N,Not at Intersection,N,Non-Junction,None,,,         ,Austin,Bowles,Clear,Not Collision with Motor Vehicle in Transport,no,no,no,no,no,False
103466636,METROPOLITAN NASHVILLE POLICE DEPT,20220553610,Davidson,Goodlettsville,11/2/2022 6:45:00 PM,2,1,0,36.303230,-86.693350,RIVERGATE MALL PVTDR,,,,318.00,Feet,South,CONFERENCE DR,,,,0.00,N,Not at Intersection,N,Non-Junction,None,,,         ,Joshua,Dodge,Clear,Angle,no,no,no,yes,no,False
103466649,METROPOLITAN NASHVILLE POLICE DEPT,20220553558,Davidson,Nashville,11/2/2022 4:53:00 PM,1,1,0,36.051250,-86.689350,OCALA DR,,,,180.00,Feet,East,ROBERT YOEST DR,,,,0.00,N,Not at Intersection,N,Non-Junction,None,,,         ,John,McDonnell,Clear,Not Collision with Motor Vehicle in Transport,yes,no,no,no,no,False
103466656,METROPOLITAN NASHVILLE POLICE DEPT,20220553665,Davidson,Not in City Limit,11/2/2022 5:00:00 PM,2,0,0,36.262250,-86.711910,E OLD HICKORY BLVD,,,,89.00,Feet,East,GALLATIN PKES,,,,0.00,N,Not at Intersection,N,Non-Junction,None,,,         ,Austin,Bronstrad,Clear,Angle,no,no,no,no,yes,False
103466662,METROPOLITAN NASHVILLE POLICE DEPT,20220553736,Davidson,Nashville,11/2/2022 12:00:00 AM,1,1,0,36.200490,-86.607820,ANDREW JACKSON PKWY,,,,191.00,Feet,North,RACHEL DONELSON PASS,,,,0.00,N,Not at Intersection,N,Non-Junction,None,,,         ,Esther,Poysti,Clear,Not Collision with Motor Vehicle in Transport,no,no,no,no,no,False
103466669,VANDERBILT UNIVERSITY POLICE,20220553758,Davidson,Nashville,11/2/2022 12:00:00 AM,2,0,0,36.145710,-86.798320,SCARRITT PL,,,,0.00,,,,,,,0.00,,,N,Non-Junction,None,,,         ,Alan,Reed,Cloudy,Unknown,no,no,no,yes,yes,Campus
103466711,METROPOLITAN NASHVILLE POLICE DEPT,20220553842,Davidson,Nashville,11/2/2022 8:00:00 PM,2,0,0,36.189160,-86.733620,GREENWOOD AV,,,,0.00,,,SCOTT AV,,,,0.00,Y,Four-Way,Y,Intersection,None,,,         ,Jarrett,Ipox,Clear,Angle,no,no,no,no,yes,False
103466726,METROPOLITAN NASHVILLE POLICE DEPT,20220553612,Davidson,Nashville,11/2/2022 6:00:00 PM,2,1,0,36.075660,-86.647780,DOVER GLEN DR,,,,4.00,Feet,East,EDGE O LAKE DR,,,,0.00,N,Not at Intersection,N,Non-Junction,None,,,         ,Megan,Arnett,Clear,Angle,no,no,no,no,no,False
103466733,METROPOLITAN NASHVILLE POLICE DEPT,20220553921,Davidson,Nashville,11/2/2022 10:01:00 PM,1,1,0,36.191730,-86.624820,LEBANON PKE,,,,0.00,,,BONNABROOK DR,,,,0.00,Y,Four-Way,N,Intersection,None,,,         ,Ryan,Malone,Clear,Not Collision with Motor Vehicle in Transport,yes,no,no,no,yes,False
103466748,METROPOLITAN NASHVILLE POLICE DEPT,20220553565,Davidson,Nashville,11/2/2022 6:17:00 PM,2,2,0,36.155490,-86.828430,I 40,,,,0.00,,,,,,,205.60,N,Not at Intersection,N,Non-Junction,None,,,         ,Andrew,McCarron,Clear,Front to Rear,no,no,no,no,no,False
103466767,METROPOLITAN NASHVILLE POLICE DEPT,20220553956,Davidson,Nashville,11/2/2022 9:50:00 PM,2,0,0,36.075410,-86.639520,MURFREESBORO PKE,,,,425.00,Feet,North,RURAL HILL RD,,,,0.00,N,Not at Intersection,N,Non-Junction,None,,,         ,Samuel,Fredericks,Clear,Angle,no,no,no,no,no,False
103466768,METROPOLITAN NASHVILLE POLICE DEPT,20220553963,Davidson,Nashville,11/2/2022 10:20:00 PM,2,0,0,36.153400,-86.800840,20TH AVN,,,,0.00,,,CHURCH ST,,,,0.00,Y,Four-Way,Y,Intersection,Construction Zone,Lane Shift-Crossover,Transition Area,         ,Dallas,Johnson,Clear,Angle,no,no,no,no,no,Campus
103466777,METROPOLITAN NASHVILLE POLICE DEPT,20220553439,Davidson,Nashville,11/1/2022 7:02:00 AM,1,0,0,36.163540,-86.842710,CENTENNIAL BLVD,,,,871.00,Feet,West,DR WALTER S DAVIS BLVD,,,,0.00,N,Not at Intersection,N,Non-Junction,None,,,         ,Andrew,McCarron,Clear,Not Collision with Motor Vehicle in Transport,no,no,no,no,yes,False
103466778,METROPOLITAN NASHVILLE POLICE DEPT,20220553827,Davidson,Not in City Limit,11/2/2022 12:00:00 AM,1,0,0,36.117830,-86.966350,OLD CHARLOTTE PKE,,,,467.00,Feet,West,BUFFALO RD,,,,0.00,N,Not at Intersection,N,Non-Junction,None,,,         ,Brandon,Pedigo,Unknown,Not Collision with Motor Vehicle in Transport,no,no,no,no,yes,False
103466787,METROPOLITAN NASHVILLE POLICE DEPT,20220553997,Davidson,Nashville,11/2/2022 10:00:00 PM,1,1,0,36.173730,-86.774060,N 1ST ST,,,,249.00,Feet,South,OLDHAM ST,,,,0.00,N,Not at Intersection,N,Non-Junction,None,,,         ,Tyler,Lewis,Clear,Not Collision with Motor Vehicle in Transport,yes,no,no,no,yes,False
103466797,THP District 3 - Nashville,322090711,Davidson,Nashville,10/31/2022 4:37:00 PM,2,0,0,36.027290,-86.635110,I 24,,,,0.00,,,,,,,61.25,N,Not at Intersection, ,Non-Junction,None,,,         ,Lennart,Schaaf,Clear,"Sideswipe, Same Direction",no,no,no,no,no,False
103466814,METROPOLITAN NASHVILLE POLICE DEPT,20220553923,Davidson,Nashville,11/2/2022 10:01:00 PM,2,0,0,36.191430,-86.786800,I 65,,,,0.00,,,,,,,85.90,N,Not at Intersection,N,Non-Junction,None,,,         ,Clayton,Lewis,Clear,Front to Rear,no,no,no,no,no,False
103466818,METROPOLITAN NASHVILLE POLICE DEPT,20220553797,Davidson,Nashville,11/2/2022 8:40:00 PM,2,0,0,36.044530,-86.686990,BELL RD,,,,200.00,Feet,West,HARRIS HILLS LN,,,,0.00,N,Not at Intersection,N,Non-Junction,None,,,         ,Megan,Arnett,Clear,Front to Rear,no,no,no,no,no,False
103466819,METROPOLITAN NASHVILLE POLICE DEPT,20220554088,Davidson,Nashville,11/2/2022 12:00:00 AM,2,0,0,36.116150,-86.696750,MURFREESBORO PKE,,,,203.00,Feet,East,MCGAVOCK PKE,,,,0.00,N,Not at Intersection,N,Non-Junction,None,,,         ,John,Braxton,Clear,HeadOn,no,no,no,no,yes,False
103466821,METROPOLITAN NASHVILLE POLICE DEPT,20220553899,Davidson,Nashville,11/2/2022 9:45:00 PM,2,1,0,36.074320,-86.741290,BLACKMAN RD,,,,583.00,Feet,West,DARLINGTON DR,,,,0.00,N,Not at Intersection,N,Non-Junction,None,,,         ,Eric,Modransky,Clear,"Sideswipe, Same Direction",no,no,no,no,no,False
103466823,METROPOLITAN NASHVILLE POLICE DEPT,20220554032,Davidson,Nashville,11/2/2022 10:55:00 PM,2,1,0,36.125580,-86.730690,I24 E ENT RAMP,,,,0.00,Feet,East,I 440,,,,0.00,N,Not at Intersection,N,Non-Junction,None,,,         ,Jonathan,Handley,Cloudy,Front to Rear,no,no,no,no,no,False
103466827,METROPOLITAN NASHVILLE POLICE DEPT,20220554072,Davidson,Nashville,11/2/2022 10:29:00 PM,2,0,0,36.151790,-86.851180,53RD AVN,,,,24.00,Feet,South,CHARLOTTE AV,,,,0.00,N,Not at Intersection,N,Non-Junction,None,,,         ,Maxwell,Fritz,Clear,Front to Rear,no,no,no,no,no,False
103466829,METROPOLITAN NASHVILLE POLICE DEPT,20220554133,Davidson,Nashville,11/2/2022 11:55:00 PM,1,0,0,36.132470,-86.719310,MURFREESBORO PKE,,,,0.00,Feet,South,WILHAGAN RD,,,,0.00,N,Not at Intersection,N,Non-Junction,None,,,         ,Mario,Diaz,Clear,Not Collision with Motor Vehicle in Transport,no,no,no,no,no,False
103466832,METROPOLITAN NASHVILLE POLICE DEPT,20220554001,Davidson,Nashville,11/2/2022 12:00:00 AM,2,0,0,36.143100,-86.815220,US HWY 70S,,,,0.00,,,,,,,0.00,,,N,Non-Junction,None,,,         ,Lynsey,Fish,Cloudy,Front to Rear,no,no,no,yes,yes,Campus
103466857,METROPOLITAN NASHVILLE POLICE DEPT,20220553541,Davidson,Nashville,11/2/2022 3:55:00 PM,3,0,0,36.086990,-86.762920,I 65,,,,0.00,,,,,,,78.15,N,Not at Intersection,N,Non-Junction,None,,,         ,Eric,Modransky,Clear,Front to Rear,no,no,no,no,no,False
103466871,METROPOLITAN NASHVILLE POLICE DEPT,20220554367,Davidson,Nashville,11/3/2022 2:49:00 AM,1,0,0,36.141100,-86.661760,I 40,,,,0.00,,,,,,,269.90,N,Not at Intersection,N,Non-Junction,None,,,         ,Thomas,Vasquez,Clear,Not Collision with Motor Vehicle in Transport,no,no,no,no,yes,False
103466904,METROPOLITAN NASHVILLE POLICE DEPT,20220554477,Davidson,Nashville,11/3/2022 4:23:00 AM,2,0,0,36.145630,-86.879920,I 40,,,,0.00,,,,,,,202.60,N,Not at Intersection,N,Non-Junction,None,,,         ,Fady,Aziz,Clear,"Sideswipe, Same Direction",no,no,no,no,yes,False
103466905,METROPOLITAN NASHVILLE POLICE DEPT,20220546561,Davidson,Nashville,10/30/2022 2:00:00 AM,2,0,0,36.129490,-86.714700,MURFREESBORO PKE,,,,0.00,,,MILLWOOD DR,,,,0.00,Y,T-Intersection,N,Crossover-Related,None,,,         ,Craig,Amabile,Rain,HeadOn,no,no,no,no,no,False
103466928,GOODLETTSVILLE POLICE DEPT,22-33509,Davidson,Goodlettsville,11/2/2022 4:50:00 PM,2,0,0,36.323600,-86.705810,STATE HWY 174,,,,49.00,Feet,East,RAMP,,,,0.00,N,Not at Intersection,N,Non-Junction,None,,,         ,George,Henry,Clear,Angle,no,no,no,no,no,False
103466936,METROPOLITAN NASHVILLE POLICE DEPT,20220554115,Davidson,Antioch,11/2/2022 11:40:00 PM,1,1,0,35.993480,-86.685610,NOLENSVILLE RD,,,,386.00,Feet,North,OLD BURKITT RD,,,,0.00,N,Not at Intersection,N,Non-Junction,None,,,         ,Douglas,Meringer,Clear,Not Collision with Motor Vehicle in Transport,no,no,no,no,no,False
103466954,METROPOLITAN NASHVILLE POLICE DEPT,20220554631,Davidson,Nashville,11/3/2022 7:19:00 AM,2,0,0,36.249310,-86.685910,NEELYS BEND RD,,,,219.00,Feet,East,LARKIN SPRINGS RD,,,,0.00,N,Not at Intersection, ,Non-Junction,None,,,         ,Wesley,Mcclelland,Fog,Front to Rear,no,no,no,no,no,False
103466975,METROPOLITAN NASHVILLE POLICE DEPT,20220554620,Davidson,Nashville,11/3/2022 7:17:00 AM,2,0,0,36.140570,-86.723940,I 40,,,,0.00,,,,,,,213.60,N,Not at Intersection,N,Non-Junction,None,,,         ,Cameron,Fritschie,Clear,"Sideswipe, Same Direction",no,no,no,no,no,False
103466979,METROPOLITAN NASHVILLE POLICE DEPT,20220554577,Davidson,Nashville,11/3/2022 6:55:00 AM,4,1,0,36.197880,-86.752230,ELLINGTON PKWYS,,,,478.00,Feet,North,ELLINGTON PKWYN,,,,0.00,N,Not at Intersection,N,Non-Junction,None,,,         ,Jeffery,Leiser,Clear,Front to Rear,no,no,no,no,no,False
103466987,METROPOLITAN NASHVILLE POLICE DEPT,20220554503,Davidson,Nashville,11/3/2022 5:46:00 AM,3,1,0,36.066970,-86.687130,I 24,,,,0.00,,,,,,,57.20,N,Not at Intersection,N,Non-Junction,None,,,         ,Holly,Davis,Clear,"Sideswipe, Same Direction",no,no,no,no,no,False
103467004,METROPOLITAN NASHVILLE POLICE DEPT,20220554648,Davidson,Nashville,11/3/2022 7:25:00 AM,2,1,0,36.206070,-86.870680,BRILEY PKWYS,,,,3.00,Feet,South,BRILEY PKWY S ENT RAMP,,,,0.00,N,Not at Intersection,N,Non-Junction,None,,,         ,Stephen,Carlson,Clear,Front to Rear,no,no,no,no,no,False
103467011,METROPOLITAN NASHVILLE POLICE DEPT,20220554857,Davidson,Nashville,11/3/2022 9:15:00 AM,2,1,0,36.047520,-86.863480,OLD HICKORY BLVD,,,,233.00,Feet,West,HILLSBORO PKE,,,,0.00,N,Not at Intersection,N,Non-Junction,None,,,         ,Douglas,Atwood,Clear,Front to Rear,no,no,no,no,no,False
103467020,METROPOLITAN NASHVILLE POLICE DEPT,20220554820,Davidson,Not in City Limit,11/3/2022 8:50:00 AM,2,1,0,36.321050,-86.867470,EATONS CREEK RD,,,,0.00,Feet,West,GIFFORD PL,,,,0.00,N,Not at Intersection,N,Non-Junction,None,,,         ,Alexandra,Wall,Clear,Angle,no,no,no,no,no,False
103467042,METROPOLITAN NASHVILLE POLICE DEPT,20220553708,Davidson,Nashville,11/2/2022 7:43:00 PM,2,0,0,36.044540,-86.657220,I24 W EXT RAMP,,,,0.00,,,I 24,,,,0.00,Y,OTHER,N,Entrance/Exit Ramp Related,None,,,         ,Jason,Sweeney,Clear,"Sideswipe, Same Direction",no,no,no,no,yes,False
103467047,METROPOLITAN NASHVILLE POLICE DEPT,20220554841,Davidson,Nashville,11/3/2022 8:58:00 AM,3,0,0,36.045680,-86.855170,OLD HICKORY BLVD,,,,0.00,,,CROMWELL DR,,,,0.00,Y,T-Intersection,N,Intersection,None,,,         ,Juan,Garcia-Canizales,Clear,Front to Rear,no,no,no,no,no,False
103467048,METROPOLITAN NASHVILLE POLICE DEPT,20220553193,Davidson,Nashville,11/2/2022 2:00:00 PM,3,0,0,36.152200,-86.842220,CHARLOTTE AV,,,,0.00,Feet,,46TH AVN,,,,0.00,Y,Four-Way,N,Intersection,None,,,         ,Joshua,Warren,Clear,Angle,no,no,no,no,no,False
103467049,METROPOLITAN NASHVILLE POLICE DEPT,20220554870,Davidson,Not in City Limit,11/3/2022 9:20:00 AM,2,0,0,36.023350,-86.630320,I 24,,,,0.00,,,,,,,61.75,N,Not at Intersection,N,Non-Junction,None,,,         ,Tavin,Emlund,Clear,Front to Rear,no,no,no,no,no,False
103467066,METROPOLITAN NASHVILLE POLICE DEPT,20220554528,Davidson,Nashville,11/3/2022 5:51:00 AM,2,0,0,36.106580,-86.672840,DONELSON PKE,,,,150.00,Feet,North,MURFREESBORO PKE,,,,0.00,N,Not at Intersection, ,Non-Junction,None,,,         ,Peabo,McAlmont,Fog,Front to Rear,no,no,no,no,no,False
103467068,METROPOLITAN NASHVILLE POLICE DEPT,20220554533,Davidson,Nashville,11/3/2022 6:15:00 AM,2,0,0,36.142300,-86.742830,MURFREESBORO PKE,,,,0.00,,,POLK AV,,,,0.00,Y,T-Intersection, ,Intersection,None,,,         ,Patrick,Lancaster,Clear,Angle,no,no,no,no,no,False
103467077,METROPOLITAN NASHVILLE POLICE DEPT,2022-0548389,Davidson,Nashville,10/31/2022 12:00:00 AM,2,1,0,36.149210,-86.743670,CALHOUN AV,,,,144.00,Feet,West,FESSLERS PKWY,,,,0.00,N,Not at Intersection,N,Non-Junction,None,,,         ,Frank,Walker,Cloudy,Angle,no,no,no,no,no,False
103467083,METROPOLITAN NASHVILLE POLICE DEPT,20220553127,Davidson,Nashville,11/2/2022 1:44:00 PM,3,1,0,36.169390,-86.807310,JEFFERSON ST,,,,204.00,Feet,West,DR D B TODD JR BLVD,,,,0.00,N,Not at Intersection,N,Non-Junction,None,,,         ,Jeremy,Arnold,Clear,"Sideswipe, Same Direction",no,no,no,no,no,False
103467084,METROPOLITAN NASHVILLE POLICE DEPT,20220555028,Davidson,Nashville,11/3/2022 11:22:00 AM,2,1,0,36.070170,-86.721900,NOLENSVILLE PKE,,,,65.00,Feet,East,COTTON LN,,,,0.00,N,Not at Intersection,N,Non-Junction,None,,,         ,Darrin,Hardin,Clear,Angle,no,no,no,no,yes,False
103467085,METROPOLITAN NASHVILLE POLICE DEPT,20220554842,Davidson,Nashville,11/3/2022 8:12:00 AM,4,3,0,36.124420,-86.742323,I440 WEST,,,,0.00,,West,,,,,6.00,N,Not at Intersection,N,Non-Junction,None,,,         ,Todd,Watson,Clear,Front to Rear,no,no,no,no,no,False
103467090,METROPOLITAN NASHVILLE POLICE DEPT,20220555080,Davidson,Nashville,11/3/2022 11:55:00 AM,1,1,0,36.247680,-86.743090,I 65,,,,0.00,,,,,,,91.00,N,Not at Intersection,N,Non-Junction,None,,,         ,Travis,Baxter,Clear,Not Collision with Motor Vehicle in Transport,no,no,no,no,no,False
103467105,METROPOLITAN NASHVILLE POLICE DEPT,20220554984,Davidson,Nashville,11/3/2022 12:00:00 AM,2,0,0,36.215480,-86.775360,I 65,,,,0.00,,,,,,,87.95,N,Not at Intersection,N,Non-Junction,None,,,         ,Alex,Gibson,Clear,Front to Rear,no,no,no,no,no,False
103467126,METROPOLITAN NASHVILLE POLICE DEPT,20220554585,Davidson,Nashville,11/3/2022 6:55:00 AM,2,0,0,36.148590,-86.745710,I 40,,,,0.00,,,,,,,211.90,N,Not at Intersection, ,Non-Junction,None,,,         ,Grey,Maxwell,Fog,Front to Rear,no,no,no,no,no,False
103467129,METROPOLITAN NASHVILLE POLICE DEPT,20220554909,Davidson,Nashville,11/3/2022 8:04:00 AM,2,0,0,36.126700,-86.711090,MURFREESBORO PKE,,,,0.00,Feet,,THOMPSON PL,,,,0.00,Y,Four-Way, ,Intersection,None,,,         ,Eric,Cunningham,Clear,Angle,no,no,no,no,no,False
103467131,METROPOLITAN NASHVILLE POLICE DEPT,20220555079,Davidson,Antioch,11/3/2022 11:09:00 AM,2,1,0,36.004910,-86.621890,OLD HICKORY BLVD,,,,10.00,Feet,North,BURKITT RD,,,,0.00,N,Not at Intersection,N,Non-Junction,None,,,         ,Joe,Hooper,Clear,Front to Rear,no,no,no,no,no,False
103467183,METROPOLITAN NASHVILLE POLICE DEPT,20220554884,Davidson,Nashville,11/3/2022 9:30:00 AM,2,0,0,36.173730,-86.580800,CENTRAL PKE,,,,330.00,Feet,East,N NEW HOPE RD,,,,0.00,N,Not at Intersection,N,Non-Junction,None,,,         ,Kevin,Smithson,Clear,Angle,no,no,no,no,no,False
103467193,METROPOLITAN NASHVILLE POLICE DEPT,20220554910,Davidson,Nashville,11/3/2022 8:55:00 AM,3,1,0,36.130180,-86.755030,NOLENSVILLE PKE,,,,0.00,,,POLK AV,,,,0.00,Y,T-Intersection,N,Intersection,None,,,         ,Samuel,White,Clear,Angle,no,no,no,no,no,False
103467228,METROPOLITAN NASHVILLE POLICE DEPT,20220554897,Davidson,Nashville,11/3/2022 8:30:00 AM,2,0,0,36.134660,-86.738310,TPS COMPLEX PVTDR,,,,0.00,Feet,,MENZLER RD,,,,0.00,Y,T-Intersection,N,Intersection,None,,,         ,Donald,Davidson,Clear,Angle,no,no,no,yes,no,False
103467233,METROPOLITAN NASHVILLE POLICE DEPT,20220555100,Davidson,Nashville,11/3/2022 12:07:00 PM,2,0,0,36.078370,-86.683240,ANTIOCH PKE,,,,400.00,Feet,East,CHEROKEE HILLS DR,,,,0.00,N,Not at Intersection, ,Non-Junction,None,,,         ,Jason,Hees,Clear,Angle,no,no,no,no,no,False
103467235,METROPOLITAN NASHVILLE POLICE DEPT,20220555216,Davidson,Nashville,11/3/2022 11:00:00 AM,2,0,0,36.110170,-86.922550,OLD HICKORY BLVD,,,,0.00,,,I40 E ENT RAMP,,,,0.00,Y,Y-Intersection, ,Intersection-Related,None,,,         ,Sekou,Samassi,Clear,Front to Rear,no,no,no,no,no,False
103467242,METROPOLITAN NASHVILLE POLICE DEPT,20220555229,Davidson,Nashville,11/3/2022 12:06:00 PM,2,0,0,36.153570,-86.788410,14TH AVS,,,,0.00,,,DEMONBREUN ST,,,,0.00,Y,Four-Way, ,Intersection,None,,,         ,Ronald,Bright,Cloudy,"Sideswipe, Same Direction",no,no,no,no,no,False
103467243,METROPOLITAN NASHVILLE POLICE DEPT,20220555097,Davidson,Nashville,11/3/2022 12:03:00 PM,2,0,0,36.129800,-86.778310,8TH AVS,,,,261.00,Feet,South,PRENTICE AV,,,,0.00,N,Not at Intersection,N,Non-Junction,None,,,         ,Christopher,Brown,Clear,"Sideswipe, Opposite Direction",no,no,no,no,no,False
103467250,METROPOLITAN NASHVILLE POLICE DEPT,20220555279,Davidson,Nashville,11/3/2022 1:16:00 PM,2,0,0,36.204840,-86.768850,DICKERSON PKE,,,,389.00,Feet,South,E TRINITY LN,,,,0.00,N,Not at Intersection, ,Non-Junction,None,,,         ,Ian,Wilson,Smog/Smoke,Front to Rear,no,no,no,no,no,False
103467252,METROPOLITAN NASHVILLE POLICE DEPT,20220553667,Davidson,Nashville,11/2/2022 7:21:00 PM,1,0,1,36.279640,-86.750000,DICKERSON PKE,,,,814.00,Feet,North,NESBITT DR,,,,0.00,N,Not at Intersection,N,Non-Junction,None,,,         ,Russell,Ward,Clear,Not Collision with Motor Vehicle in Transport,yes,no,no,no,no,False
103467280,VANDERBILT UNIVERSITY POLICE,20220553346,Davidson,Nashville,11/2/2022 4:00:00 PM,2,1,0,36.139620,-86.800500,21ST AVS,,,,0.00,,,PIERCE AV,,,,0.00,Y,Four-Way,N,Intersection,None,,,         ,Shaneithia,Lewis,Clear,"Sideswipe, Opposite Direction",no,no,no,no,no,Campus
103467303,VANDERBILT UNIVERSITY POLICE,20220551457,Davidson,Nashville,11/1/2022 12:00:00 AM,2,0,0,36.142340,-86.805840,HIGHLAND AV,,,,0.00,,,,,,,0.00,,, ,Non-Junction,None,,,         ,Shaneithia,Lewis,Clear,Rear to Rear,no,no,no,yes,no,Campus
103467317,METROPOLITAN NASHVILLE POLICE DEPT,20220555182,Davidson,Nashville,11/3/2022 12:45:00 PM,2,0,0,36.147760,-86.743510,FESSLERS LN,,,,0.00,,,I40 W ENT RAMP,,,,0.00,Y,T-Intersection, ,Intersection,None,,,         ,Patrick,Lancaster,Clear,Front to Rear,no,no,no,no,no,False
103467342,METROPOLITAN NASHVILLE POLICE DEPT,20220555152,Davidson,Nashville,11/3/2022 9:45:00 AM,2,0,0,36.108490,-86.720270,I24 W EXT RAMP,,,,0.00,Feet,East,I 24,,,,0.00,N,Not at Intersection, ,Entrance/Exit Ramp Related,None,,,         ,Todd,Watson,Clear,Angle,no,no,no,no,no,False
103467348,VANDERBILT UNIVERSITY POLICE,20220553857,Davidson,Nashville,11/2/2022 12:00:00 AM,2,0,0,36.146070,-86.799550,SCARRITT PL,,,,0.00,,,21ST AVS,,,,0.00,,Not at Intersection, ,Non-Junction,None,,,         ,Mark,Clear,Clear,Unknown,no,no,no,yes,yes,Campus
103467446,GOODLETTSVILLE POLICE DEPT,22-33575,Davidson,Goodlettsville,11/3/2022 9:35:00 AM,2,1,0,36.306030,-86.702470,VIETNAM VETERANS BLVD SB ENT R,,,,0.00,Feet,East,VIETNAM VETERANS BLVDS,,,,0.00,N,Not at Intersection,N,Non-Junction,None,,,         ,Rebecca,Moore,Clear,"Sideswipe, Same Direction",no,no,no,no,no,False
103467461,METROPOLITAN NASHVILLE POLICE DEPT,20220555560,Davidson,Goodlettsville,11/3/2022 3:48:00 PM,2,0,0,36.292380,-86.694920,MYATT DR,,,,587.00,Feet,North,EDENWOLD RD,,,,0.00,N,Not at Intersection,N,Non-Junction,None,,,         ,Austin,Bronstrad,Clear,Angle,no,no,no,no,no,False
103467508,METROPOLITAN NASHVILLE POLICE DEPT,20220555394,Davidson,Nashville,11/3/2022 2:54:00 PM,4,2,0,36.159000,-86.792470,I40 E EXT RAMP,,,,0.00,Feet,East,I 40,,,,0.00,N,Not at Intersection,N,Non-Junction,None,,,         ,Cressie,Prill,Clear,Front to Rear,no,no,no,no,no,False
103467510,BERRY HILL POLICE DEPT,22-3211,Davidson,Nashville,11/3/2022 3:25:00 PM,2,1,0,36.109050,-86.766200,POWELL AV,,,,750.00,Feet,South,OLD POWELL AV,,,,0.00,N,Not at Intersection,Y,OtherLocation,None,,,         ,John,Gleixner,Clear,Front to Rear,no,no,no,no,no,False