master_record_number,agency,agency_tracking_number,county,city,collision_date,vehicles_involved,number_injured,number_dead,latitude,longitude,roadway_name,roadway_suffix,roadway_number,roadway_local_id,distance_from_reference,miles-feet_indicator,direction_from_reference,intersection_road_name,intersection_road_name_suffix,intersection_road_number,intersection_local_id,mile_marker,intersection_indicator,intersect_type,interchange_related_indicator,relation_to_junction,work_zone_type,construction_maintenance_zone,construction_maintenance_zone_location,fatal_case_number,officer_first_name,officer_last_name,weather_condition(s),manner_of_crash,pedestrian,bicycle,scooter,parking,hitrun,mou
103467540,METROPOLITAN NASHVILLE POLICE DEPT,20220555532,Davidson,Nashville,11/3/2022 3:21:00 PM,5,0,0,36.185250,-86.863320,BRILEY PKWYN,,,,0.00,,,BRILEY PKWY N EXT RAMP,,,,0.00,Y,OTHER,N,Non-Junction,None,,,         ,Robert,Laboy,Clear,Front to Rear,no,no,no,no,no,False
103467541,METROPOLITAN NASHVILLE POLICE DEPT,20220555544,Davidson,Not in City Limit,11/3/2022 4:13:00 PM,2,0,0,36.073910,-86.926270,HICKS RD,,,,0.00,,,HIGHWAY 70S,,,,0.00,Y,Four-Way, ,Intersection-Related,None,,,         ,Brandon,Pedigo,Clear,Front to Rear,no,no,no,no,no,False
103467561,METROPOLITAN NASHVILLE POLICE DEPT,20220555540,Davidson,Nashville,11/3/2022 3:15:00 PM,2,1,0,36.068200,-86.719110,NOLENSVILLE PKE,,,,0.00,,,HAYWOOD LN,,,,0.00,Y,Four-Way,N,Intersection,None,,,         ,Keith,Parlato,Clear,Angle,no,no,no,no,no,False
103467562,METROPOLITAN NASHVILLE POLICE DEPT,20220555477,Davidson,Nashville,11/3/2022 3:39:00 PM,3,2,0,36.171710,-86.790400,ROSA L PARKS BLVD,,,,144.00,Feet,North,LOCKLAYER ST,,,,0.00,N,Not at Intersection,N,Non-Junction,None,,,         ,Kaitlyn,Powell,Clear,Front to Rear,no,no,no,no,yes,False
103467563,METROPOLITAN NASHVILLE POLICE DEPT,20220555607,Davidson,Nashville,11/3/2022 5:02:00 PM,2,1,0,36.170140,-86.803920,JEFFERSON ST,,,,148.00,Feet,West,16TH AVN,,,,0.00,N,Not at Intersection,N,Non-Junction,None,,,         ,Kaitlyn,Powell,Clear,Front to Rear,no,no,no,no,no,False
103467564,BERRY HILL POLICE DEPT,22-3213,Davidson,Berry Hill,11/3/2022 12:00:00 AM,2,1,0,36.112330,-86.767020,THOMPSON LN,,,,0.00,,,BRANSFORD AV,,,,0.00,Y,Four-Way,Y,Intersection,None,,,         ,John,Gleixner,Clear,Angle,no,no,no,no,no,False
103467565,METROPOLITAN NASHVILLE POLICE DEPT,20220555630,Davidson,Not in City Limit,11/3/2022 4:49:00 PM,3,0,0,36.279280,-86.708860,GALLATIN PKEN,,,,25.00,Feet,South,ONE MILE PKWY,,,,0.00,N,Not at Intersection, ,Non-Junction,None,,,         ,Bradly,Mackay,Clear,Front to Rear,no,no,no,no,no,False
103467572,METROPOLITAN NASHVILLE POLICE DEPT,20220555562,Davidson,Nashville,11/3/2022 4:25:00 PM,1,1,0,36.147440,-86.808490,25TH AVN,,,,0.00,,,ELLISTON PL,,,,0.00,Y,T-Intersection,N,Non-Junction,None,,,         ,Brady,Reynolds,Clear,Not Collision with Motor Vehicle in Transport,yes,no,no,no,no,Campus
103467574,METROPOLITAN NASHVILLE POLICE DEPT,20220555593,Davidson,Nashville,11/3/2022 4:48:00 PM,1,1,0,36.125270,-86.847240,HARDING PKE,,,,157.00,Feet,East,WHITE BRIDGE PKE,,,,0.00,N,Not at Intersection,N,Non-Junction,None,,,         ,Heather,Fox,Clear,Not Collision with Motor Vehicle in Transport,no,no,no,no,no,False
103467596,METROPOLITAN NASHVILLE POLICE DEPT,20220555746,Davidson,Nashville,11/3/2022 6:35:00 PM,2,2,0,36.187380,-86.772730,CLEVELAND ST,,,,185.00,Feet,East,DICKERSON PKE,,,,0.00,N,Not at Intersection,N,Non-Junction,None,,,         ,Trevor,Jones,Clear,Front to Rear,no,no,no,no,no,False
103467604,METROPOLITAN NASHVILLE POLICE DEPT,20220555698,Davidson,Nashville,11/3/2022 6:03:00 PM,2,0,0,36.122610,-86.850880,HARDING PKE,,,,167.00,Feet,East,LYNNWOOD BLVD,,,,0.00,N,Not at Intersection,N,Non-Junction,None,,,         ,Jeremy,Huffine,Clear,Front to Rear,no,no,no,no,no,False
103467607,METROPOLITAN NASHVILLE POLICE DEPT,20220555747,Davidson,Nashville,11/3/2022 6:40:00 PM,2,1,0,36.074670,-86.632250,ANDERSON RD,,,,594.00,Feet,West,FOREST TRACE DR,,,,0.00,N,Not at Intersection,N,Non-Junction,None,,,         ,Dylan,Colquhoun,Clear,HeadOn,no,no,no,no,no,False
103467612,METROPOLITAN NASHVILLE POLICE DEPT,20220555720,Davidson,Nashville,11/3/2022 6:16:00 PM,2,1,0,36.042630,-86.827320,OLD HICKORY BLVD,,,,0.00,Feet,,AGINCOURT WAY,,,,0.00,Y,Four-Way,Y,Intersection-Related,None,,,         ,Nicholas,Carroll,Clear,Other,no,no,no,no,no,False
103467618,METROPOLITAN NASHVILLE POLICE DEPT,20220555777,Davidson,Nashville,11/3/2022 7:00:00 PM,2,1,0,36.158600,-86.792160,14TH AVN,,,,291.00,Feet,North,CHURCH ST,,,,0.00,N,Not at Intersection,N,Non-Junction,None,,,         ,Brady,Reynolds,Clear,Front to Rear,no,no,no,no,no,False
103467647,METROPOLITAN NASHVILLE POLICE DEPT,20220555741,Davidson,Nashville,11/3/2022 6:05:00 PM,2,0,0,36.240630,-86.723500,GALLATIN PKES,,,,571.00,Feet,North,GALLATIN PKE,,,,0.00,N,Not at Intersection,N,Non-Junction,None,,,         ,Dylan,Bradley,Clear,Front to Rear,no,no,no,no,no,False
103467656,METROPOLITAN NASHVILLE POLICE DEPT,20220555753,Davidson,Nashville,11/3/2022 4:26:00 PM,2,0,0,36.153240,-86.789140,DEMONBREUN ST,,,,246.00,Feet,West,14TH AVS,,,,0.00,N,Not at Intersection, ,Non-Junction,None,,,         ,Dean,Ferrari,Clear,"Sideswipe, Same Direction",no,no,no,no,no,False
103467664,METROPOLITAN NASHVILLE POLICE DEPT,20220555687,Davidson,Not in City Limit,11/3/2022 4:53:00 PM,2,0,0,36.279020,-86.734100,I 65,,,,0.00,,,,,,,93.30,N,Not at Intersection, ,Non-Junction,None,,,         ,Austin,Bronstrad,Clear,"Sideswipe, Same Direction",no,no,no,no,no,False
103467667,METROPOLITAN NASHVILLE POLICE DEPT,20220555705,Davidson,Nashville,11/3/2022 4:56:00 PM,2,0,0,36.150170,-86.870000,I 40,,,,0.00,,,,,,,203.20,N,Not at Intersection, ,Non-Junction,None,,,         ,Mark,Lemieux,Clear,Front to Rear,no,no,no,no,no,False
103467680,METROPOLITAN NASHVILLE POLICE DEPT,20220555918,Davidson,Nashville,11/3/2022 8:24:00 PM,2,0,0,36.073590,-86.635760,BELL RD,,,,0.00,,,,,,,0.00,,,N,Non-Junction,None,,,         ,Brandon,Chapman,Clear,Front to Rear,no,no,no,no,no,False
103467681,METROPOLITAN NASHVILLE POLICE DEPT,20220555866,Davidson,Nashville,11/3/2022 6:05:00 PM,3,1,0,36.039720,-86.757830,OLD HICKORY BLVD,,,,536.00,Feet,South,BRENTWOOD CHASE DR,,,,0.00,N,Not at Intersection,N,Non-Junction,None,,,         ,Jacob,Robbins,Clear,Front to Rear,no,no,no,no,no,False
103467693,METROPOLITAN NASHVILLE POLICE DEPT,20220555761,Davidson,Nashville,11/3/2022 12:00:00 AM,3,1,0,36.175010,-86.784680,JEFFERSON ST,,,,0.00,,,3RD AVN,,,,0.00,Y,Four-Way,N,Intersection-Related,None,,,         ,Douglas,Hart,Clear,Front to Rear,no,no,no,no,yes,False
103467710,METROPOLITAN NASHVILLE POLICE DEPT,20220555574,Davidson,Nashville,11/3/2022 3:39:00 PM,2,0,0,36.162050,-86.790750,CHARLOTTE AV,,,,46.00,Feet,West,11TH AVN,,,,0.00,N,Not at Intersection, ,Non-Junction,None,,,         ,Jonas,Elias,Clear,"Sideswipe, Same Direction",no,no,no,no,yes,False
103467715,METROPOLITAN NASHVILLE POLICE DEPT,20220555455,Davidson,Nashville,11/3/2022 3:20:00 PM,2,1,0,36.076640,-86.726610,EDMONDSON PKE,,,,352.00,Feet,West,WALLACE RD,,,,0.00,N,Not at Intersection,N,Non-Junction,None,,,         ,Darci,Stechman,Clear,Angle,no,no,no,no,no,False
103467741,METROPOLITAN NASHVILLE POLICE DEPT,20220555522,Davidson,Nashville,11/3/2022 4:03:00 PM,1,1,0,36.175480,-86.646190,LEBANON PKE,,,,408.00,Feet,South,MEDICAL DR,,,,0.00,N,Not at Intersection,N,Non-Junction,None,,,         ,Zachary,Aldrich,Clear,Not Collision with Motor Vehicle in Transport,no,no,no,no,no,False
103467745,METROPOLITAN NASHVILLE POLICE DEPT,20220555675,Davidson,Nashville,11/3/2022 5:46:00 PM,2,3,0,36.056690,-86.641970,BELL RD,,,,620.00,Feet,North,THE OVERLOOK PVTDR,,,,0.00,N,Not at Intersection,N,Non-Junction,None,,,         ,Keith,Parlato,Clear,Front to Rear,no,no,no,no,no,False
103467746,METROPOLITAN NASHVILLE POLICE DEPT,20220555836,Davidson,Nashville,11/3/2022 5:46:00 PM,2,1,0,36.210100,-86.873070,ASHLAND CITY HWY WB ENT RAMP,,,,0.00,Feet,,ASHLAND CITY HWY,,,,0.00,Y,Y-Intersection,Y,Non-Junction,None,,,         ,Wallace,Seay III,Clear,Front to Rear,no,no,no,no,no,False
103467752,METROPOLITAN NASHVILLE POLICE DEPT,20220556049,Davidson,Nashville,11/3/2022 9:41:00 PM,2,0,0,36.145520,-86.666710,DONELSON PKE,,,,105.00,Feet,North,SHACKLETT DR,,,,0.00,N,Not at Intersection, ,Non-Junction,None,,,         ,Timothy,Lehnert,Clear,Angle,no,no,no,no,no,False
103467753,METROPOLITAN NASHVILLE POLICE DEPT,20220555795,Davidson,Nashville,11/3/2022 4:03:00 PM,1,0,0,36.178370,-86.644780,LEBANON PKE,,,,600.00,Feet,North,WELLINGTON SQ,,,,0.00,N,Not at Intersection, ,,None,,,         ,Tyler,Conrads,,,no,no,no,no,no,False
103467754,METROPOLITAN NASHVILLE POLICE DEPT,20220555913,Davidson,Nashville,11/3/2022 8:15:00 PM,1,0,0,36.228650,-86.747120,ELLINGTON PKWYN,,,,316.00,Feet,North,ELLINGTON PKWYS,,,,0.00,N,Not at Intersection,N,Non-Junction,None,,,         ,Trevor,Jones,Clear,Not Collision with Motor Vehicle in Transport,no,no,no,no,yes,False
103467782,METROPOLITAN NASHVILLE POLICE DEPT,20220555933,Davidson,Nashville,11/3/2022 7:58:00 PM,2,0,0,36.067230,-86.661670,UNA ANTIOCH PKE,,,,0.00,,,RICHARDS RD,,,,0.00,Y,T-Intersection, ,Non-Junction,None,,,         ,Megan,Arnett,Clear,"Sideswipe, Opposite Direction",no,no,no,no,yes,False
103467785,METROPOLITAN NASHVILLE POLICE DEPT,20220555906,Davidson,Nashville,11/3/2022 7:58:00 PM,2,0,0,36.067230,-86.661750,RICHARDS RD,,,,39.00,Feet,West,UNA ANTIOCH PIKE,,,,0.00,N,Not at Intersection, ,Non-Junction,None,,,         ,Laura,Williams,Clear,Front to Rear,no,no,no,no,no,False
103467786,METROPOLITAN NASHVILLE POLICE DEPT,20220556062,Davidson,Nashville,11/3/2022 7:50:00 PM,2,0,0,36.184400,-86.773620,HANCOCK ST,,,,30.00,Feet,East,DICKERSON PKE,,,,0.00,N,Not at Intersection, ,,None,,,         ,Peter,Kinsey,,,no,no,no,no,no,False
103467787,METROPOLITAN NASHVILLE POLICE DEPT,20220555798,Davidson,Nashville,11/3/2022 12:00:00 AM,2,0,0,36.072030,-86.769420,I 65,,,,0.00,,,,,,,77.10,N,Not at Intersection,N,Non-Junction,None,,,         ,Darci,Stechman,Clear,"Sideswipe, Same Direction",no,no,no,no,no,False
103467794,METROPOLITAN NASHVILLE POLICE DEPT,20220556105,Davidson,Nashville,11/3/2022 8:50:00 PM,2,0,0,36.136790,-86.799850,BELCOURT AV,,,,117.00,Feet,West,20TH AVS,,,,0.00,N,Not at Intersection,N,Non-Junction,None,,,         ,Cory,Bean,Clear,Angle,no,no,no,yes,yes,False
103467841,METROPOLITAN NASHVILLE POLICE DEPT,20220556051,Davidson,Nashville,11/3/2022 8:14:00 PM,2,1,0,36.246660,-86.756610,DICKERSON PKE,,,,0.00,,,SKYLINE COMMONS PVTDR,,,,0.00,Y,Y-Intersection,N,Intersection-Related,None,,,         ,Derrick,Toney,Clear,Angle,no,no,no,no,no,False
103467842,METROPOLITAN NASHVILLE POLICE DEPT,20220555615,Davidson,Nashville,11/3/2022 5:03:00 PM,2,0,0,36.238100,-86.736210,I65 N ENT RAMP,,,,0.00,Feet,East,BRILEY PKWY W EXT RAMP,,,,0.00,N,Not at Intersection, ,,None,,,         ,Angel,Vidrios,,,no,no,no,no,no,False
103467848,METROPOLITAN NASHVILLE POLICE DEPT,20220555573,Davidson,Nashville,11/4/2022 12:00:00 AM,2,0,0,36.247790,-86.720490,GALLATIN PKES,,,,86.00,Feet,South,DUE WEST AVW,,,,0.00,N,Not at Intersection, ,Non-Junction,None,,,         ,James,Kidd,Clear,"Sideswipe, Same Direction",no,no,no,no,no,False
103467854,METROPOLITAN NASHVILLE POLICE DEPT,20220556302,Davidson,Nashville,11/3/2022 11:55:00 PM,2,2,0,36.057270,-86.620740,MURFREESBORO PKE,,,,1231.00,Feet,North,MT VIEW RD,,,,0.00,N,Not at Intersection,N,Non-Junction,None,,,         ,William,Williams,Clear,"Sideswipe, Same Direction",no,no,no,no,yes,False
103467861,METROPOLITAN NASHVILLE POLICE DEPT,20220556435,Davidson,Nashville,11/4/2022 12:00:00 AM,2,1,0,36.160070,-86.691850,BRILEY PKWYN,,,,991.00,Feet,North,BRILEY PKWYS,,,,0.00,N,Not at Intersection,N,Non-Junction,None,,,         ,Brian,Cavaliere,Clear,Front to Rear,no,no,no,no,yes,False
103467862,METROPOLITAN NASHVILLE POLICE DEPT,20220556315,Davidson,Nashville,11/3/2022 7:33:00 PM,2,0,0,36.207610,-86.777790,BRICK CHURCH PKE,,,,22.00,Feet,North,I65 S EXT RAMP,,,,0.00,N,Not at Intersection, ,Entrance/Exit Ramp Related,None,,,         ,Ian,Pearce,Clear,"Sideswipe, Same Direction",no,no,no,no,no,False
103467866,METROPOLITAN NASHVILLE POLICE DEPT,20220556198,Davidson,Nashville,11/3/2022 10:55:00 PM,2,1,0,36.085980,-86.700180,I 24,,,,0.00,,,,,,,55.70,N,Not at Intersection,N,Non-Junction,Work Zone,Laneclosure,Activity Area,         ,Robert,Leverick,Clear,Front to Rear,no,no,no,no,no,False
103467896,METROPOLITAN NASHVILLE POLICE DEPT,20220556326,Davidson,Nashville,11/4/2022 12:05:00 AM,2,1,0,36.067410,-86.631250,MURFREESBORO PKE,,,,0.00,,West,FOREST VIEW DR,,,,0.00,N,Not at Intersection,Y,Non-Junction,None,,,         ,Robert,Leverick,Clear,Front to Rear,no,no,no,no,no,False
103467898,METROPOLITAN NASHVILLE POLICE DEPT,20220556526,Davidson,Nashville,11/4/2022 12:00:00 AM,2,0,0,36.142610,-86.815490,31ST AVE S,,,,0.00,,,US HWY 70S,,,,0.00,Y,Four-Way,N,Intersection,None,,,         ,Lynsey,Fish,Cloudy,"Sideswipe, Same Direction",no,no,no,no,yes,Campus
103467935,METROPOLITAN NASHVILLE POLICE DEPT,20220556622,Davidson,Nashville,11/4/2022 12:00:00 AM,1,0,0,36.144630,-86.698750,I40 E ENT RAMP,,,,0.00,Feet,East,I 40,,,,0.00,N,Not at Intersection,N,Non-Junction,None,,,         ,Jacob,Snyder,Cloudy,Not Collision with Motor Vehicle in Transport,no,no,no,no,yes,False
103467938,GOODLETTSVILLE POLICE DEPT,22-33628,Davidson,Goodlettsville,11/4/2022 3:25:00 AM,1,1,0,36.306100,-86.701540,VIETNAM VETERANS BLVDS,,,,332.00,Feet,East,VIETNAM VETERANS BLVD SB ENT R,,,,0.00,N,Not at Intersection,N,Non-Junction,None,,,         ,Sam,Buchanan,Clear,Not Collision with Motor Vehicle in Transport,no,no,no,no,no,False
103467986,METROPOLITAN NASHVILLE POLICE DEPT,20220556662,Davidson,Nashville,11/4/2022 5:30:00 AM,2,0,0,36.239020,-86.755010,I65 S EXT RAMP,,,,0.00,Feet,East,I 65,,,,0.00,N,Not at Intersection,N,Non-Junction,None,,,         ,Justan,Vance,Clear,Front to Rear,no,no,no,no,no,False
103468026,METROPOLITAN NASHVILLE POLICE DEPT,20220556652,Davidson,Nashville,11/4/2022 6:20:00 AM,3,0,0,36.177300,-86.800770,I 65,,,,0.00,,,,,,,86.00,N,Not at Intersection,N,Non-Junction,None,,,         ,Ryan,Caulfield,Clear,Front to Rear,no,no,no,no,no,False
103468032,METROPOLITAN NASHVILLE POLICE DEPT,20220556810,Davidson,Nashville,11/4/2022 8:20:00 AM,2,1,0,36.158830,-86.760460,I 24,,,,0.00,,,,,,,49.70,N,Not at Intersection,N,Non-Junction,None,,,         ,Daniel,Russett,Clear,Front to Rear,no,no,no,no,no,False
103468040,METROPOLITAN NASHVILLE POLICE DEPT,20220556726,Davidson,Nashville,11/4/2022 7:24:00 AM,2,0,0,36.039480,-86.781770,OLD HICKORY BLVD,,,,0.00,Feet,East,I65 N EXT RAMP,,,,0.00,N,Not at Intersection, ,Non-Junction,None,,,         ,Michael,Do,Clear,Front to Rear,no,no,no,no,no,False
103468046,METROPOLITAN NASHVILLE POLICE DEPT,20220556777,Davidson,Nashville,11/4/2022 7:42:00 AM,3,0,0,36.155930,-86.826830,I 40,,,,0.00,,,,,,,205.70,N,Not at Intersection,N,Non-Junction,None,,,         ,Stacia,Getz,Clear,Front to Rear,no,no,no,no,no,False
103468047,METROPOLITAN NASHVILLE POLICE DEPT,20220556807,Davidson,Nashville,11/4/2022 7:24:00 AM,2,0,0,36.188080,-86.797790,DOMINICAN DR,,,,211.00,Feet,East,ROSA L PARKS BLVD,,,,0.00,N,Not at Intersection, ,Non-Junction,None,,,         ,Ryan,Caulfield,Cloudy,Angle,no,no,no,no,no,False
103468066,METROPOLITAN NASHVILLE POLICE DEPT,20220556727,Davidson,Nashville,11/4/2022 7:22:00 AM,2,0,0,36.151820,-86.791620,MUSIC SQE,,,,8.00,Feet,South,DIVISION ST,,,,0.00,N,Not at Intersection, ,,None,,,         ,Christopher,Brown,,,no,no,no,no,no,False
103468078,GOODLETTSVILLE POLICE DEPT,22-33651,Davidson,Goodlettsville,11/4/2022 9:44:00 AM,2,0,0,36.312820,-86.701260,I 65,,,,0.00,,,,,,,96.20,N,Not at Intersection, ,Non-Junction,None,,,         ,Daniel,Knalls,Clear,"Sideswipe, Same Direction",no,no,no,no,no,False
103468081,METROPOLITAN NASHVILLE POLICE DEPT,20220556809,Davidson,Nashville,11/4/2022 12:00:00 AM,2,1,0,36.154430,-86.832440,I 40,,,,0.00,,,,,,,205.30,N,Not at Intersection,N,Non-Junction,None,,,         ,Terence,Mitchell,Clear,"Sideswipe, Same Direction",no,no,no,no,no,False
103468097,METROPOLITAN NASHVILLE POLICE DEPT,20220555612,Davidson,Nashville,11/3/2022 3:19:00 PM,2,1,0,36.064810,-86.622110,HAMILTON CHURCH RD,,,,0.00,,,OWENDALE DR,,,,0.00,Y,T-Intersection,N,Intersection,None,,,         ,Sandra,Fly,Clear,Angle,no,no,no,no,no,False
103468129,METROPOLITAN NASHVILLE POLICE DEPT,20220556679,Davidson,Nashville,11/4/2022 6:48:00 AM,3,0,0,36.146850,-86.743370,I 40,,,,0.00,,,,,,,212.05,N,Not at Intersection,N,Non-Junction,None,,,         ,Peabo,McAlmont,Clear,Front to Rear,no,no,no,no,no,False
103468164,METROPOLITAN NASHVILLE POLICE DEPT,20220557072,Davidson,Nashville,11/4/2022 11:15:00 AM,2,0,0,36.062730,-86.903760,HIGHWAY 100,,,,296.00,Feet,East,OLD HICKORY BLVD,,,,0.00,N,Not at Intersection, ,,None,,,         ,Wesley,Tilley,,,no,no,no,no,no,False
103468243,METROPOLITAN NASHVILLE POLICE DEPT,20220556888,Davidson,Nashville,11/4/2022 12:00:00 AM,2,1,0,36.106550,-86.673450,RAMP,,,,0.00,,,US HWY 41,,,,0.00,Y,Four-Way,Y,Intersection-Related,None,,,         ,Julie,Nabors,Clear,Front to Rear,no,no,no,no,no,False
103468249,METROPOLITAN NASHVILLE POLICE DEPT,20220556681,Davidson,Nashville,11/4/2022 6:49:00 AM,3,2,0,36.099480,-86.763880,I 65,,,,0.00,,,,,,,79.00,N,Not at Intersection,Y,Non-Junction,None,,,         ,Justin,Ramos,Clear,Front to Rear,no,no,no,no,no,False
103468259,METROPOLITAN NASHVILLE POLICE DEPT,20220557174,Davidson,Nashville,11/4/2022 12:35:00 PM,1,1,0,36.231220,-86.747630,ELLINGTON PKWYS,,,,203.00,Feet,North,ELLINGTON PKWYN,,,,0.00,N,Not at Intersection,N,Non-Junction,None,,,         ,Ian,Wilson,Clear,Not Collision with Motor Vehicle in Transport,no,no,no,no,no,False
103468263,METROPOLITAN NASHVILLE POLICE DEPT,20220554535,Davidson,Nashville,11/3/2022 6:00:00 AM,2,0,0,36.175090,-86.784720,3RD AVN,,,,28.00,Feet,North,JEFFERSON ST,,,,0.00,N,Not at Intersection, ,,None,,,         ,Benjamin,Ellsworth,,,no,no,no,no,no,False
103468327,TENNESSEE STATE UNIVERSITY ,22-TSU-34499,Davidson,Nashville,11/4/2022 12:00:00 AM,2,0,0,36.167800,-86.829190,JOHN A MERRITT BLVD,,,,0.00,,,,,,,0.00,,,N,Non-Junction,None,,,         ,Riley,Feest-Woodruff,Clear,Unknown,no,no,no,yes,yes,False
103468330,GOODLETTSVILLE POLICE DEPT,22-33663,Davidson,Goodlettsville,11/4/2022 12:59:00 PM,2,1,0,36.332600,-86.720290,FANNIN DR,,,,0.00,,,DORR DR,,,,0.00,Y,Four-Way,N,Intersection,None,,,         ,Daniel,Knalls,Clear,Angle,no,no,no,no,no,False
103468340,METROPOLITAN NASHVILLE POLICE DEPT,20220557180,Davidson,Nashville,11/4/2022 12:41:00 PM,2,0,0,36.213340,-86.731380,GALLATIN PKE,,,,23.00,Feet,North,MCCHESNEY AV,,,,0.00,N,Not at Intersection,N,Non-Junction,None,,,         ,Jeffery,Leiser,Clear,Angle,no,no,no,no,no,False
103468353,METROPOLITAN NASHVILLE POLICE DEPT,20220556717,Davidson,Nashville,11/4/2022 7:06:00 AM,3,2,0,36.089070,-86.649990,RANSOM PL,,,,0.00,,,MURFREESBORO PKE,,,,0.00,Y,Four-Way,N,Intersection,None,,,         ,Darrin,Hardin,Clear,Angle,no,no,no,no,yes,False
103468399,METROPOLITAN NASHVILLE POLICE DEPT,20220557257,Davidson,Goodlettsville,11/4/2022 1:31:00 PM,2,1,0,36.298070,-86.698220,GALLATIN PKEN,,,,479.00,Feet,East,RIVERGATE PKWY,,,,0.00,N,Not at Intersection,N,Non-Junction,None,,,         ,Brian,Otto,Clear,Angle,no,no,no,no,no,False
103468403,METROPOLITAN NASHVILLE POLICE DEPT,20220557188,Davidson,Nashville,11/4/2022 12:50:00 PM,3,0,0,36.166080,-86.794760,I 40,,,,0.00,,,,,,,208.65,N,Not at Intersection,N,AccelDecelLane,None,,,         ,Benjamin,Ellsworth,Clear,"Sideswipe, Same Direction",no,no,no,no,yes,False
103468411,THP District 3 - Nashville,322090766,Davidson,Nashville,10/31/2022 11:20:00 PM,2,0,0,36.044630,-86.659560,I24 E ENT RAMP,,,,0.00,,,I 24,,,,0.00,Y,T-Intersection, ,Entrance/Exit Ramp Related,None,,,         ,Christopher,Langley,Clear,Angle,no,no,no,no,yes,False
103468446,METROPOLITAN NASHVILLE POLICE DEPT,20220557311,Davidson,Nashville,11/4/2022 11:55:00 AM,2,1,0,36.078940,-86.728280,HARDING PL,,,,628.00,Feet,West,COVENTRY DR,,,,0.00,N,Not at Intersection,N,Non-Junction,None,,,         ,Michael,Do,Clear,"Sideswipe, Opposite Direction",no,no,no,no,no,False
103468466,METROPOLITAN NASHVILLE POLICE DEPT,20220552870,Davidson,Nashville,11/2/2022 8:45:00 AM,2,0,0,36.146360,-86.713210,MASSMAN DR,,,,282.00,Feet,West,METCOM CENTER PVTDR,,,,0.00,N,Not at Intersection,N,Non-Junction,None,,,         ,Frank,Walker,Cloudy,Angle,no,no,no,no,yes,False
103468479,METROPOLITAN NASHVILLE POLICE DEPT,20220555605,Davidson,Nashville,11/3/2022 4:50:00 PM,2,1,0,36.231630,-86.803990,KNIGHT DR,,,,3.00,Feet,North,EWING DR,,,,0.00,N,Not at Intersection,N,Non-Junction,None,,,         ,Alex,Mann,Clear,Angle,no,no,no,no,no,False
103468494,METROPOLITAN NASHVILLE POLICE DEPT,20220557395,Davidson,Nashville,11/4/2022 12:00:00 AM,2,0,0,36.143790,-86.857800,WHITE BRIDGE PKE,,,,184.00,Feet,North,CORBETT LN,,,,0.00,N,Not at Intersection,N,Non-Junction,None,,,         ,Blake,Langford,Clear,Front to Rear,no,no,no,no,no,False
103468496,METROPOLITAN NASHVILLE POLICE DEPT,20220556749,Davidson,Nashville,11/4/2022 7:30:00 AM,3,2,0,36.149310,-86.774530,I 40,,,,0.00,,,,,,,210.10,N,Not at Intersection,N,Non-Junction,None,,,         ,Malik,Burriss,Clear,Front to Rear,no,no,no,no,no,False
103468497,METROPOLITAN NASHVILLE POLICE DEPT,20220556963,Davidson,Nashville,11/4/2022 8:57:00 AM,2,0,0,36.153400,-86.800840,20TH AVN,,,,0.00,,,CHURCH ST,,,,0.00,Y,Four-Way, ,Non-Junction,Work Zone,,,         ,Malik,Burriss,Clear,Rear to Rear,no,no,no,yes,no,Campus
103468510,VANDERBILT UNIVERSITY POLICE,2022-0554942,Davidson,Nashville,11/3/2022 9:37:00 AM,2,0,0,36.139620,-86.800500,21ST AVS,,,,0.00,,,PIERCE AV,,,,0.00,Y,Four-Way, ,Intersection,None,,,         ,Cedric,Roach,Clear,"Sideswipe, Opposite Direction",no,no,no,no,yes,Campus
103468517,GOODLETTSVILLE POLICE DEPT,22-33685,Davidson,Goodlettsville,11/4/2022 4:04:00 PM,2,0,0,36.323830,-86.704020,I65 N EXT RAMP,,,,110.00,Feet,South,LONG HOLLOW PKE,,,,0.00,N,Not at Intersection, ,Non-Junction,None,,,         ,Daniel,Knalls,Clear,Front to Rear,no,no,no,no,no,False
103468622,METROPOLITAN NASHVILLE POLICE DEPT,20220557196,Davidson,Nashville,11/4/2022 12:44:00 PM,3,2,0,36.143570,-86.814340,WEST END AV,,,,39.00,Feet,North,30TH AVS,,,,0.00,N,Not at Intersection,Y,Unknown,None,,,         ,Christopher,Brown,Clear,Other,no,no,no,no,no,Campus
103468628,METROPOLITAN NASHVILLE POLICE DEPT,20220557425,Davidson,Not in City Limit,11/4/2022 3:42:00 PM,2,1,0,36.263130,-86.789700,I 24,,,,0.00,,,,,,,41.60,N,Not at Intersection,N,Non-Junction,None,,,         ,Mary,Zoetvelt,Clear,"Sideswipe, Same Direction",no,no,no,no,no,False
103468651,METROPOLITAN NASHVILLE POLICE DEPT,20220557393,Davidson,Nashville,11/4/2022 3:22:00 PM,2,1,0,36.191120,-86.797200,VANTAGE WAY,,,,0.00,Feet,,FRENCH LANDING DR,,,,0.00,Y,Four-Way,N,Intersection,None,,,         ,Joseph,Gonzales,Clear,Angle,no,no,no,no,no,False
103468664,METROPOLITAN NASHVILLE POLICE DEPT,20220557431,Davidson,Nashville,11/4/2022 3:40:00 PM,2,1,0,36.169830,-86.808820,I 40,,,,0.00,,,,,,,207.15,N,Not at Intersection,N,Non-Junction,None,,,         ,Tyler,Edwards,Clear,Front to Rear,no,no,no,no,no,False