master_record_number,agency,agency_tracking_number,county,city,collision_date,vehicles_involved,number_injured,number_dead,latitude,longitude,roadway_name,roadway_suffix,roadway_number,roadway_local_id,distance_from_reference,miles-feet_indicator,direction_from_reference,intersection_road_name,intersection_road_name_suffix,intersection_road_number,intersection_local_id,mile_marker,intersection_indicator,intersect_type,interchange_related_indicator,relation_to_junction,work_zone_type,construction_maintenance_zone,construction_maintenance_zone_location,fatal_case_number,officer_first_name,officer_last_name,weather_condition(s),manner_of_crash,pedestrian,bicycle,scooter,parking,hitrun,mou
103468669,METROPOLITAN NASHVILLE POLICE DEPT,20220557550,Davidson,Nashville,11/4/2022 4:13:00 PM,2,1,0,36.180450,-86.748000,ORDWAY PL,,,,0.00,,,N 12TH ST,,,,0.00,Y,Four-Way,N,Intersection,None,,,         ,Randy,Puckett,Clear,Angle,no,no,no,no,no,False
103468674,BERRY HILL POLICE DEPT,22-3237,Davidson,Berry Hill,11/4/2022 4:48:00 PM,2,2,0,36.122560,-86.775860,FRANKLIN PKE,,,,0.00,,,BILOXI AV,,,,0.00,Y,T-Intersection,N,Intersection,None,,,         ,Darren,Jenkins,Clear,Angle,no,no,no,no,no,False
103468704,THP District 3 - Nashville,322091647,Davidson,Nashville,11/3/2022 1:20:00 PM,2,0,0,36.203750,-86.776800,I 65,,,,0.00,,,,,,,87.10,N,Not at Intersection, ,Non-Junction,None,,,         ,Jason,Murray,Clear,Front to Rear,no,no,no,no,no,False
103468707,THP District 3 - Nashville,322092032,Davidson,Nashville,11/4/2022 3:24:00 PM,3,0,0,36.048120,-86.664050,I 24,,,,0.00,,,,,,,59.10,N,Not at Intersection, ,Non-Junction,None,,,         ,Jason,Murray,Clear,Front to Rear,no,no,no,no,no,False
103468711,METROPOLITAN NASHVILLE POLICE DEPT,20220557560,Davidson,Nashville,11/4/2022 1:10:00 PM,2,1,0,36.085310,-86.728580,NOLENSVILLE PKE,,,,206.00,Feet,North,PARAGON MILLS RD,,,,0.00,N,Not at Intersection,N,Non-Junction,None,,,         ,Jennifer,Liquori,Clear,Front to Rear,no,no,no,no,no,False
103468712,METROPOLITAN NASHVILLE POLICE DEPT,20220557634,Davidson,Nashville,11/4/2022 3:41:00 PM,2,0,0,36.199240,-86.740860,GALLATIN PKE,,,,71.00,Feet,North,DELMAS AV,,,,0.00,N,Not at Intersection,N,Non-Junction,None,,,         ,Randy,Puckett,Clear,Angle,no,no,no,no,yes,False
103468725,METROPOLITAN NASHVILLE POLICE DEPT,20220557559,Davidson,Nashville,11/4/2022 12:00:00 AM,2,0,0,36.076640,-86.726610,EDMONDSON PKE,,,,352.00,Feet,West,WALLACE RD,,,,0.00,N,Not at Intersection,N,Non-Junction,None,,,         ,Darci,Stechman,Clear,Angle,no,no,no,no,yes,False
103468765,METROPOLITAN NASHVILLE POLICE DEPT,20220557649,Davidson,Madison,11/4/2022 12:00:00 AM,4,1,0,36.263000,-86.680930,STATE HWY 45,,,,0.00,,,RIO VISTA DR,,,,0.00,Y,OTHER,N,Non-Junction,None,,,         ,Alexander,Hartle,Clear,Front to Rear,no,no,no,no,yes,False
103468777,METROPOLITAN NASHVILLE POLICE DEPT,20220557693,Davidson,Nashville,11/4/2022 6:54:00 PM,1,0,0,36.113330,-86.862900,HARDING PKE,,,,26.00,Feet,North,JACKSON BLVD,,,,0.00,N,Not at Intersection, ,Non-Junction,None,,,         ,Cressie,Prill,Clear,Not Collision with Motor Vehicle in Transport,no,no,no,no,no,False
103468814,METROPOLITAN NASHVILLE POLICE DEPT,20220557743,Davidson,Nashville,11/4/2022 6:47:00 PM,2,0,0,36.203550,-86.738530,GALLATIN PKE,,,,0.00,,,E TRINITY LN,,,,0.00,Y,Four-Way, ,Intersection,None,,,         ,Randy,Puckett,Clear,Front to Rear,no,no,no,no,no,False
103468826,VANDERBILT UNIVERSITY POLICE,220557584,Davidson,Nashville,11/4/2022 12:00:00 AM,1,0,0,36.142080,-86.800130,21ST AVS,,,,257.00,Feet,South,MEDICAL CENTER DR,,,,0.00,N,Not at Intersection,N,Unknown,None,,,         ,Joseph,Bishop,Clear,Unknown,no,no,no,yes,no,Campus
103468836,METROPOLITAN NASHVILLE POLICE DEPT,20220557492,Davidson,Nashville,11/4/2022 4:37:00 PM,2,1,0,36.153250,-86.794010,17TH AVS,,,,0.00,,,BROADWAY,,,,0.00,Y,Four-Way,Y,Intersection-Related,None,,,         ,Dakota,Davis,Clear,Angle,no,no,no,no,no,False
103468841,METROPOLITAN NASHVILLE POLICE DEPT,20220557713,Davidson,Nashville,11/4/2022 12:00:00 AM,2,1,0,36.135690,-86.762770,WINGROVE ST,,,,150.00,Feet,East,BYRUM AV,,,,0.00,N,Not at Intersection,N,Non-Junction,None,,,         ,Darci,Stechman,Clear,Angle,no,no,no,no,yes,False
103468851,GOODLETTSVILLE POLICE DEPT,22-33701,Davidson,Goodlettsville,11/4/2022 8:04:00 PM,2,0,0,36.306780,-86.702400,WADE CIR,,,,398.00,Feet,North,RIVERGATE DR,,,,0.00,N,Not at Intersection,N,Non-Junction,None,,,         ,William,Monaghan,Clear,Angle,no,no,no,yes,yes,False
103468867,METROPOLITAN NASHVILLE POLICE DEPT,20220557687,Davidson,Antioch,11/4/2022 6:46:00 PM,4,3,0,36.050266,-86.614533,MURFREESBORO,PIKE,,,0.00,,,PIN HOOK,RD,,,0.00,Y,Four-Way,Y,Intersection-Related,None,,,         ,John,McDonnell,Clear,Front to Rear,no,no,no,no,no,False
103468877,METROPOLITAN NASHVILLE POLICE DEPT,20220557766,Davidson,Nashville,11/4/2022 7:50:00 PM,2,0,0,36.045740,-86.674350,BELL RD,,,,0.00,,,BLUE HOLE RD,,,,0.00,Y,Four-Way,Y,Intersection,None,,,         ,John,McDonnell,Clear,Angle,no,no,no,no,yes,False
103468880,VANDERBILT UNIVERSITY POLICE,220557506,Davidson,Nashville,11/4/2022 4:40:00 PM,2,0,0,36.147960,-86.799300,21ST AVS,,,,0.00,,,BROADWAY,,,,0.00,Y,T-Intersection,N,Intersection,None,,,         ,Yasemine,Lomax,,Angle,no,no,no,no,no,Campus
103468891,METROPOLITAN NASHVILLE POLICE DEPT,20220557644,Davidson,Nashville,11/4/2022 6:11:00 PM,2,0,0,36.156870,-86.777950,6TH AVS,,,,403.00,Feet,South,DEMONBREUN ST,,,,0.00,N,Not at Intersection,N,OtherLocation,None,,,         ,Zachary,Cooper,Clear,Front to Rear,no,no,no,no,yes,False
103468892,METROPOLITAN NASHVILLE POLICE DEPT,20220557778,Davidson,Nashville,11/4/2022 6:55:00 PM,2,1,0,36.191840,-86.781500,I 65,,,,0.00,,,,,,,86.20,N,Not at Intersection,N,Non-Junction,None,,,         ,Ty,Cummings,Clear,Front to Rear,no,no,no,no,yes,False
103468902,METROPOLITAN NASHVILLE POLICE DEPT,20220557776,Davidson,Nashville,11/4/2022 8:06:00 PM,4,0,0,36.044950,-86.659750,I24 E ENT RAMP,,,,0.00,Feet,,I 24,,,,0.00,Y,Four-Way,N,Intersection,None,,,         ,John,McDonnell,Clear,"Sideswipe, Same Direction",no,no,no,no,yes,False
103468919,METROPOLITAN NASHVILLE POLICE DEPT,20220557715,Davidson,Nashville,11/4/2022 4:36:00 PM,2,0,0,36.077140,-86.641460,MURFREESBORO PKE,,,,0.00,,,LAKEVILLA DR,,,,0.00,Y,Four-Way,N,Intersection,None,,,         ,Kody,Littles,Clear,Angle,no,no,no,no,yes,False
103468920,METROPOLITAN NASHVILLE POLICE DEPT,20220557774,Davidson,Nashville,11/4/2022 7:59:00 PM,2,0,0,36.079370,-86.632570,BELL RD,,,,0.00,,,EDGE O LAKE DR,,,,0.00,Y,Four-Way,N,Intersection,None,,,         ,Kody,Littles,Clear,Angle,no,no,no,no,yes,False
103468944,METROPOLITAN NASHVILLE POLICE DEPT,20220557624,Davidson,Nashville,11/4/2022 6:03:00 PM,2,0,0,36.142640,-86.707860,I 40,,,,0.00,,,,,,,214.30,N,Not at Intersection, ,Non-Junction,None,,,         ,Joshua,Zambrano-Vera,Clear,Front to Rear,no,no,no,no,no,False
103468945,METROPOLITAN NASHVILLE POLICE DEPT,20220557755,Davidson,Nashville,11/4/2022 2:28:00 PM,2,0,0,36.148500,-86.697380,AIR LANE DR,,,,682.00,Feet,South,ELM HILL PKE,,,,0.00,N,Not at Intersection,N,Non-Junction,None,,,         ,Joshua,Zambrano-Vera,Clear,Angle,no,no,no,yes,yes,False
103468950,METROPOLITAN NASHVILLE POLICE DEPT,20220557420,Davidson,Nashville,11/4/2022 3:41:00 PM,2,0,0,36.138780,-86.762470,4TH AVS,,,,0.00,,,CARNEY ST,,,,0.00,Y,T-Intersection,N,Intersection,None,,,         ,Keith,Parlato,Clear,Angle,no,no,no,no,no,False
103468951,METROPOLITAN NASHVILLE POLICE DEPT,20220557915,Davidson,Nashville,11/4/2022 8:46:00 PM,2,0,0,36.107850,-86.720050,I24 W EXT RAMP,,,,0.00,Feet,East,I 24,,,,0.00,N,Not at Intersection,Y,Non-Junction,None,,,         ,Eric,Laury,Clear,"Sideswipe, Same Direction",no,no,no,no,yes,False
103468968,METROPOLITAN NASHVILLE POLICE DEPT,20220557668,Davidson,Nashville,11/4/2022 6:01:00 PM,2,1,0,36.165980,-86.766380,SHELBY AV,,,,167.00,Feet,West,I24 E ENT RAMP,,,,0.00,N,Not at Intersection,N,Non-Junction,None,,,         ,Zachary,Cooper,Clear,Angle,no,no,no,no,no,False
103468992,METROPOLITAN NASHVILLE POLICE DEPT,20220557471,Davidson,Nashville,11/4/2022 3:45:00 PM,2,0,0,36.196530,-86.771820,DICKERSON PKE,,,,28.00,Feet,North,LUCILE ST,,,,0.00,N,Not at Intersection,N,Non-Junction,None,,,         ,Zachary,Carter,Clear,Front to Rear,no,no,no,no,no,False
103469001,METROPOLITAN NASHVILLE POLICE DEPT,20220557961,Davidson,Nashville,11/4/2022 12:00:00 AM,1,0,0,36.067410,-86.661690,UNA ANTIOCH PKE,,,,67.00,Feet,North,RICHARDS RD,,,,0.00,N,Not at Intersection,N,Non-Junction,None,,,         ,John,Braxton,Clear,Unknown,no,no,no,no,yes,False
103469045,METROPOLITAN NASHVILLE POLICE DEPT,20220557703,Davidson,Nashville,11/4/2022 7:03:00 PM,2,0,0,36.193980,-86.743690,GALLATIN AV,,,,0.00,,,STROUSE AV,,,,0.00,Y,T-Intersection,N,Non-Junction,None,,,         ,Joseph,Gonzales,Clear,Angle,no,no,no,no,no,False
103469068,METROPOLITAN NASHVILLE POLICE DEPT,20220557652,Davidson,Nashville,11/4/2022 6:10:00 PM,2,1,0,36.193670,-86.831220,US HWY 41 ALT,,,,9.00,Feet,West,BUENA VISTA PIKE,,,,0.00,N,Not at Intersection,N,Unknown,None,,,         ,Alex,Mann,Clear,HeadOn,no,no,no,no,no,False
103469087,METROPOLITAN NASHVILLE POLICE DEPT,20220557696,Davidson,Nashville,11/4/2022 6:55:00 PM,6,1,0,36.155700,-86.777580,KOREAN VETERANS BLVD,,,,102.00,Feet,West,6TH AVS,,,,0.00,N,Not at Intersection,N,Non-Junction,None,,,         ,Jonas,Elias,Clear,Front to Rear,no,no,no,no,no,False
103469104,METROPOLITAN NASHVILLE POLICE DEPT,20220558091,Davidson,Nashville,11/4/2022 8:37:00 PM,2,0,0,36.176970,-86.876910,CENTENNIAL PL,,,,686.00,Feet,North,CENTENNIAL BLVD,,,,0.00,N,Not at Intersection, ,Unknown,None,,,         ,Jayla,Johnson,Clear,HeadOn,no,no,no,yes,yes,False
103469138,METROPOLITAN NASHVILLE POLICE DEPT,20220558196,Davidson,Nashville,11/5/2022 12:16:00 AM,2,0,0,36.071540,-86.664330,APOLLO DR,,,,0.00,,,UNA ANTIOCH PKE,,,,0.00,Y,T-Intersection,N,Intersection-Related,None,,,         ,Holly,Davis,Clear,Angle,no,no,no,no,yes,False
103469216,METROPOLITAN NASHVILLE POLICE DEPT,20220558374,Davidson,Nashville,11/5/2022 3:05:00 AM,1,1,0,36.052310,-86.714600,NOLENSVILLE PKE,,,,298.00,Feet,North,OCALA DR,,,,0.00,N,Not at Intersection,N,Non-Junction,None,,,         ,Phillip,Lovell,Clear,Not Collision with Motor Vehicle in Transport,no,no,no,no,no,False
103469221,METROPOLITAN NASHVILLE POLICE DEPT,20220558108,Davidson,Nashville,11/4/2022 12:00:00 AM,2,0,0,36.148520,-86.785220,HAWKINS ST,,,,0.00,,,12TH AVS,,,,0.00,Y,Four-Way,N,Intersection,None,,,         ,Jack,Pfeiffer,Clear,"Sideswipe, Opposite Direction",no,no,no,no,yes,False
103469224,METROPOLITAN NASHVILLE POLICE DEPT,20220558427,Davidson,Nashville,11/5/2022 12:00:00 AM,2,0,0,36.139860,-86.726400,I 40,,,,0.00,,,,,,,213.70,N,Not at Intersection,N,Non-Junction,None,,,         ,Ashley,Kappenmacher,Clear,Front to Rear,no,no,no,no,yes,False
103469226,METROPOLITAN NASHVILLE POLICE DEPT,20220558349,Davidson,Nashville,11/5/2022 2:40:00 AM,2,1,0,36.084160,-86.705890,LINBAR DR,,,,0.00,,,HARDING PL,,,,0.00,Y,Four-Way,N,Intersection-Related,None,,,         ,Holly,Davis,Clear,Angle,no,no,no,no,no,False
103469228,METROPOLITAN NASHVILLE POLICE DEPT,2022-0558375,Davidson,Nashville,11/5/2022 3:05:00 AM,2,6,0,36.202010,-86.689200,BRILEY PKWYS,,,,607.00,Feet,North,BRILEY PKWYN,,,,0.00,N,Not at Intersection,N,Non-Junction,None,,,         ,Brian,Cavaliere,Clear,Front to Rear,no,no,no,no,no,False
103469229,METROPOLITAN NASHVILLE POLICE DEPT,20220558259,Davidson,Nashville,11/5/2022 12:00:00 AM,2,1,0,36.153230,-86.793990,17TH AVE S,,,,0.00,,,US HWY 431,,,,0.00,Y,Four-Way,N,Intersection,None,,,         ,Lynsey,Fish,Cloudy,Angle,no,no,no,no,no,False
103469230,METROPOLITAN NASHVILLE POLICE DEPT,20220558310,Davidson,Nashville,11/5/2022 1:58:00 AM,2,0,0,36.153230,-86.793990,17TH AVE S,,,,0.00,,,US HWY 431,,,,0.00,Y,Four-Way,N,Intersection,None,,,         ,Lynsey,Fish,Cloudy,Angle,no,no,no,no,yes,False
103469231,METROPOLITAN NASHVILLE POLICE DEPT,20220558459,Davidson,Nashville,11/5/2022 5:06:00 AM,2,0,0,36.148810,-86.746450,I 40,,,,0.00,,,,,,,211.85,N,Not at Intersection, ,Non-Junction,None,,,         ,Timothy,Lehnert,Clear,Front to Rear,no,no,no,no,no,False
103469270,METROPOLITAN NASHVILLE POLICE DEPT,20220558475,Davidson,Nashville,11/5/2022 12:00:00 AM,2,1,0,36.150950,-86.750170,I 40,,,,0.00,,,,,,,211.60,N,Not at Intersection,N,Non-Junction,None,,,         ,Timothy,Lehnert,Cloudy,Front to Rear,no,no,no,no,no,False
103469315,METROPOLITAN NASHVILLE POLICE DEPT,20220558592,Davidson,Nashville,11/5/2022 7:53:00 AM,2,0,0,36.167550,-86.662930,LEBANON PKE,,,,120.00,Feet,East,DONELSON PKE,,,,0.00,N,Not at Intersection, ,,None,,,         ,Yaroslav,Holodkov,,,no,no,no,no,no,False
103469356,METROPOLITAN NASHVILLE POLICE DEPT,20220588688,Davidson,Nashville,11/5/2022 9:32:00 AM,2,2,0,36.118320,-86.913570,I 40,,,,0.00,,,,,,,199.90,N,Not at Intersection,N,Non-Junction,None,,,         ,Tony,Folad,"Cloudy, Rain",Front to Rear,no,no,no,no,yes,False
103469393,METROPOLITAN NASHVILLE POLICE DEPT,20220558753,Davidson,Nashville,11/5/2022 10:49:00 AM,1,1,0,36.175630,-86.766600,ELLINGTON PKWYN,,,,127.00,Feet,North,ELLINGTON PKWY N ENT RAMP,,,,0.00,N,Not at Intersection,N,Entrance/Exit Ramp Related,None,,,         ,Ian,Wilson,Rain,Not Collision with Motor Vehicle in Transport,no,no,no,no,no,False
103469394,METROPOLITAN NASHVILLE POLICE DEPT,20220558727,Davidson,Nashville,11/5/2022 10:16:00 AM,1,0,0,36.234470,-86.804460,BRILEY PKWYW,,,,281.00,Feet,West,KNIGHT DR,,,,0.00,N,Not at Intersection,N,Non-Junction,None,,,         ,Judah,Parker,"Cloudy, Rain",Not Collision with Motor Vehicle in Transport,no,no,no,no,no,False
103469416,METROPOLITAN NASHVILLE POLICE DEPT,20220558726,Davidson,Nashville,11/5/2022 10:10:00 AM,1,1,0,36.234240,-86.718860,BRILEY PKWYE,,,,418.00,Feet,East,BRILEY PKWYW,,,,0.00,N,Not at Intersection,N,Non-Junction,None,,,         ,Rico,Hunt,Rain,Not Collision with Motor Vehicle in Transport,no,no,no,no,no,False
103469429,METROPOLITAN NASHVILLE POLICE DEPT,20220558777,Davidson,Not in City Limit,11/5/2022 10:51:00 AM,2,1,0,36.010900,-86.665440,PETTUS RD,,,,3.00,Feet,North,OLD HICKORY BLVD,,,,0.00,N,Not at Intersection,N,Non-Junction,None,,,         ,Tavin,Emlund,"Cloudy, Rain",Angle,no,no,no,no,no,False
103469443,METROPOLITAN NASHVILLE POLICE DEPT,20220558728,Davidson,Nashville,11/5/2022 10:12:00 AM,2,0,0,36.113560,-86.806160,WOODMONT BLVD,,,,0.00,,,HOPKINS ST,,,,0.00,Y,Four-Way,N,Intersection,None,,,         ,Travis,Pemberton,"Cloudy, Rain",Angle,no,no,no,no,no,False
103469444,METROPOLITAN NASHVILLE POLICE DEPT,20220558750,Davidson,Nashville,11/5/2022 10:46:00 AM,1,1,0,36.126940,-86.728330,I 24,,,,0.00,,,,,,,51.50,N,Not at Intersection,N,Non-Junction,None,,,         ,John,Walden,Rain,Not Collision with Motor Vehicle in Transport,no,no,no,no,no,False
103469454,METROPOLITAN NASHVILLE POLICE DEPT,20220558711,Davidson,Nashville,11/5/2022 9:40:00 AM,1,0,0,36.133370,-86.797180,18TH AVS,,,,122.00,Feet,North,PORTLAND AV,,,,0.00,N,Not at Intersection, ,Non-Junction,None,,,         ,Cecelia,Brown,Clear,Not Collision with Motor Vehicle in Transport,no,no,no,yes,no,False
103469455,METROPOLITAN NASHVILLE POLICE DEPT,20220558804,Davidson,Nashville,11/5/2022 11:55:00 AM,1,0,0,36.221240,-86.761840,DICKERSON PKE,,,,0.00,,,PINE RIDGE DR,,,,0.00,Y,T-Intersection,N,Non-Junction,None,,,         ,Miranda,Vaughn,Rain,Not Collision with Motor Vehicle in Transport,no,no,no,no,no,False
103469460,METROPOLITAN NASHVILLE POLICE DEPT,20220558783,Davidson,Nashville,11/5/2022 11:35:00 AM,2,2,0,36.100920,-86.730610,ANTIOCH PKE,,,,0.00,,,SOUTHLAKE DR,,,,0.00,Y,T-Intersection,N,Intersection-Related,None,,,         ,Charles,Agius,"Cloudy, Rain",HeadOn,no,no,no,no,no,False
103469473,METROPOLITAN NASHVILLE POLICE DEPT,20220558765,Davidson,Nashville,11/5/2022 11:08:00 AM,3,2,0,36.204760,-86.752100,E TRINITY LN,,,,145.00,Feet,East,OAKWOOD AV,,,,0.00,N,Not at Intersection,N,Non-Junction,None,,,         ,Theodore,Kenney,Rain,Front to Rear,no,no,no,no,no,False
103469478,METROPOLITAN NASHVILLE POLICE DEPT,20220558762,Davidson,Nashville,11/5/2022 11:00:00 AM,2,4,0,36.200180,-86.769890,GATEWOOD AV,,,,0.00,,,DICKERSON PKE,,,,0.00,Y,T-Intersection,N,Intersection-Related,None,,,         ,Ian,Wilson,Rain,Front to Rear,no,no,no,no,no,False
103469555,GOODLETTSVILLE POLICE DEPT,22-33745,Davidson,Goodlettsville,11/5/2022 9:17:00 AM,2,1,0,36.297380,-86.714240,I 65,,,,0.00,,,,,,,94.90,N,Not at Intersection,N,Non-Junction,None,,,         ,Rico,Jones,"Cloudy, Rain","Sideswipe, Same Direction",no,no,no,no,no,False
103469605,METROPOLITAN NASHVILLE POLICE DEPT,20220558851,Davidson,Nashville,11/5/2022 11:38:00 AM,2,0,0,36.235800,-86.758230,DICKERSON PKE,,,,255.00,Feet,North,HOMESTEAD RD,,,,0.00,N,Not at Intersection,N,Non-Junction,None,,,         ,Ian,Wilson,Clear,Angle,no,no,no,yes,yes,False
103469617,METROPOLITAN NASHVILLE POLICE DEPT,20220558791,Davidson,Nashville,11/5/2022 11:42:00 AM,4,1,0,36.141820,-86.675570,I 40,,,,0.00,,,,,,,216.05,N,Not at Intersection,N,Non-Junction,None,,,         ,Yaroslav,Holodkov,Rain,Front to Rear,no,no,no,no,no,False
103469627,METROPOLITAN NASHVILLE POLICE DEPT,20220558869,Davidson,Nashville,11/5/2022 12:00:00 PM,2,0,0,36.176190,-86.787060,4TH AVN,,,,158.00,Feet,North,MADISON ST,,,,0.00,N,Not at Intersection,N,Non-Junction,None,,,         ,Ryan,Caulfield,"Cloudy, Rain","Sideswipe, Same Direction",no,no,no,no,yes,False
103469637,METROPOLITAN NASHVILLE POLICE DEPT,20220558841,Davidson,Nashville,11/5/2022 12:43:00 PM,2,0,0,36.071950,-86.723930,NOLENSVILLE PKE,,,,0.00,,,HIGGINS ST,,,,0.00,Y,T-Intersection,N,Intersection,None,,,         ,Darrin,Hardin,"Cloudy, Rain",Angle,no,no,no,no,no,False
103469644,METROPOLITAN NASHVILLE POLICE DEPT,2022-0558820,Davidson,Nashville,11/5/2022 12:14:00 PM,2,1,0,36.148790,-86.779410,I40 W ENT RAMP,,,,0.00,Feet,East,I 40,,,,0.00,N,Not at Intersection,N,Entrance/Exit Ramp Related,None,,,         ,Johan,Kinberg,Rain,Not Collision with Motor Vehicle in Transport,no,no,no,no,no,False
103469645,VANDERBILT UNIVERSITY POLICE,20220558917,Davidson,Nashville,11/5/2022 12:00:00 AM,2,0,0,36.141030,-86.807560,25TH AVS,,,,0.00,,,,,,,0.00,,, ,Non-Junction,None,,,         ,Adam,Dorris,Clear,Unknown,no,no,no,yes,yes,Campus
103469652,METROPOLITAN NASHVILLE POLICE DEPT,20220558898,Davidson,Nashville,11/5/2022 1:34:00 PM,2,0,0,36.117430,-86.699220,MURFREESBORO PKE,,,,0.00,,,BRILEY PKWY N ENT RAMP,,,,0.00,Y,Y-Intersection,N,Entrance/Exit Ramp Related,None,,,         ,Charles,Agius,"Cloudy, Rain",Angle,no,no,no,no,no,False
103469671,METROPOLITAN NASHVILLE POLICE DEPT,20220558926,Davidson,Not in City Limit,11/5/2022 2:00:00 PM,2,1,0,36.017470,-87.030940,HIGHWAY 96,,,,0.00,,,HIGHWAY 100,,,,0.00,Y,T-Intersection,N,Intersection,None,,,         ,Jackson,Smythe,Cloudy,Front to Rear,no,no,no,no,no,False
103469673,METROPOLITAN NASHVILLE POLICE DEPT,20220558928,Davidson,Nashville,11/5/2022 2:02:00 PM,1,0,0,36.176030,-86.766440,SPRING ST,,,,3.00,Feet,West,ELLINGTON PKWYS,,,,0.00,N,Not at Intersection,N,Non-Junction,None,,,         ,Miranda,Vaughn,Cloudy,Not Collision with Motor Vehicle in Transport,no,no,no,no,yes,False
103469675,METROPOLITAN NASHVILLE POLICE DEPT,20220558779,Davidson,Nashville,11/5/2022 11:15:00 AM,2,0,0,36.054880,-86.619120,MURFREESBORO PIKE,PIKE,,,500.00,Feet,South,MT VIEW,RD,SR,,0.00,N,Not at Intersection, ,Non-Junction,None,,,         ,Dennis,Diesel,"Cloudy, Rain","Sideswipe, Same Direction",no,no,no,no,no,False
103469682,METROPOLITAN NASHVILLE POLICE DEPT,20220557370,Davidson,Nashville,11/4/2022 2:26:00 PM,1,2,0,36.194130,-86.840840,HYDES FERRY RD,,,,0.00,Feet,East,E STEWARTS LN,,,,0.00,N,Not at Intersection,N,Non-Junction,None,,,         ,Austin,Bowles,Clear,Not Collision with Motor Vehicle in Transport,no,no,no,no,no,False
103469684,METROPOLITAN NASHVILLE POLICE DEPT,20220558942,Davidson,Nashville,11/5/2022 12:21:00 PM,2,1,0,36.046950,-86.861320,OLD HICKORY BLVD,,,,437.00,Feet,East,HILLSBORO PKE,,,,0.00,N,Not at Intersection,N,Non-Junction,None,,,         ,Travis,Pemberton,Cloudy,Angle,no,no,no,no,no,False
103469685,METROPOLITAN NASHVILLE POLICE DEPT,20220558847,Davidson,Nashville,11/5/2022 12:45:00 PM,2,0,0,36.086590,-86.771960,FRANKLIN PKE,,,,3.00,Feet,North,HARDING PL,,,,0.00,N,Not at Intersection,N,Non-Junction,None,,,         ,Michael,Do,"Cloudy, Rain",HeadOn,no,no,no,no,no,False
103469690,BRENTWOOD POLICE DEPT,BPD-22-02529,Davidson,Nashville,11/5/2022 2:03:00 PM,2,1,0,36.013830,-86.738310,EDMONDSON PKE,,,,926.00,Feet,East,HOLT RD,,,,0.00,N,Not at Intersection,N,Non-Junction,None,,,         ,Benjamin,Townsend,"Cloudy, Rain",HeadOn,no,no,no,no,no,False
103469705,METROPOLITAN NASHVILLE POLICE DEPT,20220558882,Davidson,Nashville,11/5/2022 9:00:00 AM,2,0,0,36.047000,-86.656660,BELL RD,,,,293.00,Feet,West,HICKORY HOLLOW PKWY,,,,0.00,N,Not at Intersection,N,Non-Junction,None,,,         ,Zera,Ntahonirukiye,Clear,Front to Rear,no,no,no,no,yes,False
103469706,METROPOLITAN NASHVILLE POLICE DEPT,20220558921,Davidson,Nashville,11/5/2022 2:00:00 PM,2,2,0,36.112230,-86.723080,I 24,,,,0.00,,,,,,,53.50,N,Not at Intersection,N,Non-Junction,None,,,         ,John,Walden,Cloudy,Other,no,no,no,no,no,False
103469734,METROPOLITAN NASHVILLE POLICE DEPT,20220558826,Davidson,Nashville,11/5/2022 12:25:00 PM,1,1,0,36.140690,-86.833060,MURPHY RD,,,,1.00,Feet,East,40TH AVN,,,,0.00,N,Not at Intersection,N,Non-Junction,None,,,         ,Jonathan,Phipps,Rain,Not Collision with Motor Vehicle in Transport,no,no,no,no,no,False
103469735,METROPOLITAN NASHVILLE POLICE DEPT,20220559056,Davidson,Nashville,11/5/2022 1:40:00 PM,2,0,0,36.177130,-86.772680,I 24,,,,0.00,,,,,,,47.90,N,Not at Intersection,N,Non-Junction,None,,,         ,Douglas,Hart,Cloudy,Front to Rear,no,no,no,no,yes,False
103469736,METROPOLITAN NASHVILLE POLICE DEPT,20220558985,Davidson,Nashville,11/5/2022 3:05:00 PM,1,1,0,36.188600,-86.628750,LEBANON PKE,,,,216.00,Feet,East,HICKORY HILL LN,,,,0.00,N,Not at Intersection,N,Non-Junction,None,,,         ,Zachary,Aldrich,Cloudy,Not Collision with Motor Vehicle in Transport,yes,no,no,no,no,False
103469744,METROPOLITAN NASHVILLE POLICE DEPT,20220558955,Davidson,Nashville,11/5/2022 2:06:00 PM,2,0,0,36.161870,-86.779340,COMMERCE ST,,,,0.00,,,5TH AVN,,,,0.00,Y,Four-Way,Y,Intersection,None,,,         ,Eric,Ziegler,Cloudy,"Sideswipe, Same Direction",no,no,no,no,no,False
103469745,METROPOLITAN NASHVILLE POLICE DEPT,20220559013,Davidson,Nashville,11/5/2022 2:00:00 PM,2,2,0,36.134570,-86.825280,BOWLING AV,,,,0.00,,,WEST END AV,,,,0.00,Y,Four-Way,N,Intersection,None,,,         ,Heather,Fox,Clear,Front to Rear,no,no,no,no,yes,False
103469751,METROPOLITAN NASHVILLE POLICE DEPT,20220559030,Davidson,Nashville,11/5/2022 1:29:00 PM,2,2,0,36.197190,-86.687680,BRILEY PKWY N EXT RAMP,,,,0.00,,,BRILEY PKWY N ENT RAMP,,,,0.00,Y,OTHER,Y,Entrance/Exit Ramp Related,None,,,         ,Stephen,Sciolinos,Rain,Front to Rear,no,no,no,no,no,False
103469772,METROPOLITAN NASHVILLE POLICE DEPT,20220559015,Davidson,Nashville,11/5/2022 12:42:00 PM,2,0,0,36.025040,-86.742420,EDMONDSON PKE,,,,273.00,Feet,North,MT PISGAH RD,,,,0.00,N,Not at Intersection,N,Non-Junction,None,,,         ,Nicholas,Hoffmann,Rain,Not Collision with Motor Vehicle in Transport,no,no,no,no,no,False