master_record_number,agency,agency_tracking_number,county,city,collision_date,vehicles_involved,number_injured,number_dead,latitude,longitude,roadway_name,roadway_suffix,roadway_number,roadway_local_id,distance_from_reference,miles-feet_indicator,direction_from_reference,intersection_road_name,intersection_road_name_suffix,intersection_road_number,intersection_local_id,mile_marker,intersection_indicator,intersect_type,interchange_related_indicator,relation_to_junction,work_zone_type,construction_maintenance_zone,construction_maintenance_zone_location,fatal_case_number,officer_first_name,officer_last_name,weather_condition(s),manner_of_crash,pedestrian,bicycle,scooter,parking,hitrun,mou
103471905,METROPOLITAN NASHVILLE POLICE DEPT,20220562756,Davidson,Nashville,11/7/2022 6:24:00 PM,2,0,0,36.164770,-86.826250,ALAMEDA ST,,,,43.00,Feet,East,33RD AVN,,,,0.00,N,Not at Intersection,N,Non-Junction,None,,,         ,Alma,Villa,Cloudy,Angle,no,no,no,no,no,False
103471907,METROPOLITAN NASHVILLE POLICE DEPT,20220562952,Davidson,Nashville,11/7/2022 8:38:00 PM,3,2,0,36.045890,-86.675060,BELL RD,,,,217.00,Feet,West,BLUE HOLE RD,,,,0.00,N,Not at Intersection,N,Non-Junction,None,,,         ,Corey,Schulz,Clear,Angle,no,no,no,no,no,False
103471908,METROPOLITAN NASHVILLE POLICE DEPT,20220562978,Davidson,Nashville,11/7/2022 8:58:00 PM,1,1,0,36.125090,-86.729100,I24 E ENT RAMP,,,,0.00,,,I 24,,,,0.00,Y,OTHER,Y,Entrance/Exit Ramp Related,None,,,         ,George,Poulos,Cloudy,Not Collision with Motor Vehicle in Transport,no,no,no,no,no,False
103471915,METROPOLITAN NASHVILLE POLICE DEPT,20220562857,Davidson,Nashville,11/7/2022 7:15:00 PM,1,0,0,36.063130,-86.609800,HAMILTON CHURCH,RD,,,300.00,Feet,East,MT VIEW,RD,,,0.00,N,Not at Intersection,N,Non-Junction,None,,,         ,Corey,Schulz,Clear,Not Collision with Motor Vehicle in Transport,no,no,no,no,no,False
103471918,METROPOLITAN NASHVILLE POLICE DEPT,20220562772,Davidson,Nashville,11/7/2022 12:00:00 AM,1,1,0,36.228580,-86.759420,DICKERSON PKE,,,,292.00,Feet,South,BROADMOOR DR,,,,0.00,N,Not at Intersection,N,Non-Junction,None,,,         ,McKenzie,Harper,Clear,Not Collision with Motor Vehicle in Transport,yes,no,no,no,no,False
103471919,METROPOLITAN NASHVILLE POLICE DEPT,20220562879,Davidson,Nashville,11/7/2022 12:00:00 AM,4,0,0,36.175520,-86.742590,HOLLY ST,,,,139.00,Feet,West,S 16TH ST,,,,0.00,N,Not at Intersection,N,Non-Junction,None,,,         ,McKenzie,Harper,Clear,Other,no,no,no,no,no,False
103471921,METROPOLITAN NASHVILLE POLICE DEPT,20220563474,Davidson,Nashville,11/8/2022 1:13:00 AM,1,0,0,36.200860,-86.688750,BRILEY PKWYN,,,,170.00,Feet,North,BRILEY PKWY N ENT RAMP,,,,0.00,N,Not at Intersection,N,Non-Junction,None,,,         ,Connor,Hosey,Clear,Not Collision with Motor Vehicle in Transport,no,no,no,no,no,False
103471933,METROPOLITAN NASHVILLE POLICE DEPT,20220563412,Davidson,Nashville,11/7/2022 9:07:00 PM,2,0,0,36.205200,-86.771200,LUCAS LN,,,,322.00,Feet,South,W TRINITY LN,,,,0.00,N,Not at Intersection, ,Non-Junction,None,,,         ,Christopher,Bene,Clear,Front to Rear,no,no,no,yes,yes,False
103471939,METROPOLITAN NASHVILLE POLICE DEPT,20220563555,Davidson,Nashville,11/8/2022 2:19:00 AM,1,1,0,36.114340,-86.710790,CURREY RD,,,,42.00,Feet,West,GLENGARRY DR,,,,0.00,N,Not at Intersection,N,Non-Junction,None,,,         ,Sullivan,Souksanh,Clear,Not Collision with Motor Vehicle in Transport,no,no,no,no,no,False
103471941,METROPOLITAN NASHVILLE POLICE DEPT,20220563583,Davidson,Not in City Limit,11/8/2022 2:05:00 AM,1,0,0,36.308780,-86.822780,I 24,,,,0.00,,,,,,,37.85,N,Not at Intersection, ,Non-Junction,None,,,         ,Matthew,Jorgensen,Clear,Not Collision with Motor Vehicle in Transport,no,no,no,no,no,False
103471958,METROPOLITAN NASHVILLE POLICE DEPT,20220563632,Davidson,Nashville,11/8/2022 4:05:00 AM,1,1,0,36.230950,-86.828630,BRILEY PKWYW,,,,414.00,Feet,East,BRILEY PKWYE,,,,0.00,N,Not at Intersection,N,Non-Junction,None,,,         ,Matthew,Jorgensen,Clear,Not Collision with Motor Vehicle in Transport,no,no,no,no,no,False
103471971,METROPOLITAN NASHVILLE POLICE DEPT,20220563688,Davidson,Nashville,11/8/2022 5:16:00 AM,1,0,0,36.186480,-86.632320,LEBANON PKE,,,,23.00,Feet,East,STONES RIVER RD,,,,0.00,N,Not at Intersection, ,,None,,,         ,Nelson,Hemingway,,,no,no,no,no,no,False
103472007,METROPOLITAN NASHVILLE POLICE DEPT,20220563723,Davidson,Nashville,11/8/2022 6:05:00 AM,2,1,0,36.247640,-86.743130,I 65,,,,0.00,,,,,,,91.00,N,Not at Intersection,N,Non-Junction,None,,,         ,Ronald,Bright,Cloudy,"Sideswipe, Same Direction",no,no,no,no,yes,False
103472040,THP District 3 - Nashville,322093036,Davidson,Not in City Limit,11/7/2022 10:34:00 PM,2,2,0,36.106560,-86.719230,I 24,,,,0.00,,,,,,,54.00,N,Not at Intersection,N,Non-Junction,Construction Zone,Intermittent Moving Work,Advanced Warning Area,         ,Michael,Parker,Cloudy,Front to Rear,no,no,no,no,no,False
103472087,METROPOLITAN NASHVILLE POLICE DEPT,20220563926,Davidson,Nashville,11/8/2022 8:02:00 AM,2,0,0,36.042850,-86.654500,I 24,,,,0.00,,,,,,,59.70,N,Not at Intersection, ,Non-Junction,None,,,         ,Zachary,Wilbanks,Clear,Front to Rear,no,no,no,no,yes,False
103472097,METROPOLITAN NASHVILLE POLICE DEPT,20220563878,Davidson,Nashville,11/8/2022 7:53:00 AM,2,1,0,36.151500,-86.751510,I 40,,,,0.00,,,,,,,211.50,N,Not at Intersection,N,Non-Junction,None,,,         ,Brian,Ritz,Cloudy,Front to Rear,no,no,no,no,no,False
103472099,METROPOLITAN NASHVILLE POLICE DEPT,20220564049,Davidson,Nashville,11/8/2022 9:00:00 AM,2,0,0,36.173530,-86.578490,CENTRAL PKE,,,,1013.00,Feet,East,N NEW HOPE RD,,,,0.00,N,Not at Intersection,N,Non-Junction,None,,,         ,Zachariah,Souza,Cloudy,Angle,no,no,no,no,yes,False
103472101,METROPOLITAN NASHVILLE POLICE DEPT,20220564023,Davidson,Nashville,11/8/2022 7:50:00 AM,2,0,0,36.183280,-86.798950,I 65,,,,0.00,,,,,,,85.05,N,Not at Intersection, ,Non-Junction,None,,,         ,Christopher,Trejo,Cloudy,Angle,no,no,no,no,no,False
103472123,VANDERBILT UNIVERSITY POLICE,20220562283,Davidson,Nashville,11/7/2022 12:45:00 PM,1,0,0,36.145710,-86.798440,SCARRITT PL,,,,0.00,,,,,,,0.00,,,N,Non-Junction,None,,,         ,Christopher,Dion,,Not Collision with Motor Vehicle in Transport,no,no,no,yes,yes,Campus
103472146,METROPOLITAN NASHVILLE POLICE DEPT,20220561623,Davidson,Nashville,11/7/2022 7:03:00 AM,2,0,0,36.189520,-86.837690,COUNTY HOSPITAL RD,,,,2.00,Feet,South,HYDES FERRY RD,,,,0.00,N,Not at Intersection,N,Non-Junction,None,,,         ,Judah,Parker,Clear,Angle,no,no,no,no,no,False
103472204,METROPOLITAN NASHVILLE POLICE DEPT,20220564192,Davidson,Nashville,11/8/2022 10:29:00 AM,1,0,0,36.079590,-86.714490,HUMBER DR,,,,25.00,Feet,North,WALLACE RD,,,,0.00,N,Not at Intersection,N,Non-Junction,None,,,         ,Tyler,Heckaman,Cloudy,Not Collision with Motor Vehicle in Transport,no,no,no,no,no,False
103472214,VANDERBILT UNIVERSITY POLICE,20220564058,Davidson,Nashville,11/8/2022 9:15:00 AM,2,0,0,36.141900,-86.800980,MEDICAL CENTER DR,,,,0.00,,,,,,,0.00,,, ,Non-Junction,None,,,         ,Wintrust,Paul,Clear,Angle,no,no,no,yes,no,Campus
103472225,VANDERBILT UNIVERSITY POLICE,20220563898,Davidson,Nashville,11/8/2022 7:19:00 AM,1,0,0,36.107920,-86.765520,POWELL AV,,,,933.00,Feet,North,POWELL PL,,,,0.00,N,Not at Intersection, ,OtherLocation,None,,,         ,Anthony,Jones,Clear,Not Collision with Motor Vehicle in Transport,no,no,no,yes,no,False
103472227,METROPOLITAN NASHVILLE POLICE DEPT,20220564328,Davidson,Nashville,11/8/2022 12:05:00 PM,2,3,0,36.177530,-86.607110,FRIST BLVD,,,,641.00,Feet,West,I40 W ENT RAMP,,,,0.00,N,Not at Intersection,N,Non-Junction,None,,,         ,Ian,Hammond,Clear,Angle,no,no,no,no,no,False
103472229,GOODLETTSVILLE POLICE DEPT,22-34035,Davidson,Goodlettsville,11/8/2022 9:30:00 AM,2,1,0,36.305660,-86.703030,MEADOW LARK LN,,,,0.00,Feet,,RIVERGATE DR,,,,0.00,Y,Four-Way,Y,Intersection-Related,None,,,         ,Rebecca,Moore,Cloudy,Front to Rear,no,no,no,no,no,False
103472236,METROPOLITAN NASHVILLE POLICE DEPT,20220561948,Davidson,Nashville,11/7/2022 8:32:00 AM,2,0,0,36.157390,-86.626830,I 40,,,,0.00,,,,,,,219.15,N,Not at Intersection,N,Non-Junction,None,,,         ,Christopher,Augustin,Cloudy,"Sideswipe, Same Direction",no,no,no,no,yes,False
103472245,METROPOLITAN NASHVILLE POLICE DEPT,20220564385,Davidson,Not in City Limit,11/8/2022 12:30:00 PM,2,0,0,36.308610,-86.681540,GALLATIN PKEN,,,,0.00,,,RIVERCHASE BLVD,,,,0.00,Y,Four-Way,N,Intersection,None,,,         ,Christopher,Littles,Cloudy,Angle,no,no,no,no,no,False
103472269,METROPOLITAN NASHVILLE POLICE DEPT,20220564200,Davidson,Nashville,11/8/2022 10:32:00 AM,2,1,0,36.156240,-86.802940,MURPHY AV,,,,0.00,Feet,West,20TH AVN,,,,0.00,N,Not at Intersection,N,Non-Junction,None,,,         ,Paxton,Montgomery,Cloudy,"Sideswipe, Same Direction",no,no,no,no,no,False
103472282,VANDERBILT UNIVERSITY POLICE,20220557178,Davidson,Nashville,11/4/2022 12:30:00 PM,2,0,0,36.138670,-86.810870,BLAKEMORE AV,,,,0.00,,,NATCHEZ TRC,,,,0.00,Y,Four-Way, ,Intersection,None,,,         ,Michael,Knupp,Clear,Angle,no,no,no,no,no,Campus
103472331,METROPOLITAN NASHVILLE POLICE DEPT,20220564477,Davidson,Nashville,11/8/2022 1:29:00 PM,2,2,0,36.131630,-86.857430,WHITE BRIDGE PKE,,,,0.00,Feet,West,WHITE BRIDGE RD PVTDR,,,,0.00,N,Not at Intersection,N,Non-Junction,None,,,         ,Douglas,Atwood,Clear,Angle,no,no,no,no,no,False
103472332,METROPOLITAN NASHVILLE POLICE DEPT,20220564303,Davidson,Nashville,11/8/2022 11:30:00 AM,2,0,0,36.179700,-86.786440,TAYLOR ST,,,,22.00,Feet,West,2ND AVN,,,,0.00,N,Not at Intersection, ,Non-Junction,None,,,         ,Benjamin,Ellsworth,Clear,Angle,no,no,no,no,no,False
103472368,METROPOLITAN NASHVILLE POLICE DEPT,20220564538,Davidson,Nashville,11/8/2022 2:05:00 PM,1,0,0,36.171430,-86.769040,JAMES ROBERTSON PKWY,,,,0.00,Feet,East,INTERSTATE DR,,,,0.00,N,Not at Intersection,N,Non-Junction,None,,,         ,Cory,Fetner,Clear,Not Collision with Motor Vehicle in Transport,no,no,no,no,no,False
103472377,GOODLETTSVILLE POLICE DEPT,22-34042,Davidson,Goodlettsville,11/8/2022 11:45:00 AM,1,0,0,36.324650,-86.705990,I65 N ENT RAMP,,,,0.00,Feet,East,I 65,,,,0.00,N,Not at Intersection,N,Entrance/Exit Ramp Related,None,,,         ,Donald,Brinton,Cloudy,Not Collision with Motor Vehicle in Transport,no,no,no,no,no,False
103472387,METROPOLITAN NASHVILLE POLICE DEPT,20220564556,Davidson,Nashville,11/8/2022 2:05:00 PM,2,1,0,36.137080,-86.726760,I 24,,,,0.00,,,,,,,52.20,N,Not at Intersection,Y,Entrance/Exit Ramp Related,None,,,         ,Mitchell,Tolzmann,Clear,Front to Rear,no,no,no,no,no,False
103472391,METROPOLITAN NASHVILLE POLICE DEPT,20220564559,Davidson,Nashville,11/8/2022 2:12:00 PM,1,1,0,36.072570,-86.636850,MURFREESBORO PKE,,,,321.00,Feet,North,BELL RD,,,,0.00,N,Not at Intersection,N,Non-Junction,None,,,         ,Joe,Hooper,Clear,Not Collision with Motor Vehicle in Transport,yes,no,no,no,no,False
103472406,METROPOLITAN NASHVILLE POLICE DEPT,20220560068,Davidson,Nashville,11/6/2022 12:00:00 AM,1,0,1,36.247760,-86.717040,DUE WEST AVE,,,,404.00,Feet,West,ARGLE AV,,,,0.00,N,Not at Intersection,N,Non-Junction,None,,,         ,Cressie,Prill,Clear,Not Collision with Motor Vehicle in Transport,yes,no,no,no,yes,False
103472453,METROPOLITAN NASHVILLE POLICE DEPT,20220564553,Davidson,Nashville,11/8/2022 2:05:00 PM,3,0,0,36.066240,-86.630000,MURFREESBORO PKE,,,,240.00,Feet,North,HAMILTON CROSSINGS,,,,0.00,N,Not at Intersection,N,Non-Junction,None,,,         ,Matthew,Mrowiec,Clear,Front to Rear,no,no,no,no,no,False
103472466,METROPOLITAN NASHVILLE POLICE DEPT,20220564707,Davidson,Nashville,11/8/2022 3:32:00 PM,2,0,0,36.195740,-86.732650,SCOTT AV,,,,0.00,,,CAHAL AV,,,,0.00,Y,Four-Way, ,Intersection,None,,,         ,Joseph,Gonzales,Clear,"Sideswipe, Same Direction",no,no,no,no,no,False
103472467,VANDERBILT UNIVERSITY POLICE,2022-0564603,Davidson,Nashville,11/8/2022 12:00:00 AM,2,0,0,36.112900,-86.759830,THOMPSON LN,,,,0.00,,,,,,,0.00,,, ,Non-Junction,None,,,         ,Lydell,Reedy,Cloudy,Unknown,no,no,no,yes,yes,False
103472468,METROPOLITAN NASHVILLE POLICE DEPT,20220564631,Davidson,Nashville,11/8/2022 2:55:00 PM,2,1,0,36.165860,-86.781910,CHARLOTTE AV,,,,0.00,,,5TH AVN,,,,0.00,Y,Four-Way,N,Intersection,None,,,         ,Frederick,Nelson,Clear,Angle,no,no,no,no,no,False
103472492,METROPOLITAN NASHVILLE POLICE DEPT,20220564332,Davidson,Nashville,11/8/2022 12:05:00 PM,2,2,0,36.157590,-86.801430,19TH AVN,,,,0.00,,,CHARLOTTE AV,,,,0.00,Y,Four-Way,N,Intersection,None,,,         ,Christopher,Trejo,Cloudy,Angle,no,no,no,no,no,False
103472497,METROPOLITAN NASHVILLE POLICE DEPT,20220564635,Davidson,Nashville,11/8/2022 3:04:00 PM,2,1,0,36.218870,-86.826420,TUCKER RD,,,,211.00,Feet,North,HUMMINGBIRD DR,,,,0.00,N,Not at Intersection,N,Non-Junction,None,,,         ,Judah,Parker,Clear,Front to Rear,no,no,no,no,no,False
103472498,VANDERBILT UNIVERSITY POLICE,220564686,Davidson,Nashville,11/8/2022 12:00:00 AM,2,0,0,36.141700,-86.796460,18TH AVS,,,,0.00,,,,,,,0.00,,,N,Non-Junction,None,,,         ,Michael,Wyers,,Unknown,no,no,no,yes,yes,Campus
103472511,METROPOLITAN NASHVILLE POLICE DEPT,20220564777,Davidson,Nashville,11/8/2022 4:14:00 PM,2,1,0,36.154910,-86.779750,8TH AVS,,,,0.00,Feet,East,KOREAN VETERANS BLVD,,,,0.00,N,Not at Intersection,N,Non-Junction,None,,,         ,Matthew,Hogan,Clear,"Sideswipe, Same Direction",no,no,no,no,no,False
103472512,METROPOLITAN NASHVILLE POLICE DEPT,20220564609,Davidson,Nashville,11/8/2022 2:20:00 PM,3,2,0,36.199740,-86.592040,TULIP GROVE RD,,,,0.00,Feet,,CHANDLER RD,,,,0.00,Y,Four-Way,N,Intersection-Related,None,,,         ,Frederick,Ware,Clear,Other,no,no,no,no,yes,False
103472528,METROPOLITAN NASHVILLE POLICE DEPT,20220564728,Davidson,Nashville,11/8/2022 3:48:00 PM,2,0,0,36.188020,-86.597740,OLD LEBANON DIRT RD,,,,166.00,Feet,West,ANDCHEL DR,,,,0.00,N,Not at Intersection,N,Non-Junction,None,,,         ,Cheri,Cox,Clear,Angle,no,no,no,no,no,False
103472566,METROPOLITAN NASHVILLE POLICE DEPT,20220564863,Davidson,Nashville,11/8/2022 5:18:00 PM,2,0,0,36.123000,-86.843800,KENNER AV,,,,482.00,Feet,North,WOODMONT BLVD,,,,0.00,N,Not at Intersection, ,Non-Junction,None,,,         ,Jared,Dick,Clear,"Sideswipe, Same Direction",no,no,no,no,no,False
103472569,METROPOLITAN NASHVILLE POLICE DEPT,20220564854,Davidson,Nashville,11/8/2022 12:00:00 AM,2,0,0,36.090330,-86.626500,SMITH SPRINGS RD,,,,0.00,,,BELL RD,,,,0.00,Y,Four-Way,N,Intersection,None,,,         ,Keenan,McCann,Clear,Angle,no,no,no,no,no,False
103472581,METROPOLITAN NASHVILLE POLICE DEPT,20220564800,Davidson,Nashville,11/8/2022 4:37:00 PM,2,1,0,36.078430,-86.645650,EDGE O LAKE DR,,,,212.00,Feet,South,MARTWAY DR,,,,0.00,N,Not at Intersection,N,Non-Junction,None,,,         ,Megan,Arnett,Clear,Angle,no,no,no,no,no,False
103472584,METROPOLITAN NASHVILLE POLICE DEPT,20220564935,Davidson,Not in City Limit,11/8/2022 5:57:00 PM,2,0,0,36.263140,-86.712760,OLD HICKORY BLVDW,,,,48.00,Feet,West,OLD TIME VILLAGE PVTDR,,,,0.00,N,Not at Intersection,N,Non-Junction,None,,,         ,Brandon,Lopez,Clear,Angle,no,no,no,no,yes,False
103472598,METROPOLITAN NASHVILLE POLICE DEPT,20220564827,Davidson,Nashville,11/8/2022 4:52:00 PM,2,0,0,36.149330,-86.773440,I 40,,,,0.00,,,,,,,210.15,N,Not at Intersection, ,Non-Junction,None,,,         ,Brady,Reynolds,Clear,"Sideswipe, Same Direction",no,no,no,no,no,False
103472687,METROPOLITAN NASHVILLE POLICE DEPT,20220564888,Davidson,Antioch,11/8/2022 4:25:00 PM,2,0,0,36.066920,-86.599720,MT VIEW RD,,,,10.00,Feet,East,TRU LONG DR,,,,0.00,N,Not at Intersection,N,Non-Junction,None,,,         ,Brian,Sherman,Clear,"Sideswipe, Opposite Direction",no,no,no,no,yes,False
103472688,METROPOLITAN NASHVILLE POLICE DEPT,20220564874,Davidson,Antioch,11/8/2022 5:10:00 PM,1,0,0,36.050620,-86.606180,GROVEDALE TRC,,,,201.00,Feet,North,PIN HOOK RD,,,,0.00,N,Not at Intersection, ,Non-Junction,None,,,         ,Brian,Sherman,Clear,Not Collision with Motor Vehicle in Transport,no,no,no,no,no,False
103472689,METROPOLITAN NASHVILLE POLICE DEPT,20220565112,Davidson,Nashville,11/7/2022 12:00:00 AM,2,0,0,36.167540,-86.777680,PUBLIC SQ,,,,152.00,Feet,South,JAMES ROBERTSON PKWY,,,,0.00,N,Not at Intersection,N,Non-Junction,None,,,         ,Cressie,Prill,Clear,"Sideswipe, Same Direction",no,no,no,yes,yes,False
103472719,METROPOLITAN NASHVILLE POLICE DEPT,20220565087,Davidson,Nashville,11/8/2022 7:43:00 PM,2,0,0,36.162620,-86.781420,6TH AVN,,,,6.00,Feet,South,CHURCH ST,,,,0.00,N,Not at Intersection, ,Non-Junction,None,,,         ,Daniel,Rizzo,Clear,Front to Rear,no,no,no,no,no,False
103472729,METROPOLITAN NASHVILLE POLICE DEPT,20220565060,Davidson,Nashville,11/8/2022 7:25:00 PM,2,1,0,36.076700,-86.726480,EDMONDSON PKE,,,,309.00,Feet,West,WALLACE RD,,,,0.00,N,Not at Intersection,N,Non-Junction,None,,,         ,Jacob,Robbins,Clear,Front to Rear,no,no,no,no,no,False
103472732,METROPOLITAN NASHVILLE POLICE DEPT,20220565182,Davidson,Nashville,11/8/2022 5:45:00 PM,2,0,0,36.142060,-86.735180,I 40,,,,0.00,,,,,,,212.60,N,Not at Intersection, ,,None,,,         ,Reagan,Heath,,,no,no,no,no,no,False
103472779,METROPOLITAN NASHVILLE POLICE DEPT,20220565167,Davidson,Nashville,11/8/2022 8:20:00 PM,1,0,0,36.212550,-86.622740,OLD HICKORY BLVD,,,,28.00,Feet,North,RACHELS LN,,,,0.00,N,Not at Intersection, ,,None,,,         ,Nelson,Hemingway,,,no,no,no,no,no,False
103472782,METROPOLITAN NASHVILLE POLICE DEPT,20220565020,Davidson,Nashville,11/8/2022 6:20:00 PM,2,0,0,36.187610,-86.818600,26TH AVN,,,,328.00,Feet,South,DOWLAN ST,,,,0.00,N,Not at Intersection,N,Non-Junction,None,,,         ,Kaitlyn,Powell,Clear,Angle,no,no,no,no,yes,False
103472791,METROPOLITAN NASHVILLE POLICE DEPT,20220565165,Davidson,Nashville,11/8/2022 12:00:00 AM,2,0,0,36.167370,-86.610270,I 40,,,,0.00,,,,,,,220.30,N,Not at Intersection, ,Non-Junction,None,,,         ,Keenan,McCann,Clear,"Sideswipe, Same Direction",no,no,no,no,no,False
103472802,METROPOLITAN NASHVILLE POLICE DEPT,20220565241,Davidson,Nashville,11/8/2022 5:41:00 PM,2,0,0,36.107680,-86.794010,GRANNY WHITE PKE,,,,0.00,,,GRANDVIEW DR,,,,0.00,Y,Four-Way,N,Intersection-Related,None,,,         ,Ricardo,Cruz,Clear,Not Collision with Motor Vehicle in Transport,no,no,no,no,yes,False
103472815,METROPOLITAN NASHVILLE POLICE DEPT,20220564878,Davidson,Not in City Limit,11/8/2022 5:28:00 PM,2,1,0,36.073890,-86.927620,HIGHWAY 70S,,,,111.00,Feet,West,WATERFORD CIR,,,,0.00,N,Not at Intersection,N,Non-Junction,None,,,         ,Jeremy,Huffine,Clear,Front to Rear,no,no,no,no,no,False
103472816,METROPOLITAN NASHVILLE POLICE DEPT,20220565277,Davidson,Nashville,11/8/2022 6:09:00 PM,2,0,0,36.141200,-86.731540,I 40,,,,0.00,,,,,,,212.80,N,Not at Intersection,N,Non-Junction,None,,,         ,Tyler,Conrads,Clear,Front to Rear,no,no,no,no,yes,False
103472817,METROPOLITAN NASHVILLE POLICE DEPT,20220565055,Davidson,Nashville,11/8/2022 8:00:00 PM,2,1,0,36.071870,-86.636180,BELL RD,,,,0.00,Feet,,MURFREESBORO PKE,,,,0.00,Y,Four-Way,N,Intersection,None,,,         ,Jonathan,Foote,Clear,"Sideswipe, Same Direction",no,no,no,no,yes,False
103472821,METROPOLITAN NASHVILLE POLICE DEPT,20220565120,Davidson,Nashville,11/8/2022 6:50:00 PM,3,0,0,36.225990,-86.836790,CLARKSVILLE PKE,,,,362.00,Feet,South,CLARKSVILLE PKE PVTDR,,,,0.00,N,Not at Intersection,N,Non-Junction,None,,,         ,Brittani,Campbell,Clear,Not Collision with Motor Vehicle in Transport,no,no,no,no,no,False
103472823,METROPOLITAN NASHVILLE POLICE DEPT,20220564961,Davidson,Nashville,11/8/2022 6:03:00 PM,2,0,0,36.044910,-86.667310,BELL RD,,,,57.00,Feet,West,CEDAR POINTE PKWY,,,,0.00,N,Not at Intersection,N,Non-Junction,None,,,         ,Megan,Arnett,Clear,Front to Rear,no,no,no,no,no,False
103472824,METROPOLITAN NASHVILLE POLICE DEPT,20220565096,Davidson,Nashville,11/8/2022 7:42:00 PM,2,0,0,36.200420,-86.740230,GALLATIN PKE,,,,134.00,Feet,North,SPAIN AV,,,,0.00,N,Not at Intersection, ,Non-Junction,None,,,         ,Joseph,Gonzales,Clear,Angle,no,no,no,no,no,False
103472831,METROPOLITAN NASHVILLE POLICE DEPT,20220565409,Davidson,Nashville,11/8/2022 9:51:00 PM,2,0,0,36.161750,-86.779610,COMMERCE ST,,,,90.00,Feet,West,5TH AVN,,,,0.00,N,Not at Intersection,N,Non-Junction,None,,,         ,Brenton,Adcox,Clear,Angle,no,no,no,yes,yes,False
103472832,METROPOLITAN NASHVILLE POLICE DEPT,20220565371,Davidson,Nashville,11/8/2022 10:15:00 PM,1,0,0,36.144820,-86.812750,WEST END AV,,,,144.00,Feet,East,29TH AVN,,,,0.00,N,Not at Intersection,N,Non-Junction,None,,,         ,Dean,Ferrari,Clear,Not Collision with Motor Vehicle in Transport,no,no,no,no,no,Campus
103472833,METROPOLITAN NASHVILLE POLICE DEPT,20220565332,Davidson,Nashville,11/8/2022 6:00:00 PM,2,0,0,36.170820,-86.601550,OLD HICKORY BLVD,,,,0.00,,,I40 W EXT RAMP,,,,0.00,Y,Four-Way, ,,None,,,         ,Nelson,Hemingway,,,no,no,no,no,no,False
103472834,METROPOLITAN NASHVILLE POLICE DEPT,20220565193,Davidson,Nashville,11/8/2022 9:00:00 PM,2,0,0,36.078890,-86.645210,MARTWAY DR,,,,0.00,Feet,,EDGE O LAKE DR,,,,0.00,Y,Four-Way,N,Intersection-Related,None,,,         ,George,Poulos,Clear,Front to Rear,no,no,no,no,no,False
103472843,METROPOLITAN NASHVILLE POLICE DEPT,20220565384,Davidson,Nashville,11/8/2022 10:24:00 PM,2,0,0,36.152160,-86.861590,SNYDER AV,,,,149.00,Feet,North,TWIN ST,,,,0.00,N,Not at Intersection,N,Non-Junction,None,,,         ,Jared,Dick,Clear,Not Collision with Motor Vehicle in Transport,no,no,no,no,no,False
103472845,GOODLETTSVILLE POLICE DEPT,22-34082,Davidson,Goodlettsville,11/8/2022 7:44:00 PM,3,2,0,36.312240,-86.675340,VIETNAM VETERANS BLVDS,,,,729.00,Feet,West,HIGHWAY 386,,,,0.00,N,Not at Intersection,N,Non-Junction,None,,,         ,Sam,Buchanan,Clear,Not Collision with Motor Vehicle in Transport,no,no,no,no,no,False
103472857,METROPOLITAN NASHVILLE POLICE DEPT,20220565297,Davidson,Nashville,11/8/2022 9:28:00 PM,2,0,0,36.195600,-86.742360,GALLATIN AV,,,,0.00,,,,,,,0.00,,,N,Non-Junction,None,,,         ,Peter,Kinsey,Clear,Angle,no,no,no,yes,yes,False
103472860,METROPOLITAN NASHVILLE POLICE DEPT,20220565081,Davidson,Nashville,11/8/2022 6:04:00 PM,3,1,0,36.039340,-86.782010,OLD HICKORY BLVD,,,,85.00,Feet,West,I65 N EXT RAMP,,,,0.00,N,Not at Intersection,N,Non-Junction,None,,,         ,Tyler,Shanks,Clear,Front to Rear,no,no,no,no,no,False
103472881,METROPOLITAN NASHVILLE POLICE DEPT,20220565375,Davidson,Nashville,11/8/2022 12:00:00 AM,2,0,0,36.048360,-86.717440,HICKORY TRACE DR PVTDR,,,,309.00,Feet,West,HICKORYVIEW DR,,,,0.00,N,Not at Intersection,N,OtherLocation,None,,,         ,Jacob,Robbins,Clear,Angle,no,no,no,yes,yes,False
103472884,METROPOLITAN NASHVILLE POLICE DEPT,20220565626,Davidson,Nashville,11/9/2022 12:35:00 AM,1,0,0,36.220270,-86.694930,RUDY CIR,,,,165.00,Feet,East,RUDY CIR PVTDR,,,,0.00,N,Not at Intersection, ,,None,,,         ,Reagan,Heath,,,no,no,no,no,no,False
103472885,METROPOLITAN NASHVILLE POLICE DEPT,20220565374,Davidson,Nashville,11/8/2022 9:15:00 PM,2,0,0,36.105370,-86.671150,MURFREESBORO PKE,,,,213.00,Feet,East,EZELL PKE,,,,0.00,N,Not at Intersection, ,Non-Junction,None,,,         ,Autumn,Manning,Clear,"Sideswipe, Same Direction",no,no,no,no,no,False
103472890,METROPOLITAN NASHVILLE POLICE DEPT,20220565243,Davidson,Antioch,11/8/2022 5:29:00 PM,2,0,0,36.027490,-86.585540,HICKORY WOODS DR,,,,53.00,Feet,West,BROOKSTONE CT,,,,0.00,N,Not at Intersection, ,,None,,,         ,Lisa,Beck,,,no,no,no,no,no,False