master_record_number,agency,agency_tracking_number,county,city,collision_date,vehicles_involved,number_injured,number_dead,latitude,longitude,roadway_name,roadway_suffix,roadway_number,roadway_local_id,distance_from_reference,miles-feet_indicator,direction_from_reference,intersection_road_name,intersection_road_name_suffix,intersection_road_number,intersection_local_id,mile_marker,intersection_indicator,intersect_type,interchange_related_indicator,relation_to_junction,work_zone_type,construction_maintenance_zone,construction_maintenance_zone_location,fatal_case_number,officer_first_name,officer_last_name,weather_condition(s),manner_of_crash,pedestrian,bicycle,scooter,parking,hitrun,mou
103472891,METROPOLITAN NASHVILLE POLICE DEPT,20220565356,Davidson,Antioch,11/8/2022 1:45:00 PM,2,1,0,36.006720,-86.649680,RISTAU DR,,,,753.00,Feet,South,THOMASON TRL,,,,0.00,N,Not at Intersection,N,Non-Junction,None,,,         ,Lisa,Beck,Clear,Not Collision with Motor Vehicle in Transport,no,no,no,no,no,False
103472906,METROPOLITAN NASHVILLE POLICE DEPT,20220565404,Davidson,Nashville,11/8/2022 10:32:00 PM,4,0,0,36.133780,-86.767030,CARVELL AV,,,,248.00,Feet,North,WEDGEWOOD AV,,,,0.00,N,Not at Intersection,N,Non-Junction,None,,,         ,Dakota,Davis,Clear,Not Collision with Motor Vehicle in Transport,no,no,no,no,yes,False
103472907,METROPOLITAN NASHVILLE POLICE DEPT,20220565597,Davidson,Nashville,11/9/2022 12:39:00 AM,1,1,0,36.240720,-86.745960,I65 N ENT RAMP,,,,0.00,Feet,East,BRILEY PKWYE,,,,0.00,N,Not at Intersection,N,Non-Junction,None,,,         ,Kristopher,Sutton,Clear,Not Collision with Motor Vehicle in Transport,no,no,no,no,no,False
103472915,METROPOLITAN NASHVILLE POLICE DEPT,20220565664,Davidson,Nashville,11/8/2022 1:55:00 PM,2,0,0,36.193660,-86.831220,CLARKSVILLE PKE,,,,0.00,,,BUENA VISTA PKE,,,,0.00,Y,Four-Way,N,Intersection,None,,,         ,David,Moser,Clear,"Sideswipe, Same Direction",no,no,no,no,yes,False
103473003,METROPOLITAN NASHVILLE POLICE DEPT,20220565251,Davidson,Nashville,11/8/2022 7:45:00 PM,2,0,0,36.107660,-86.647200,REYNOLDS RD,,,,2554.00,Feet,South,COUCHVILLE PKE,,,,0.00,N,Not at Intersection, ,,None,,,         ,Sean,Fitzmaurice,,,no,no,no,no,no,False
103473021,METROPOLITAN NASHVILLE POLICE DEPT,20220565896,Davidson,Nashville,11/9/2022 5:40:00 AM,2,0,0,36.063000,-86.683010,I 24,,,,0.00,,,,,,,57.60,N,Not at Intersection,N,Non-Junction,None,,,         ,Gregory,Rdzok,Clear,Front to Rear,no,no,no,no,yes,False
103473023,METROPOLITAN NASHVILLE POLICE DEPT,20220565867,Davidson,Nashville,11/9/2022 3:43:00 AM,1,0,0,36.054680,-86.652790,RURAL HILL RD,,,,896.00,Feet,North,WILLOW POINTE PVTDR,,,,0.00,N,Not at Intersection,N,"Driveway, Alley Access, etc",None,,,         ,Alexandra,Foote,Clear,Not Collision with Motor Vehicle in Transport,no,no,no,no,yes,False
103473030,METROPOLITAN NASHVILLE POLICE DEPT,20220565948,Davidson,Nashville,11/9/2022 6:47:00 AM,1,0,0,36.139530,-86.857380,KENDALL DR,,,,0.00,,,WHITE BRIDGE PKE,,,,0.00,Y,T-Intersection, ,,None,,,         ,David,Moser,,,no,no,no,no,no,False
103473034,METROPOLITAN NASHVILLE POLICE DEPT,20220565940,Davidson,Nashville,11/9/2022 6:39:00 AM,1,0,0,36.138950,-86.857500,WHITE BRIDGE PKE,,,,214.00,Feet,South,KENDALL DR,,,,0.00,N,Not at Intersection, ,Non-Junction,None,,,         ,Theodore,Meskers,Clear,Not Collision with Motor Vehicle in Transport,no,no,no,no,no,False
103473039,METROPOLITAN NASHVILLE POLICE DEPT,20220565927,Davidson,Madison,11/9/2022 6:08:00 AM,2,0,0,36.265250,-86.711180,GALLATIN PKEN,,,,223.00,Feet,South,DULING AV,,,,0.00,N,Not at Intersection,N,Non-Junction,None,,,         ,Christopher,Littles,Clear,Angle,no,no,no,no,no,False
103473049,METROPOLITAN NASHVILLE POLICE DEPT,20220565954,Davidson,Not in City Limit,11/9/2022 7:10:00 AM,2,0,0,36.077770,-86.994940,I 40,,,,0.00,,,,,,,193.95,N,Not at Intersection, ,,Construction Zone,,,         ,Wesley,Tilley,,,no,no,no,no,no,False
103473069,METROPOLITAN NASHVILLE POLICE DEPT,20220565908,Davidson,Nashville,11/9/2022 5:57:00 AM,2,0,0,36.174770,-86.690800,BRILEY PKWYS,,,,330.00,Feet,North,BRILEY PKWYN,,,,0.00,N,Not at Intersection,N,Non-Junction,None,,,         ,Bryson,Wilkins,Clear,Angle,no,no,no,no,no,False
103473072,METROPOLITAN NASHVILLE POLICE DEPT,20220565954,Davidson,Not in City Limit,11/9/2022 7:00:00 AM,2,0,0,36.077770,-86.994940,I 40,,,,0.00,,,,,,,193.95,N,Not at Intersection, ,,Construction Zone,,,         ,Wesley,Tilley,,,no,no,no,no,no,False
103473085,METROPOLITAN NASHVILLE POLICE DEPT,20220566132,Davidson,Nashville,11/9/2022 8:06:00 AM,2,0,0,36.199480,-86.770260,DICKERSON PKE,,,,276.00,Feet,South,GATEWOOD AV,,,,0.00,N,Not at Intersection,N,Non-Junction,None,,,         ,Jarret,Sonnenberg,Cloudy,"Sideswipe, Same Direction",no,no,no,yes,no,False
103473093,METROPOLITAN NASHVILLE POLICE DEPT,20220566157,Davidson,Nashville,11/9/2022 12:00:00 AM,2,0,0,36.107820,-86.922380,OLD HICKORY BLVD,,,,5.00,Feet,South,ROCKY LN,,,,0.00,N,Not at Intersection, ,,None,,,         ,Terence,Mitchell,,,no,no,no,no,no,False
103473094,BELLE MEADE POLICE DEPT,22-0273,Davidson,Nashville,11/9/2022 7:10:00 AM,2,1,0,36.115110,-86.861120,HARDING PKE,,,,59.00,Feet,North,DAVIDSON RD,,,,0.00,N,Not at Intersection,N,Non-Junction,None,,,         ,David,Read,Clear,Front to Rear,no,no,no,no,no,False
103473111,METROPOLITAN NASHVILLE POLICE DEPT,20220566184,Davidson,Nashville,11/9/2022 8:00:00 AM,2,0,0,36.087850,-86.921190,WOODBURY FALLS DR,,,,136.00,Feet,West,OLD HICKORY BLVD,,,,0.00,N,Not at Intersection,N,Non-Junction,None,,,         ,Wesley,Tilley,Clear,Angle,no,no,no,yes,yes,False
103473138,METROPOLITAN NASHVILLE POLICE DEPT,20220566186,Davidson,Nashville,11/9/2022 6:30:00 AM,2,0,0,36.141020,-86.857420,WHITE BRIDGE PKE,,,,131.00,Feet,South,OAKMONT CIR,,,,0.00,N,Not at Intersection, ,Non-Junction,None,,,         ,George,Spencer,Clear,Front to Rear,no,no,no,no,yes,False
103473142,METROPOLITAN NASHVILLE POLICE DEPT,20220566205,Davidson,Nashville,11/9/2022 8:35:00 AM,2,1,0,36.143000,-86.815800,31ST AVN,,,,173.00,Feet,North,WEST END AV,,,,0.00,N,Not at Intersection,N,Non-Junction,None,,,         ,Michael,Moss,Clear,Angle,no,no,no,no,no,Campus
103473146,METROPOLITAN NASHVILLE POLICE DEPT,20220566145,Davidson,Nashville,11/9/2022 8:01:00 AM,3,1,0,36.143180,-86.685530,I 40,,,,0.00,,,,,,,215.50,N,Not at Intersection,N,Non-Junction,None,,,         ,Ryan,Sherry,Clear,Front to Rear,no,no,no,no,no,False
103473147,METROPOLITAN NASHVILLE POLICE DEPT,20220566324,Davidson,Nashville,11/9/2022 9:30:00 AM,2,0,0,36.146390,-86.742340,I 40,,,,0.00,,,,,,,212.10,N,Not at Intersection,N,Non-Junction,None,,,         ,Christopher,Littles,Clear,"Sideswipe, Same Direction",no,no,no,no,yes,False
103473171,METROPOLITAN NASHVILLE POLICE DEPT,20220566240,Davidson,Nashville,11/9/2022 8:50:00 AM,2,2,0,36.099120,-86.660190,MURFREESBORO PKE,,,,305.00,Feet,West,HARDING PL,,,,0.00,N,Not at Intersection,N,Non-Junction,None,,,         ,Cameron,Fritschie,Clear,Front to Rear,no,no,no,no,no,False
103473177,METROPOLITAN NASHVILLE POLICE DEPT,20220566313,Davidson,Nashville,11/9/2022 12:00:00 AM,2,0,0,36.111000,-86.922620,OLD HICKORY BLVD,,,,146.00,Feet,North,SONYA DR,,,,0.00,N,Not at Intersection, ,,None,,,         ,Terence,Mitchell,,,no,no,no,no,no,False
103473206,METROPOLITAN NASHVILLE POLICE DEPT,20220566202,Davidson,Nashville,11/9/2022 8:14:00 AM,2,0,0,36.207030,-86.791610,WHITES CREEK PKE,,,,3.00,Feet,North,BAPTIST WORLD CENTER DR,,,,0.00,N,Not at Intersection, ,Non-Junction,None,,,         ,Ryan,Worstall,Clear,"Sideswipe, Same Direction",no,no,no,no,no,False
103473208,METROPOLITAN NASHVILLE POLICE DEPT,20220566432,Davidson,Nashville,11/9/2022 9:45:00 AM,2,0,0,36.171640,-86.758830,FATHERLAND ST,,,,101.00,Feet,East,S 7TH ST,,,,0.00,N,Not at Intersection, ,Non-Junction,None,,,         ,Goran,Manojlovic,Clear,Rear to Rear,no,no,no,no,no,False
103473219,METROPOLITAN NASHVILLE POLICE DEPT,202205664601,Davidson,Nashville,11/9/2022 10:55:00 AM,2,1,0,36.137240,-86.732180,HILL AV,,,,0.00,,,BLANTON AV,,,,0.00,Y,Four-Way,N,Intersection,None,,,         ,Todd,Watson,Clear,Angle,no,no,no,no,no,False
103473238,METROPOLITAN NASHVILLE POLICE DEPT,20220566373,Davidson,Nashville,11/9/2022 10:08:00 AM,3,1,0,36.044790,-86.724870,ENCLAVE CIR,,,,0.00,,,OLD HICKORY BLVD,,,,0.00,Y,Four-Way,N,Intersection,None,,,         ,Juan,Garcia-Canizales,Clear,Angle,no,no,no,no,no,False
103473248,METROPOLITAN NASHVILLE POLICE DEPT,20220566632,Davidson,Not in City Limit,11/9/2022 12:24:00 PM,1,0,0,36.279180,-86.733830,I 65,,,,0.00,,,,,,,93.30,N,Not at Intersection,N,Non-Junction,None,,,         ,Christopher,Littles,Clear,Not Collision with Motor Vehicle in Transport,no,no,no,no,no,False
103473277,METROPOLITAN NASHVILLE POLICE DEPT,20220566336,Davidson,Nashville,11/9/2022 9:50:00 AM,2,0,0,36.156570,-86.775870,KOREAN VETERANS BLVD,,,,0.00,,,5TH AVS,,,,0.00,Y,Four-Way, ,Intersection,None,,,         ,Wesley,Young,Clear,Front to Rear,no,no,no,no,no,False
103473278,METROPOLITAN NASHVILLE POLICE DEPT,20220561688,Davidson,Nashville,11/7/2022 7:47:00 AM,2,0,0,36.144540,-86.742930,ELM HILL PKE,,,,330.00,Feet,East,FESSLERS LN,,,,0.00,N,Not at Intersection, ,Non-Junction,None,,,         ,Lynsie,Smith,Clear,Angle,no,no,no,no,no,False
103473314,METROPOLITAN NASHVILLE POLICE DEPT,20220566217,Davidson,Nashville,11/9/2022 8:00:00 AM,2,0,0,36.148350,-86.764660,1ST AVS,,,,280.00,Feet,North,MILDRED SHUTE AV,,,,0.00,N,Not at Intersection, ,Non-Junction,None,,,         ,Tyler,Heckaman,Clear,"Sideswipe, Opposite Direction",no,no,no,no,no,False
103473315,METROPOLITAN NASHVILLE POLICE DEPT,20220566557,Davidson,Nashville,11/9/2022 11:45:00 AM,2,2,0,36.090240,-86.703220,I 24,,,,0.00,,,,,,,55.35,N,Not at Intersection,Y,Non-Junction,None,,,         ,Seth,Reynolds,Clear,"Sideswipe, Same Direction",no,no,no,no,no,False
103473331,GOODLETTSVILLE POLICE DEPT,22-34150,Davidson,Goodlettsville,11/9/2022 1:27:00 PM,1,0,0,36.309380,-86.695380,VIETNAM VETERANS BLVD SB EXT R,,,,0.00,,,CONFERENCE DR,,,,0.00,Y,T-Intersection,N,Intersection,None,,,         ,Daniel,Knalls,Clear,Not Collision with Motor Vehicle in Transport,no,no,no,no,yes,False
103473342,METROPOLITAN NASHVILLE POLICE DEPT,20220566791,Davidson,Madison,11/9/2022 1:45:00 PM,2,0,0,36.251920,-86.717690,E WEBSTER ST,,,,0.00,,,GALLATIN PKES,,,,0.00,Y,Four-Way,N,Intersection,None,,,         ,Christopher,Littles,Clear,Front to Rear,no,no,no,no,no,False
103473357,METROPOLITAN NASHVILLE POLICE DEPT,20220566676,Davidson,Antioch,11/9/2022 12:48:00 PM,2,3,0,36.036350,-86.599510,MURFREESBORO PKE,,,,1420.00,Feet,South,OLD HICKORY BLVD,,,,0.00,N,Not at Intersection,N,Non-Junction,None,,,         ,Joe,Hooper,Clear,Angle,no,no,no,no,no,False
103473376,METROPOLITAN NASHVILLE POLICE DEPT,2022-0566521,Davidson,Nashville,11/9/2022 11:30:00 AM,2,0,0,36.104800,-86.814600,RICHARD JONES RD,,,,0.00,Feet,East,HILLSBORO PKE,,,,0.00,N,Not at Intersection, ,Non-Junction,None,,,         ,Sean,Williams,Clear,"Sideswipe, Same Direction",no,no,no,no,no,False
103473414,METROPOLITAN NASHVILLE POLICE DEPT,20220566877,Davidson,Not in City Limit,11/9/2022 2:30:00 PM,2,0,0,36.041140,-86.960610,CHAFFIN DR,,,,170.00,Feet,East,HIGHWAY 100,,,,0.00,N,Not at Intersection,N,Non-Junction,None,,,         ,Wesley,Tilley,Clear,Front to Rear,no,no,no,no,no,False
103473417,METROPOLITAN NASHVILLE POLICE DEPT,20220566880,Davidson,Nashville,11/9/2022 2:35:00 PM,2,1,0,36.210530,-86.733400,GALLATIN PKE,,,,168.00,Feet,South,GREENFIELD AV,,,,0.00,N,Not at Intersection,N,Non-Junction,None,,,         ,Matthew,Cammarn,Clear,Front to Rear,no,no,no,no,no,False
103473424,METROPOLITAN NASHVILLE POLICE DEPT,20220566757,Davidson,Nashville,11/9/2022 1:25:00 PM,2,1,0,36.192320,-86.741480,DOUGLAS AV,,,,0.00,,,N 14TH ST,,,,0.00,Y,Four-Way,Y,Intersection,None,,,         ,Jarret,Sonnenberg,Clear,Angle,no,no,no,no,no,False
103473426,METROPOLITAN NASHVILLE POLICE DEPT,20220566654,Davidson,Nashville,11/9/2022 12:40:00 PM,2,1,0,36.186370,-86.686100,TWO RIVERS PKWY,,,,0.00,,,WAVE COUNTRY PVTDR,,,,0.00,Y,T-Intersection,N,Intersection-Related,None,,,         ,Cameron,Fritschie,Clear,Angle,no,no,no,no,no,False
103473428,METROPOLITAN NASHVILLE POLICE DEPT,20220566603,Davidson,Nashville,11/9/2022 11:38:00 AM,2,3,0,36.114860,-86.719560,EAST THOMPSON LN,,,,0.00,,,GLENROSE AV,,,,0.00,Y,Four-Way,N,Intersection,None,,,         ,Alex,Moore,Clear,Angle,no,no,no,no,no,False
103473450,METROPOLITAN NASHVILLE POLICE DEPT,20220566728,Davidson,Nashville,11/9/2022 1:13:00 PM,2,1,0,36.195990,-86.742610,GALLATIN AV,,,,0.00,,,CAHAL AV,,,,0.00,Y,T-Intersection,N,Intersection,None,,,         ,Faye,Denson,Clear,Angle,no,no,no,no,no,False
103473460,METROPOLITAN NASHVILLE POLICE DEPT,20220566902,Davidson,Nashville,11/9/2022 11:50:00 AM,2,1,0,36.133980,-86.748340,POLK AV,,,,0.00,,,HACKWORTH ST,,,,0.00,Y,T-Intersection,N,Intersection,None,,,         ,Todd,Watson,Clear,Front to Rear,no,no,no,no,no,False
103473478,BERRY HILL POLICE DEPT,22-3283,Davidson,Berry Hill,11/8/2022 12:00:00 AM,2,0,0,36.128510,-86.776880,BRADFORD AV,,,,0.00,,,,,,,0.00,,, ,Non-Junction,None,,,         ,John,Gleixner,Clear,Angle,no,no,no,yes,yes,False
103473481,METROPOLITAN NASHVILLE POLICE DEPT,20220566692,Davidson,Nashville,11/9/2022 12:56:00 PM,2,0,0,36.173630,-86.822440,ED TEMPLE BLVD,,,,69.00,Feet,South,DR WALTER S DAVIS BLVD,,,,0.00,N,Not at Intersection,N,Non-Junction,None,,,         ,Jedidayah,Merriweather,Clear,Front to Rear,no,no,no,no,no,False
103473482,METROPOLITAN NASHVILLE POLICE DEPT,20220566837,Davidson,Nashville,11/9/2022 1:49:00 PM,3,1,0,36.173630,-86.822440,ED TEMPLE BLVD,,,,69.00,Feet,South,DR WALTER S DAVIS BLVD,,,,0.00,N,Not at Intersection,N,Non-Junction,None,,,         ,Jedidayah,Merriweather,Clear,Front to Rear,no,no,no,no,no,False
103473487,METROPOLITAN NASHVILLE POLICE DEPT,20220566766,Davidson,Hermitage,11/9/2022 10:40:00 AM,2,0,0,36.215400,-86.588510,LEBANON PKE,,,,0.00,,,BIG HORN DR,,,,0.00,Y,Four-Way,N,Intersection,None,,,         ,Russell,Ward,Clear,Angle,no,no,no,no,yes,False
103473490,METROPOLITAN NASHVILLE POLICE DEPT,20220566968,Davidson,Nashville,11/9/2022 2:48:00 PM,2,0,0,36.159290,-86.760470,I 24,,,,0.00,,,,,,,49.65,N,Not at Intersection, ,OtherLocation,None,,,         ,Frederick,Ware,Clear,Other,no,no,no,no,no,False
103473493,METROPOLITAN NASHVILLE POLICE DEPT,20220566979,Davidson,Nashville,11/9/2022 4:27:00 PM,2,0,0,36.093000,-86.687320,MCGAVOCK PKE,,,,69.00,Feet,West,MILL CREEK EZELL PARK GRNWY,,,,0.00,N,Not at Intersection, ,Non-Junction,None,,,         ,Megan,Arnett,Clear,Front to Rear,no,no,no,no,no,False
103473494,METROPOLITAN NASHVILLE POLICE DEPT,20220567018,Davidson,Nashville,11/9/2022 3:59:00 PM,2,0,0,36.155650,-86.789720,BROADWAY,,,,0.00,,,I40 E EXT RAMP,,,,0.00,Y,Four-Way, ,Intersection-Related,None,,,         ,Dakota,Davis,Clear,Angle,no,no,no,no,no,False
103473501,METROPOLITAN NASHVILLE POLICE DEPT,20220566949,Davidson,Nashville,11/9/2022 1:32:00 PM,2,1,0,36.143310,-86.686400,I 40,,,,0.00,,,,,,,215.50,N,Not at Intersection,N,Non-Junction,None,,,         ,Brandon,Chapman,Clear,Front to Rear,no,no,no,no,no,False
103473514,Nashville Airport Police,2022-04739,Davidson,Nashville,11/8/2022 3:45:00 PM,2,1,0,36.116700,-86.668180,DONELSON PKE,,,,0.00,,,HANGAR LN,,,,0.00,Y,OTHER,N,Intersection,None,,,         ,Daniel,DePinto,Clear,Front to Rear,no,no,no,no,no,False
103473518,METROPOLITAN NASHVILLE POLICE DEPT,20220566888,Davidson,Nashville,11/9/2022 2:38:00 PM,2,1,0,36.086770,-86.694910,HARDING PL,,,,310.00,Feet,East,METROPLEX DR,,,,0.00,N,Not at Intersection,N,Non-Junction,None,,,         ,Zachary,Wilbanks,Clear,Angle,no,no,no,no,no,False
103473520,METROPOLITAN NASHVILLE POLICE DEPT,20220567076,Davidson,Nashville,11/9/2022 4:00:00 PM,2,0,0,36.134650,-86.825060,WEST END AV,,,,0.00,,,BOWLING AV,,,,0.00,Y,Four-Way,N,Intersection,None,,,         ,Robert,Crow,Clear,Front to Rear,no,no,no,no,yes,False
103473523,METROPOLITAN NASHVILLE POLICE DEPT,20220566996,Davidson,Nashville,11/9/2022 2:50:00 PM,2,0,0,36.051010,-86.668550,I 24,,,,0.00,,,,,,,58.75,N,Not at Intersection,N,Non-Junction,None,,,         ,Tyler,Heckaman,Clear,Front to Rear,no,no,no,no,no,False
103473540,METROPOLITAN NASHVILLE POLICE DEPT,20220567031,Davidson,Nashville,11/9/2022 4:15:00 PM,4,1,0,36.118520,-86.699820,BRILEY PKWYS,,,,159.00,Feet,East,BRILEY PKWYN,,,,0.00,N,Not at Intersection,N,Non-Junction,None,,,         ,Laura,Williams,Clear,Front to Rear,no,no,no,no,no,False
103473543,METROPOLITAN NASHVILLE POLICE DEPT,20220566996,Davidson,Nashville,11/9/2022 3:45:00 PM,2,0,0,36.106080,-86.718680,I 24,,,,0.00,,,,,,,54.00,N,Not at Intersection,N,Non-Junction,None,,,         ,John,Braun,Clear,"Sideswipe, Same Direction",no,no,no,no,no,False
103473560,METROPOLITAN NASHVILLE POLICE DEPT,20220567097,Davidson,Nashville,11/9/2022 12:50:00 PM,2,0,0,36.192260,-86.624370,LEBANON PKE,,,,300.00,Feet,South,JUAREZ DR,,,,0.00,N,Not at Intersection,N,Non-Junction,None,,,         ,Tyler,Conrads,Clear,Angle,no,no,no,yes,yes,False
103473575,METROPOLITAN NASHVILLE POLICE DEPT,20220567109,Davidson,Nashville,11/9/2022 4:39:00 PM,2,0,0,36.249320,-86.783670,I 24,,,,0.00,,,,,,,42.60,N,Not at Intersection,N,Non-Junction,None,,,         ,Kyle,Eicholtz,Clear,"Sideswipe, Same Direction",no,no,no,no,yes,False
103473580,METROPOLITAN NASHVILLE POLICE DEPT,20220566986,Davidson,Nashville,11/9/2022 3:20:00 PM,1,0,0,36.279730,-86.708960,GALLATIN PKEN,,,,150.00,Feet,West,GALLATIN PKEN,,,,0.00,,Not at Intersection,N,Non-Junction,None,,,         ,Wesley,Carver,Clear,Not Collision with Motor Vehicle in Transport,no,no,no,yes,yes,False
103473581,METROPOLITAN NASHVILLE POLICE DEPT,20220567119,Davidson,Nashville,11/9/2022 5:14:00 PM,2,0,0,36.145060,-86.812360,WEST END AV,,,,0.00,,,28TH AVN,,,,0.00,Y,T-Intersection,N,Intersection-Related,None,,,         ,Dakota,Davis,Clear,Angle,no,no,no,no,no,Campus
103473591,METROPOLITAN NASHVILLE POLICE DEPT,20220567150,Davidson,Nashville,11/9/2022 5:15:00 PM,2,0,0,36.153930,-86.757290,I 40,,,,0.00,,,,,,,211.10,N,Not at Intersection,N,Non-Junction,None,,,         ,Daniel,Rizzo,Clear,"Sideswipe, Same Direction",no,no,no,no,yes,False
103473623,METROPOLITAN NASHVILLE POLICE DEPT,20220567178,Davidson,Nashville,11/9/2022 5:35:00 PM,2,0,0,36.156790,-86.787000,BROADWAY,,,,161.00,Feet,East,12TH AVS,,,,0.00,N,Not at Intersection, ,Non-Junction,None,,,         ,Michael,Enriquez,Clear,Angle,no,no,no,no,yes,False
103473624,METROPOLITAN NASHVILLE POLICE DEPT,20220567077,Davidson,Nashville,11/9/2022 4:47:00 PM,2,0,0,36.094030,-86.654430,FRANKLIN LIMESTONE RD,,,,0.00,,,RICE AV,,,,0.00,Y,T-Intersection, ,Intersection,None,,,         ,Theodore,Flick,Clear,Angle,no,no,no,no,no,False
103473631,METROPOLITAN NASHVILLE POLICE DEPT,20220567158,Davidson,Nashville,11/9/2022 5:30:00 PM,2,0,0,36.153590,-86.785550,LAUREL ST,,,,0.00,,,12TH AVS,,,,0.00,Y,Four-Way,Y,Intersection,None,,,         ,Eric,Modransky,Clear,"Sideswipe, Same Direction",no,no,no,no,yes,False
103473633,METROPOLITAN NASHVILLE POLICE DEPT,20220567074,Davidson,Nashville,11/9/2022 4:44:00 PM,2,1,0,36.038420,-86.713030,SHADOW GLEN DR,,,,9.00,Feet,West,NOLENSVILLE PKE,,,,0.00,N,Not at Intersection,N,Non-Junction,None,,,         ,Jacob,Robbins,Clear,Front to Rear,no,no,no,no,no,False
103473636,METROPOLITAN NASHVILLE POLICE DEPT,20220567244,Davidson,Nashville,11/9/2022 5:15:00 PM,2,0,0,36.170620,-86.797970,I 40,,,,0.00,,,,,,,207.75,N,Not at Intersection,N,Non-Junction,None,,,         ,Tyler,Edwards,Clear,"Sideswipe, Same Direction",no,no,no,no,yes,False
103473637,METROPOLITAN NASHVILLE POLICE DEPT,20220567162,Davidson,Nashville,11/9/2022 4:12:00 PM,2,0,0,36.143250,-86.685990,I 40,,,,0.00,,,,,,,215.50,N,Not at Intersection,N,Non-Junction,None,,,         ,Joshua,Zambrano-Vera,Clear,"Sideswipe, Same Direction",no,no,no,no,yes,False
103473638,METROPOLITAN NASHVILLE POLICE DEPT,20220567196,Davidson,Nashville,11/9/2022 6:08:00 PM,3,3,0,36.134920,-86.723870,MURFREESBORO PKE,,,,173.00,Feet,East,I24 W EXT RAMP,,,,0.00,N,Not at Intersection,N,Non-Junction,None,,,         ,Joshua,Zambrano-Vera,Clear,Front to Rear,no,no,no,no,no,False
103473646,METROPOLITAN NASHVILLE POLICE DEPT,20220567243,Davidson,Nashville,11/9/2022 6:50:00 PM,2,0,0,36.140750,-86.720160,I 40,,,,0.00,,,,,,,213.40,N,Not at Intersection, ,Non-Junction,None,,,         ,Theodore,Flick,Clear,Front to Rear,no,no,no,no,no,False
103473663,METROPOLITAN NASHVILLE POLICE DEPT,20220567208,Davidson,Nashville,11/9/2022 6:22:00 PM,2,4,0,36.132200,-86.727170,I 24,,,,0.00,,,,,,,51.15,N,Not at Intersection,N,Non-Junction,None,,,         ,George,Poulos,Clear,Front to Rear,no,no,no,no,no,False
103473673,METROPOLITAN NASHVILLE POLICE DEPT,20220567106,Davidson,Nashville,11/9/2022 12:00:00 AM,3,3,0,36.094290,-86.758250,SIDCO DR,,,,0.00,,,POWELL AV,,,,0.00,Y,T-Intersection,N,Intersection,None,,,         ,Darci,Stechman,Clear,Angle,no,no,no,no,no,False
103473694,METROPOLITAN NASHVILLE POLICE DEPT,20220567148,Davidson,Nashville,11/9/2022 5:38:00 PM,4,4,0,36.046000,-86.675580,BELL RD,,,,377.00,Feet,West,BLUE HOLE RD,,,,0.00,N,Not at Intersection,N,Non-Junction,None,,,         ,Taylor,Blackwelder,Clear,Front to Rear,no,no,no,no,no,False
103473696,METROPOLITAN NASHVILLE POLICE DEPT,20220559838,Davidson,Nashville,11/6/2022 1:49:00 AM,1,0,0,36.108680,-86.720250,I24 W EXT RAMP,,,,0.00,Feet,East,I 24,,,,0.00,N,Not at Intersection,N,Entrance/Exit Ramp Related,None,,,         ,Phillip,Lovell,Rain,Not Collision with Motor Vehicle in Transport,no,no,no,no,yes,False
103473697,METROPOLITAN NASHVILLE POLICE DEPT,20220559975,Davidson,Nashville,11/6/2022 5:00:00 AM,1,1,0,36.133610,-86.726350,I24 W EXT RAMP,,,,0.00,Feet,East,I 24,,,,0.00,N,Not at Intersection,N,Entrance/Exit Ramp Related,None,,,         ,Phillip,Lovell,Rain,Not Collision with Motor Vehicle in Transport,no,no,no,no,no,False
103473703,METROPOLITAN NASHVILLE POLICE DEPT,20220567359,Davidson,Nashville,11/9/2022 5:57:00 PM,2,0,0,36.263480,-86.715990,OLD HICKORY BLVDW,,,,173.00,Feet,East,PEGGY ST,,,,0.00,N,Not at Intersection, ,,None,,,         ,Miles,Posey,,,no,no,no,no,no,False
103473728,METROPOLITAN NASHVILLE POLICE DEPT,20220567292,Davidson,Nashville,11/9/2022 6:50:00 PM,3,0,0,36.148890,-86.746590,I 40,,,,0.00,,,,,,,211.85,N,Not at Intersection,N,Non-Junction,None,,,         ,David,Abbott,Clear,Front to Rear,no,no,no,no,yes,False
103473744,METROPOLITAN NASHVILLE POLICE DEPT,20220566987,Davidson,Nashville,11/9/2022 3:45:00 PM,2,3,0,36.203170,-86.738740,GALLATIN PKE,,,,148.00,Feet,South,E TRINITY LN,,,,0.00,N,Not at Intersection,N,Non-Junction,None,,,         ,Joseph,Gonzales,Clear,"Sideswipe, Same Direction",no,no,no,no,no,False
103473745,METROPOLITAN NASHVILLE POLICE DEPT,20220567155,Davidson,Nashville,11/9/2022 5:35:00 PM,1,1,0,36.060940,-86.816320,JEFFERSON DAVIS DR,,,,535.00,Feet,West,GRANNY WHITE PKE,,,,0.00,N,Not at Intersection,N,Non-Junction,None,,,         ,Tyler,Shanks,Clear,Not Collision with Motor Vehicle in Transport,no,no,no,yes,no,False
103473746,METROPOLITAN NASHVILLE POLICE DEPT,20220567386,Davidson,Nashville,11/9/2022 8:08:00 PM,1,1,0,36.156870,-86.780840,8TH AVS,,,,0.00,,,DEMONBREUN ST,,,,0.00,Y,Four-Way,N,Intersection-Related,None,,,         ,Kency,Le,Clear,Not Collision with Motor Vehicle in Transport,no,no,no,no,no,False