master_record_number,agency,agency_tracking_number,county,city,collision_date,vehicles_involved,number_injured,number_dead,latitude,longitude,roadway_name,roadway_suffix,roadway_number,roadway_local_id,distance_from_reference,miles-feet_indicator,direction_from_reference,intersection_road_name,intersection_road_name_suffix,intersection_road_number,intersection_local_id,mile_marker,intersection_indicator,intersect_type,interchange_related_indicator,relation_to_junction,work_zone_type,construction_maintenance_zone,construction_maintenance_zone_location,fatal_case_number,officer_first_name,officer_last_name,weather_condition(s),manner_of_crash,pedestrian,bicycle,scooter,parking,hitrun,mou
103477124,METROPOLITAN NASHVILLE POLICE DEPT,20220572798,Davidson,Madison,11/12/2022 12:00:00 AM,2,1,0,36.266000,-86.711020,GALLATIN PKEN,,,,56.00,Feet,North,DULING AV,,,,0.00,N,Not at Intersection,N,Non-Junction,None,,,         ,James,Kidd,Clear,HeadOn,no,no,no,no,no,False
103477125,METROPOLITAN NASHVILLE POLICE DEPT,20220573141,Davidson,Nashville,11/12/2022 11:17:00 PM,2,0,0,36.207020,-86.791600,BAPTIST WORLD CENTER DR,,,,0.00,Feet,,W TRINITY LN,,,,0.00,Y,Four-Way, ,Intersection,None,,,         ,Ian,Pearce,Clear,Angle,no,no,no,no,no,False
103477132,METROPOLITAN NASHVILLE POLICE DEPT,20220572466,Davidson,Nashville,11/12/2022 12:00:00 AM,2,0,0,36.187740,-86.729600,PORTER RD,,,,0.00,Feet,,PONTOTOC AV,,,,0.00,Y,T-Intersection,Y,Intersection,None,,,         ,McKenzie,Harper,Clear,Other,no,no,no,no,no,False
103477133,THP District 9 - Administrative,322093852,Davidson,Not in City Limit,11/10/2022 11:01:00 AM,1,0,0,36.320290,-86.850580,I 24,,,,0.00,,,,,,,36.00,N,Not at Intersection,N,Non-Junction,None,,,         ,Jeremy,Hoyt,Clear,Not Collision with Motor Vehicle in Transport,no,no,no,no,no,False
103477158,METROPOLITAN NASHVILLE POLICE DEPT,20220573154,Davidson,Nashville,11/12/2022 11:19:00 PM,2,0,0,36.059070,-86.716220,TUSCULUM RD,,,,0.00,Feet,,NOLENSVILLE PKE,,,,0.00,Y,Four-Way,Y,Intersection,None,,,         ,Sullivan,Souksanh,Clear,Angle,no,no,no,no,no,False
103477183,METROPOLITAN NASHVILLE POLICE DEPT,20220573280,Davidson,Nashville,11/13/2022 12:26:00 AM,2,1,0,36.207020,-86.791600,BAPTIST WORLD CENTER DR,,,,0.00,,,W TRINITY LN,,,,0.00,Y,Four-Way,N,Intersection-Related,None,,,         ,Ian,Pearce,Clear,Front to Rear,no,no,no,no,no,False
103477200,METROPOLITAN NASHVILLE POLICE DEPT,20220573387,Davidson,Nashville,11/13/2022 12:10:00 AM,2,0,0,36.174930,-86.756630,S 9TH ST,,,,0.00,,,WOODLAND ST,,,,0.00,Y,Four-Way, ,Intersection,None,,,         ,Devyn,Hollinsworth,Clear,Front to Rear,no,no,no,no,yes,False
103477222,METROPOLITAN NASHVILLE POLICE DEPT,20220573313,Davidson,Nashville,11/13/2022 12:57:00 AM,2,1,0,36.171770,-86.797430,JEFFERSON ST,,,,85.00,Feet,East,11TH AVN,,,,0.00,N,Not at Intersection,N,Non-Junction,None,,,         ,Scott,St. John,Clear,Front to Rear,no,no,no,no,no,False
103477232,METROPOLITAN NASHVILLE POLICE DEPT,20220571498,Davidson,Nashville,11/11/2022 11:00:00 PM,2,1,0,36.217340,-86.710720,RIVERWOOD DR,,,,60.00,Feet,South,BRUSH HILL RD,,,,0.00,N,Not at Intersection,N,Non-Junction,None,,,         ,Jordan,Knight,Clear,Angle,no,no,no,no,no,False
103477233,METROPOLITAN NASHVILLE POLICE DEPT,20220573477,Davidson,Nashville,11/13/2022 4:00:00 AM,1,0,0,36.151720,-86.768740,I40 W EXT RAMP,,,,0.00,Feet,East,I 40,,,,0.00,N,Not at Intersection,N,Non-Junction,None,,,         ,Tre,Marlowe,Clear,Not Collision with Motor Vehicle in Transport,no,no,no,no,yes,False
103477329,METROPOLITAN NASHVILLE POLICE DEPT,20220573602,Davidson,Nashville,11/13/2022 7:40:00 AM,1,1,0,36.193420,-86.744000,GALLATIN AV,,,,88.00,Feet,South,STRAIGHTWAY AV,,,,0.00,N,Not at Intersection,N,Non-Junction,None,,,         ,Ryan,Papp,Clear,Not Collision with Motor Vehicle in Transport,no,no,no,no,no,False
103477338,METROPOLITAN NASHVILLE POLICE DEPT,20220573572,Davidson,Nashville,11/13/2022 12:00:00 AM,1,0,0,36.230950,-86.828620,BRILEY PKWYW,,,,417.00,Feet,East,BRILEY PKWYE,,,,0.00,N,Not at Intersection,N,Non-Junction,None,,,         ,Chase,Harriman,Unknown,Not Collision with Motor Vehicle in Transport,no,no,no,no,yes,False
103477368,METROPOLITAN NASHVILLE POLICE DEPT,20220573586,Davidson,Nashville,11/13/2022 7:12:00 AM,1,0,0,36.203420,-86.724600,BRANCH ST,,,,98.00,Feet,South,MAXEY LN,,,,0.00,N,Not at Intersection,N,Non-Junction,None,,,         ,Samantha,Held,Clear,Not Collision with Motor Vehicle in Transport,no,no,no,no,yes,False
103477372,METROPOLITAN NASHVILLE POLICE DEPT,20220573679,Davidson,Nashville,11/12/2022 11:00:00 PM,2,0,0,36.168410,-86.798990,JACKSON ST,,,,186.00,Feet,East,14TH AVN,,,,0.00,N,Not at Intersection,N,Non-Junction,None,,,         ,Jordan,Vrbas,Cloudy,Angle,no,no,no,no,yes,False
103477416,WILLIAMSON CO SHERIFFS OFFICE,2225173,Davidson,Nashville,11/7/2022 7:00:00 AM,2,1,0,36.027970,-86.877010,HILLSBORO RD,,,,916.00,Feet,North,SUNNYSIDE DR,,,,0.00,N,Not at Intersection,N,Non-Junction,None,,,         ,James,Gillam,Clear,HeadOn,no,no,no,no,no,False
103477436,METROPOLITAN NASHVILLE POLICE DEPT,20220573781,Davidson,Nashville,11/13/2022 12:00:00 AM,1,0,0,36.052030,-86.643930,EAGLE VIEW BLVD,,,,0.00,,,,,,,0.00,,Not at Intersection, ,Non-Junction,None,,,         ,James,Gilliam,Unknown,Not Collision with Motor Vehicle in Transport,no,no,no,no,yes,False
103477438,TENNESSEE STATE UNIVERSITY ,22-TSU-35180,Davidson,Nashville,11/11/2022 12:00:00 AM,2,0,0,36.163920,-86.831230,ALAMEDA ST,,,,0.00,,,,,,,0.00,,Not at Intersection,N,Non-Junction,None,,,         ,Riley,Feest-Woodruff,Unknown,Unknown,no,no,no,yes,yes,False
103477473,METROPOLITAN NASHVILLE POLICE DEPT,20220573648,Davidson,Nashville,11/13/2022 8:35:00 AM,2,1,0,36.169680,-86.821300,W HEIMAN ST,,,,0.00,,,ED TEMPLE BLVD,,,,0.00,Y,Four-Way,N,Intersection,None,,,         ,Walter,Gray II,Cloudy,Angle,no,no,no,no,no,False
103477544,METROPOLITAN NASHVILLE POLICE DEPT,20220573824,Davidson,Nashville,11/13/2022 11:05:00 AM,2,0,0,36.186940,-86.750090,PETWAY AV,,,,388.00,Feet,North,GALLATIN AV,,,,0.00,N,Not at Intersection,N,Non-Junction,None,,,         ,Jason,Milyaro Lucas,Clear,Front to Rear,no,no,no,no,yes,False
103477624,METROPOLITAN NASHVILLE POLICE DEPT,20220573916,Davidson,Nashville,11/13/2022 2:00:00 AM,2,0,0,36.161230,-86.810460,BATAVIA ST,,,,97.00,Feet,West,22ND AVN,,,,0.00,N,Not at Intersection,N,Non-Junction,None,,,         ,Zachary,Akers,Clear,"Sideswipe, Same Direction",no,no,no,no,yes,False
103477629,METROPOLITAN NASHVILLE POLICE DEPT,20220573890,Davidson,Nashville,11/13/2022 1:40:00 PM,3,1,0,36.181620,-86.765290,LISCHEY AV,,,,138.00,Feet,North,MARINA ST,,,,0.00,N,Not at Intersection,N,Non-Junction,None,,,         ,Ryan,Papp,Clear,Angle,no,no,no,no,no,False
103477645,METROPOLITAN NASHVILLE POLICE DEPT,20220573919,Davidson,Nashville,11/13/2022 2:00:00 PM,1,1,0,36.028860,-86.636500,I 24,,,,0.00,,,,,,,61.10,N,Not at Intersection,N,Non-Junction,None,,,         ,Timothy,Ward,Clear,Not Collision with Motor Vehicle in Transport,no,no,no,no,no,False
103477668,METROPOLITAN NASHVILLE POLICE DEPT,20220573891,Davidson,Nashville,11/13/2022 1:15:00 PM,2,1,0,36.044630,-86.659560,I24 E ENT RAMP,,,,0.00,,,BELL RD,,,,0.00,Y,Y-Intersection,N,Unknown,None,,,         ,Eric,Burford,Clear,Front to Rear,no,no,no,no,no,False
103477682,METROPOLITAN NASHVILLE POLICE DEPT,20220573922,Davidson,Nashville,11/13/2022 2:07:00 PM,2,1,0,36.143040,-86.684610,I 40,,,,0.00,,,,,,,215.55,N,Not at Intersection,N,Non-Junction,None,,,         ,Brian,Ritz,Clear,Front to Rear,no,no,no,no,no,False
103477700,GOODLETTSVILLE POLICE DEPT,22-34516,Davidson,Goodlettsville,11/13/2022 1:57:00 PM,2,0,0,36.293770,-86.730580,US HWY 31W,,,,829.00,Feet,North,CAMPBELL RD,,,,0.00,N,Not at Intersection,N,Non-Junction,None,,,         ,Jovan,Martin,Clear,Angle,no,no,no,no,no,False
103477721,METROPOLITAN NASHVILLE POLICE DEPT,20220573969,Davidson,Nashville,11/13/2022 2:50:00 PM,2,0,0,36.152370,-86.634470,I 40,,,,0.00,,,,,,,218.60,N,Not at Intersection,N,Non-Junction,None,,,         ,Charis,Holland,Clear,"Sideswipe, Same Direction",no,no,no,no,yes,False
103477731,METROPOLITAN NASHVILLE POLICE DEPT,20220573991,Davidson,Nashville,11/12/2022 9:30:00 PM,2,0,0,36.179620,-86.802170,10TH AVN,,,,244.00,Feet,West,JANE ST,,,,0.00,N,Not at Intersection,N,Non-Junction,None,,,         ,Hendrik,Kruger,Clear,"Sideswipe, Same Direction",no,no,no,no,yes,False
103477733,METROPOLITAN NASHVILLE POLICE DEPT,20220573920,Davidson,Nashville,11/13/2022 2:00:00 PM,2,2,0,36.301763,-86.886204,CLARKSVILLE PIKE,,,,0.00,,,EATONS CREEK PIKE,,,,0.00,Y,T-Intersection,N,Intersection-Related,None,,,         ,Aleksandra,Kawicka,Cloudy,Angle,no,no,no,no,no,False
103477743,METROPOLITAN NASHVILLE POLICE DEPT,20220573915,Davidson,Nashville,11/13/2022 2:04:00 PM,2,1,0,36.044860,-86.670430,BELL RD,,,,0.00,,,HICKORY PARK DR,,,,0.00,Y,T-Intersection,N,Intersection,None,,,         ,Matthew,Mrowiec,Clear,Angle,no,no,no,no,no,False
103477752,METROPOLITAN NASHVILLE POLICE DEPT,20220573809,Davidson,Nashville,11/13/2022 12:25:00 PM,2,2,0,36.170740,-86.812440,HEIMAN ST,,,,0.00,,,HEIMAN ST PVTDR,,,,0.00,Y,Four-Way,N,Non-Junction,None,,,         ,Judah,Parker,Clear,Other,no,no,no,no,no,False
103477766,METROPOLITAN NASHVILLE POLICE DEPT,20220574027,Davidson,Nashville,11/13/2022 3:14:00 PM,2,0,0,36.195970,-86.734950,CAHAL AV,,,,234.00,Feet,East,NORTHVIEW AV,,,,0.00,N,Not at Intersection,N,Non-Junction,None,,,         ,Daniel,Carney,Clear,Angle,no,no,no,no,yes,False
103477773,METROPOLITAN NASHVILLE POLICE DEPT,20220573535,Davidson,Nashville,11/13/2022 4:29:00 PM,1,0,0,36.170280,-86.766170,I24 W ENT RAMP,,,,0.00,Feet,East,I 24,,,,0.00,N,Not at Intersection,Y,Entrance/Exit Ramp Related,None,,,         ,Ronald,Bright,Cloudy,Not Collision with Motor Vehicle in Transport,no,no,no,no,no,False
103477774,METROPOLITAN NASHVILLE POLICE DEPT,20220573791,Davidson,Nashville,11/13/2022 10:45:00 AM,1,0,0,36.185530,-86.863260,BRILEY PKWYS,,,,102.00,Feet,North,BRILEY PKWY N EXT RAMP,,,,0.00,N,Not at Intersection,N,Non-Junction,None,,,         ,Alexandra,Wall,Cloudy,Not Collision with Motor Vehicle in Transport,no,no,no,no,no,False
103477779,METROPOLITAN NASHVILLE POLICE DEPT,20220573983,Davidson,Nashville,11/13/2022 3:25:00 PM,2,0,0,36.064600,-86.628260,MURFREESBORO PKE,,,,95.00,Feet,South,HAMILTON CHURCH RD,,,,0.00,N,Not at Intersection,N,Non-Junction,None,,,         ,Corey,Schulz,Clear,Angle,no,no,no,no,no,False
103477855,METROPOLITAN NASHVILLE POLICE DEPT,20220573959,Davidson,Nashville,11/13/2022 3:07:00 PM,3,1,0,36.124290,-86.696340,VULTEE BLVD,,,,0.00,,,BRILEY PKWY,,,,0.00,Y,Four-Way,N,Intersection,None,,,         ,Robert,Marquez,Clear,Angle,no,no,no,no,no,False
103477859,METROPOLITAN NASHVILLE POLICE DEPT,20220574174,Davidson,Nashville,11/13/2022 6:05:00 PM,2,0,0,36.149480,-86.747620,I 40,,,,0.00,,,,,,,211.75,N,Not at Intersection,N,Non-Junction,None,,,         ,Reagan,Heath,Clear,Front to Rear,no,no,no,no,no,False
103477862,METROPOLITAN NASHVILLE POLICE DEPT,20220574017,Davidson,Nashville,11/13/2022 3:31:00 PM,2,0,0,36.170100,-86.769310,WOODLAND ST,,,,278.00,Feet,West,INTERSTATE DR,,,,0.00,N,Not at Intersection,N,Non-Junction,None,,,         ,Zachary,Triano,Cloudy,"Sideswipe, Same Direction",no,no,no,no,yes,False
103477865,METROPOLITAN NASHVILLE POLICE DEPT,20220574113,Davidson,Nashville,11/13/2022 4:45:00 PM,2,0,0,36.151280,-86.691620,ELM HILL PKE EB EXT RAMP,,,,0.00,,,ELM HILL PKE,,,,0.00,Y,T-Intersection,N,Entrance/Exit Ramp Related,None,,,         ,Larry,Benz,Cloudy,Angle,no,no,no,no,no,False
103477867,METROPOLITAN NASHVILLE POLICE DEPT,20220574020,Davidson,Nashville,11/13/2022 3:51:00 PM,3,1,0,36.143150,-86.704790,I 40,,,,0.00,,,,,,,214.50,N,Not at Intersection,N,Non-Junction,None,,,         ,William,Boler,Clear,Rear to Rear,no,no,no,no,no,False
103477880,METROPOLITAN NASHVILLE POLICE DEPT,20220574191,Davidson,Nashville,11/13/2022 6:25:00 PM,1,0,0,36.188800,-86.812240,18TH AVN,,,,0.00,Feet,East,WALSH ST,,,,0.00,N,Not at Intersection,N,Non-Junction,None,,,         ,Austin,Bowles,Clear,Not Collision with Motor Vehicle in Transport,no,no,no,no,no,False
103477888,METROPOLITAN NASHVILLE POLICE DEPT,20220574169,Davidson,Nashville,11/13/2022 5:30:00 PM,3,0,0,36.133090,-86.727140,I 24,,,,0.00,,,,,,,51.10,N,Not at Intersection,N,Non-Junction,None,,,         ,Sean,McConnell,Clear,Front to Rear,no,no,no,no,no,False
103477896,METROPOLITAN NASHVILLE POLICE DEPT,20220574080,Davidson,Nashville,11/13/2022 4:56:00 PM,2,0,0,36.067540,-86.718550,NOLENSVILLE PKE,,,,293.00,Feet,South,HAYWOOD LN,,,,0.00,N,Not at Intersection, ,Non-Junction,None,,,         ,Michael,Raash,Clear,Angle,no,no,no,no,no,False
103477913,METROPOLITAN NASHVILLE POLICE DEPT,20220574137,Davidson,Nashville,11/13/2022 5:36:00 PM,3,0,0,36.133980,-86.727100,I 24,,,,0.00,,,,,,,52.00,N,Not at Intersection,N,Non-Junction,None,,,         ,Amgad,Bekhit,Clear,Front to Rear,no,no,no,no,no,False
103477915,METROPOLITAN NASHVILLE POLICE DEPT,20220574236,Davidson,Nashville,11/13/2022 7:00:00 PM,2,1,0,36.042990,-86.661630,CANE RIDGE RD,,,,10.00,Feet,South,BELL HOLLOW APTS PVTDR,,,,0.00,N,Not at Intersection,N,Non-Junction,None,,,         ,Corey,Schulz,Clear,Front to Rear,no,no,no,yes,no,False
103477916,METROPOLITAN NASHVILLE POLICE DEPT,20220574134,Davidson,Nashville,11/13/2022 4:15:00 PM,2,0,0,36.156160,-86.771460,2ND AVS,,,,240.00,Feet,North,LEA AV,,,,0.00,N,Not at Intersection,N,Non-Junction,None,,,         ,Blake,Curry,Clear,"Sideswipe, Same Direction",no,no,no,no,yes,False
103477931,METROPOLITAN NASHVILLE POLICE DEPT,20220574215,Davidson,Nashville,11/13/2022 12:00:00 AM,2,0,0,36.195530,-86.619230,OLD HICKORY BLVD,,,,63.00,Feet,South,OLD HICKORY BLVD PVTDR,,,,0.00,N,Not at Intersection,N,Non-Junction,None,,,         ,Keenan,McCann,Clear,Front to Rear,no,no,no,no,no,False
103477937,METROPOLITAN NASHVILLE POLICE DEPT,20220574268,Davidson,Nashville,11/13/2022 7:11:00 PM,2,0,0,36.089070,-86.649990,RANSOM PL,,,,0.00,,,MURFREESBORO PKE,,,,0.00,Y,Four-Way,Y,Intersection,None,,,         ,Charis,Holland,Clear,"Sideswipe, Opposite Direction",no,no,no,no,yes,False
103477961,METROPOLITAN NASHVILLE POLICE DEPT,20220573998,Davidson,Nashville,11/13/2022 3:37:00 PM,2,1,0,36.169350,-86.766650,I 24,,,,0.00,,,,,,,48.70,N,Not at Intersection,N,Non-Junction,None,,,         ,Zachary,Triano,Clear,Front to Rear,no,no,no,no,yes,False
103477971,THP District 3 - Nashville,322094759,Davidson,Nashville,11/13/2022 8:09:00 AM,2,0,0,36.044960,-86.696650,BELL RD,,,,793.00,Feet,West,BENZING RD,,,,0.00,N,Not at Intersection,N,Non-Junction,None,,,         ,Keith,Velez,Cloudy,"Sideswipe, Same Direction",no,no,no,no,yes,False
103478001,METROPOLITAN NASHVILLE POLICE DEPT,20220574132,Davidson,Nashville,11/13/2022 5:35:00 PM,3,0,0,36.040340,-86.768950,OLD HICKORY BLVD,,,,173.00,Feet,West,SEVEN SPRINGS WAY,,,,0.00,N,Not at Intersection,N,Non-Junction,None,,,         ,Tyler,Shanks,Clear,Front to Rear,no,no,no,no,no,False
103478040,METROPOLITAN NASHVILLE POLICE DEPT,20220574246,Davidson,Nashville,11/13/2022 7:26:00 PM,2,1,0,36.169890,-86.674430,LEBANON PKE,,,,1.00,Feet,West,GRAYLYNN DR,,,,0.00,N,Not at Intersection,N,Non-Junction,None,,,         ,Zacarias,Brito Jr.,Clear,Front to Rear,no,no,no,no,no,False
103478064,METROPOLITAN NASHVILLE POLICE DEPT,20220574254,Davidson,Nashville,11/13/2022 7:32:00 PM,1,1,0,36.072740,-86.920690,OLD HICKORY BLVD,,,,24.00,Feet,North,BELLEVUE VALLEY PLAZA PVTDR,,,,0.00,N,Not at Intersection,N,Non-Junction,None,,,         ,Justin,Wells,Clear,Not Collision with Motor Vehicle in Transport,yes,no,no,no,no,False
103478074,METROPOLITAN NASHVILLE POLICE DEPT,20220574298,Davidson,Nashville,11/13/2022 8:07:00 PM,2,0,0,36.181430,-86.749340,GALLATIN AVE,,,,43.00,Feet,North,MANSFIELD ST,,,,0.00,N,Not at Intersection,N,Non-Junction,None,,,         ,Seth,Wilson,Clear,Angle,no,no,no,no,yes,False
103478076,METROPOLITAN NASHVILLE POLICE DEPT,20220574301,Davidson,Nashville,11/13/2022 7:40:00 PM,2,0,0,36.098290,-86.746370,VERITAS ST,,,,84.00,Feet,East,MAYS ST,,,,0.00,N,Not at Intersection,N,Non-Junction,None,,,         ,Nicholas,Hoffmann,Clear,HeadOn,no,no,no,no,yes,False
103478077,METROPOLITAN NASHVILLE POLICE DEPT,20220574376,Davidson,Madison,11/13/2022 9:30:00 PM,1,0,0,36.306900,-86.685590,GALLATIN PKEN,,,,261.00,Feet,West,NORTHSIDE MARKETPLACE PVTDR,,,,0.00,N,Not at Intersection, ,Non-Junction,None,,,         ,Jonathon,Sheppard,Clear,Not Collision with Motor Vehicle in Transport,no,no,no,no,no,False
103478090,METROPOLITAN NASHVILLE POLICE DEPT,20220574180,Davidson,Not in City Limit,11/13/2022 6:17:00 PM,2,0,0,36.074030,-86.935300,HIGHWAY 70S,,,,1.00,Feet,East,CROSS TIMBERS DR,,,,0.00,N,Not at Intersection, ,Non-Junction,None,,,         ,Justin,Wells,Clear,Angle,no,no,no,no,no,False
103478101,METROPOLITAN NASHVILLE POLICE DEPT,20220574185,Davidson,Nashville,11/13/2022 12:00:00 AM,2,1,0,36.074310,-86.702180,WILLARD DR,,,,146.00,Feet,South,DADE DR,,,,0.00,N,Not at Intersection,N,Non-Junction,None,,,         ,Andrew,Ellis,Cloudy,"Sideswipe, Opposite Direction",no,no,no,no,yes,False
103478102,METROPOLITAN NASHVILLE POLICE DEPT,20220574302,Davidson,Nashville,11/13/2022 5:22:00 PM,2,1,0,36.072810,-86.692050,I 24,,,,0.00,,,,,,,56.70,N,Not at Intersection,Y,Non-Junction,None,,,         ,Andrew,Ellis,Clear,"Sideswipe, Same Direction",no,no,no,no,yes,False
103478103,METROPOLITAN NASHVILLE POLICE DEPT,20220574476,Davidson,Nashville,11/13/2022 12:00:00 AM,2,0,0,36.089070,-86.649990,RANSOM PL,,,,0.00,,,MURFREESBORO PKE,,,,0.00,Y,Four-Way,N,Intersection-Related,None,,,         ,Samuel,Fredericks,Clear,Angle,no,no,no,no,yes,False
103478112,METROPOLITAN NASHVILLE POLICE DEPT,20220574275,Davidson,Madison,11/13/2022 7:46:00 PM,2,4,0,36.271530,-86.761160,OLD HICKORY BLVD,,,,140.00,Feet,South,MARYDALE DR,,,,0.00,N,Not at Intersection,N,Non-Junction,None,,,         ,Wesley,Carver,Clear,Angle,no,no,no,no,yes,False
103478124,METROPOLITAN NASHVILLE POLICE DEPT,20220574009,Davidson,Nashville,11/13/2022 3:45:00 PM,2,0,0,36.145730,-86.696180,BRILEY PKWY S EXT RAMP,,,,0.00,Feet,East,I40 E ENT RAMP,,,,0.00,N,Not at Intersection, ,Non-Junction,None,,,         ,Dylan,Colquhoun,Clear,Angle,no,no,no,no,no,False
103478146,METROPOLITAN NASHVILLE POLICE DEPT,20220574356,Davidson,Nashville,11/13/2022 9:16:00 PM,1,1,0,36.113250,-86.723930,I 24,,,,0.00,,,,,,,53.40,N,Not at Intersection,N,Non-Junction,None,,,         ,Lisa,Beck,Clear,Not Collision with Motor Vehicle in Transport,no,no,no,no,no,False
103478148,METROPOLITAN NASHVILLE POLICE DEPT,20220574559,Davidson,Nashville,11/13/2022 11:10:00 PM,2,0,0,36.087050,-86.648770,MURFREESBORO PKE,,,,57.00,Feet,North,NASHBORO BLVD,,,,0.00,N,Not at Intersection,N,Non-Junction,None,,,         ,Jason,Lyons,Clear,"Sideswipe, Same Direction",no,no,no,no,yes,False
103478149,METROPOLITAN NASHVILLE POLICE DEPT,20220574463,Davidson,Nashville,11/13/2022 12:00:00 AM,2,0,0,36.068780,-86.717350,HAYWOOD LN,,,,314.00,Feet,West,HOPEDALE DR,,,,0.00,N,Not at Intersection,N,Non-Junction,None,,,         ,Antoine,Maghamez,Clear,Angle,no,no,no,no,yes,False
103478154,METROPOLITAN NASHVILLE POLICE DEPT,20220574553,Davidson,Not in City Limit,11/13/2022 12:00:00 AM,2,0,0,36.000010,-86.692990,CONCORD HILLS DR,,,,245.00,Feet,North,US HWY 31 ALT,,,,0.00,N,Not at Intersection,N,Non-Junction,None,,,         ,Derek,Garcia,Clear,Angle,no,no,no,no,yes,False
103478160,METROPOLITAN NASHVILLE POLICE DEPT,20220574625,Davidson,Nashville,11/13/2022 11:44:00 PM,2,0,0,36.155580,-86.789870,BROADWAY,,,,52.00,Feet,West,I40 E EXT RAMP,,,,0.00,N,Not at Intersection, ,,None,,,         ,Dallas,Johnson,,,no,no,no,no,no,False
103478161,METROPOLITAN NASHVILLE POLICE DEPT,20220574446,Davidson,Nashville,11/13/2022 10:15:00 PM,2,0,0,36.120140,-86.744000,PEACHTREE ST,,,,280.00,Feet,West,FOSTER AV,,,,0.00,N,Not at Intersection,N,Non-Junction,None,,,         ,Jonathan,Bouderau,Clear,Front to Rear,no,no,no,no,no,False
103478162,METROPOLITAN NASHVILLE POLICE DEPT,20220574591,Davidson,Nashville,11/13/2022 11:15:00 PM,2,0,0,36.167290,-86.756720,S 7TH ST,,,,46.00,Feet,North,CAYCE PLACE PVTDR,,,,0.00,N,Not at Intersection,N,Non-Junction,None,,,         ,Chad,Connors,Clear,Angle,no,no,no,no,no,False
103478163,METROPOLITAN NASHVILLE POLICE DEPT,20220574504,Davidson,Nashville,11/13/2022 10:44:00 PM,2,0,0,36.154340,-86.759660,I 40,,,,0.00,,,,,,,211.00,N,Not at Intersection,N,Non-Junction,None,,,         ,Richard,Luellen,Clear,Front to Rear,no,no,no,no,no,False
103478167,METROPOLITAN NASHVILLE POLICE DEPT,20220574667,Davidson,Nashville,11/14/2022 1:00:00 AM,1,0,0,36.192840,-86.777690,I 65,,,,0.00,,,,,,,86.45,N,Not at Intersection,N,Non-Junction,None,,,         ,Michael,Esposito,Clear,Not Collision with Motor Vehicle in Transport,no,no,no,no,yes,False
103478172,METROPOLITAN NASHVILLE POLICE DEPT,2022-0573951,Davidson,Nashville,11/13/2022 12:00:00 AM,1,0,0,36.194570,-86.624560,BONNARIDGE DR,,,,72.00,Feet,West,BONNAFORD DR,,,,0.00,N,Not at Intersection, ,Non-Junction,None,,,         ,Frank,Walker,Clear,Not Collision with Motor Vehicle in Transport,no,no,no,no,no,False
103478186,GOODLETTSVILLE POLICE DEPT,22-34561,Davidson,Goodlettsville,11/13/2022 11:56:00 PM,2,0,0,36.317150,-86.701580,I 65,,,,0.00,,,,,,,96.50,N,Not at Intersection,N,Non-Junction,None,,,         ,William,Campbell,Clear,Front to Rear,no,no,no,no,no,False
103478190,METROPOLITAN NASHVILLE POLICE DEPT,20220574373,Davidson,Nashville,11/13/2022 12:00:00 AM,2,0,0,36.111430,-86.750370,THOMPSON LN,,,,0.00,,,,,,,0.00,,,N,Non-Junction,None,,,         ,Mitchell,Cook,Cloudy,"Sideswipe, Same Direction",no,no,no,yes,yes,False
103478229,METROPOLITAN NASHVILLE POLICE DEPT,20220574462,Davidson,Nashville,11/13/2022 10:22:00 PM,1,0,0,36.204290,-86.730040,MCGAVOCK PKE,,,,0.00,,,HUFFINE ST,,,,0.00,Y,T-Intersection,N,Non-Junction,None,,,         ,Dillon,Hunt,Clear,Not Collision with Motor Vehicle in Transport,no,no,no,no,no,False
103478247,METROPOLITAN NASHVILLE POLICE DEPT,20220574853,Davidson,Nashville,11/13/2022 12:34:00 PM,2,0,0,36.074480,-86.597160,SEBETHA CT,,,,281.00,Feet,North,COUNTRY WAY RD,,,,0.00,N,Not at Intersection,N,Non-Junction,None,,,         ,Lisa,Beck,Clear,Front to Rear,no,no,no,no,yes,False
103478258,METROPOLITAN NASHVILLE POLICE DEPT,20220574880,Davidson,Nashville,11/14/2022 5:42:00 AM,1,0,0,36.137240,-86.704950,PATRICIA DR,,,,45.00,Feet,South,MARCELLA DR,,,,0.00,N,Not at Intersection,N,Non-Junction,None,,,         ,Dylan,Motes,Clear,Not Collision with Motor Vehicle in Transport,no,no,no,no,no,False
103478260,METROPOLITAN NASHVILLE POLICE DEPT,20220574779,Davidson,Nashville,11/14/2022 2:56:00 AM,1,4,0,36.127680,-86.737600,LYLE LN,,,,36.00,Feet,East,TPS COMPLEX PVTDR,,,,0.00,N,Not at Intersection,N,Non-Junction,None,,,         ,Jason,Lyons,Clear,Not Collision with Motor Vehicle in Transport,no,no,no,no,no,False
103478283,METROPOLITAN NASHVILLE POLICE DEPT,20220574906,Davidson,Nashville,11/14/2022 5:57:00 AM,2,0,0,36.264070,-86.690290,STATE RT 45,,,,0.00,,,MYATT DR,,,,0.00,Y,Four-Way,N,Intersection,None,,,         ,William,Coy,Clear,"Sideswipe, Same Direction",no,no,no,no,yes,False