master_record_number,agency,agency_tracking_number,county,city,collision_date,vehicles_involved,number_injured,number_dead,latitude,longitude,roadway_name,roadway_suffix,roadway_number,roadway_local_id,distance_from_reference,miles-feet_indicator,direction_from_reference,intersection_road_name,intersection_road_name_suffix,intersection_road_number,intersection_local_id,mile_marker,intersection_indicator,intersect_type,interchange_related_indicator,relation_to_junction,work_zone_type,construction_maintenance_zone,construction_maintenance_zone_location,fatal_case_number,officer_first_name,officer_last_name,weather_condition(s),manner_of_crash,pedestrian,bicycle,scooter,parking,hitrun,mou
103478293,METROPOLITAN NASHVILLE POLICE DEPT,20220575012,Davidson,Nashville,11/14/2022 7:21:00 AM,1,0,0,36.204680,-86.750260,E TRINITY LN,,,,32.00,Feet,East,ELLINGTON PKWYS,,,,0.00,N,Not at Intersection,N,Non-Junction,None,,,         ,Jarret,Sonnenberg,Clear,Not Collision with Motor Vehicle in Transport,no,no,no,no,no,False
103478305,METROPOLITAN NASHVILLE POLICE DEPT,20220574919,Davidson,Nashville,11/14/2022 6:15:00 AM,2,1,0,36.045330,-86.717610,OLD HICKORY BLVD,,,,170.00,Feet,West,KNOLLS PL,,,,0.00,N,Not at Intersection,N,Non-Junction,None,,,         ,Juan,Garcia-Canizales,Clear,Front to Rear,no,no,no,no,no,False
103478311,METROPOLITAN NASHVILLE POLICE DEPT,20220574993,Davidson,Nashville,11/14/2022 7:09:00 AM,2,0,0,36.124730,-86.789580,12TH AVS,,,,0.00,,,GILMORE AV,,,,0.00,Y,T-Intersection, ,Intersection,Construction Zone,,,         ,Earl,Davis,Clear,Angle,no,no,no,no,no,False
103478317,METROPOLITAN NASHVILLE POLICE DEPT,20220574944,Davidson,Nashville,11/14/2022 6:50:00 AM,1,1,0,36.170430,-86.653680,LEBANON PKE,,,,73.00,Feet,West,RIVERSTONE BLVD,,,,0.00,N,Not at Intersection,N,Non-Junction,None,,,         ,Kevin,Smithson,Clear,Not Collision with Motor Vehicle in Transport,no,no,no,no,no,False
103478322,METROPOLITAN NASHVILLE POLICE DEPT,20220574986,Davidson,Nashville,11/14/2022 7:10:00 AM,1,1,0,36.251020,-86.828600,WHITES CREEK PKE,,,,656.00,Feet,South,BUENA VISTA PKE,,,,0.00,N,Not at Intersection,N,Non-Junction,None,,,         ,Chase,Harriman,Clear,Not Collision with Motor Vehicle in Transport,no,no,no,no,no,False
103478325,GOODLETTSVILLE POLICE DEPT,22-34608,Davidson,Goodlettsville,11/14/2022 8:02:00 AM,2,1,0,36.315700,-86.701420,I 65,,,,0.00,,,,,,,96.40,N,Not at Intersection,N,Non-Junction,None,,,         ,Rico,Jones,Clear,"Sideswipe, Same Direction",no,no,no,no,no,False
103478326,METROPOLITAN NASHVILLE POLICE DEPT,20220575007,Davidson,Nashville,11/14/2022 12:00:00 AM,1,0,0,36.091070,-86.734730,NOLENSVILLE PKE,,,,160.00,Feet,South,YELTON CT,,,,0.00,N,Not at Intersection,N,Non-Junction,None,,,         ,Eric,Burford,Clear,Not Collision with Motor Vehicle in Transport,no,no,no,no,yes,False
103478328,METROPOLITAN NASHVILLE POLICE DEPT,20220575123,Davidson,Nashville,11/14/2022 8:20:00 AM,1,0,0,36.212130,-86.622750,OLD HICKORY BLVD,,,,121.00,Feet,South,RACHELS LN,,,,0.00,N,Not at Intersection,N,Non-Junction,None,,,         ,Zachariah,Souza,Clear,Not Collision with Motor Vehicle in Transport,no,no,no,no,no,False
103478332,METROPOLITAN NASHVILLE POLICE DEPT,20220575107,Davidson,Nashville,11/14/2022 7:52:00 AM,2,2,0,36.131560,-86.897790,I 40,,,,0.00,,,,,,,201.15,N,Not at Intersection,N,Non-Junction,None,,,         ,Douglas,Atwood,Clear,Front to Rear,no,no,no,no,no,False
103478361,METROPOLITAN NASHVILLE POLICE DEPT,20220575191,Davidson,Nashville,11/14/2022 8:57:00 AM,4,0,0,36.053440,-86.672560,I 24,,,,0.00,,,,,,,58.45,N,Not at Intersection,Y,Non-Junction,None,,,         ,Matthew,Mrowiec,Clear,Angle,no,no,no,no,yes,False
103478389,METROPOLITAN NASHVILLE POLICE DEPT,20220575235,Davidson,Nashville,11/14/2022 9:18:00 AM,2,0,0,36.107210,-86.743330,NOLENSVILLE PKE,,,,149.00,Feet,South,TIMMONS ST,,,,0.00,N,Not at Intersection,N,Non-Junction,None,,,         ,Eric,Burford,Clear,Front to Rear,no,no,no,no,no,False
103478412,METROPOLITAN NASHVILLE POLICE DEPT,20220575267,Davidson,Nashville,11/14/2022 9:43:00 AM,1,0,0,36.156100,-86.824720,I40 E EXT RAMP,,,,0.00,,,I 40,,,,0.00,Y,OTHER,Y,Entrance/Exit Ramp Related,None,,,         ,Joshua,Warren,Clear,Not Collision with Motor Vehicle in Transport,no,no,no,no,no,False
103478434,METROPOLITAN NASHVILLE POLICE DEPT,20220575329,Davidson,Nashville,11/14/2022 10:25:00 AM,2,2,0,36.149800,-86.859460,CHARLOTTE PKE,,,,17.00,Feet,West,MIDLAND AV,,,,0.00,N,Not at Intersection,N,Non-Junction,None,,,         ,Douglas,Atwood,Clear,Angle,no,no,no,no,no,False
103478442,METROPOLITAN NASHVILLE POLICE DEPT,20220575463,Davidson,Nashville,11/14/2022 12:01:00 PM,1,1,0,36.158410,-86.790610,GEORGE L DAVIS BLVD,,,,0.00,,,CHURCH ST,,,,0.00,Y,Four-Way,N,Intersection,None,,,         ,Russell,Freeman,Clear,Not Collision with Motor Vehicle in Transport,yes,no,no,no,no,False
103478443,METROPOLITAN NASHVILLE POLICE DEPT,20220575397,Davidson,Nashville,11/14/2022 11:10:00 AM,2,0,0,36.193190,-86.830460,CLARKSVILLE PKE,,,,280.00,Feet,East,BUENA VISTA PKE,,,,0.00,N,Not at Intersection, ,Non-Junction,None,,,         ,Christopher,Trejo,Clear,Angle,no,no,no,no,no,False
103478462,METROPOLITAN NASHVILLE POLICE DEPT,20220575333,Davidson,Nashville,11/14/2022 10:27:00 AM,2,0,0,36.153950,-86.757320,I 40,,,,0.00,,,,,,,211.10,N,Not at Intersection,Y,Non-Junction,None,,,         ,Rachael,Robinson,Clear,Front to Rear,no,no,no,no,yes,False
103478470,METROPOLITAN NASHVILLE POLICE DEPT,20220575091,Davidson,Nashville,11/14/2022 7:44:00 AM,3,0,0,36.190070,-86.630740,HICKORY HILL LN,,,,792.00,Feet,North,CENTRAL PKE,,,,0.00,N,Not at Intersection,N,Non-Junction,None,,,         ,Zachariah,Souza,Clear,Angle,no,no,no,yes,yes,False
103478480,METROPOLITAN NASHVILLE POLICE DEPT,20220575241,Davidson,Nashville,11/14/2022 9:30:00 AM,2,0,0,36.171310,-86.769380,JAMES ROBERTSON PKWY,,,,0.00,,,MAIN ST,,,,0.00,Y,OTHER, ,Non-Junction,None,,,         ,Alex,Moore,Clear,"Sideswipe, Same Direction",no,no,no,no,no,False
103478502,METROPOLITAN NASHVILLE POLICE DEPT,20220575303,Davidson,Nashville,11/14/2022 8:30:00 AM,2,1,0,36.079600,-86.726320,HARDING PL,,,,0.00,,,NOLENSVILLE PKE,,,,0.00,Y,Four-Way,N,Intersection,None,,,         ,Tyler,Heckaman,Clear,Front to Rear,no,no,no,no,yes,False
103478521,METROPOLITAN NASHVILLE POLICE DEPT,20220575304,Davidson,Nashville,11/14/2022 10:05:00 AM,2,0,0,36.158410,-86.790610,GEORGE L DAVIS BLVD,,,,0.00,,,CHURCH ST,,,,0.00,Y,OTHER, ,Non-Junction,None,,,         ,Alex,Moore,Clear,Angle,no,no,no,no,no,False
103478535,METROPOLITAN NASHVILLE POLICE DEPT,20220575552,Davidson,Nashville,11/14/2022 12:15:00 PM,2,0,0,36.131740,-86.895910,CHARLOTTE PKE,,,,123.00,Feet,West,I40 E EXT RAMP,,,,0.00,N,Not at Intersection, ,Non-Junction,None,,,         ,Robert,Allen,Clear,"Sideswipe, Same Direction",no,no,no,no,no,False
103478593,METROPOLITAN NASHVILLE POLICE DEPT,20220575472,Davidson,Nashville,11/14/2022 11:59:00 AM,2,1,0,36.194190,-86.830730,BUENA VISTA PKE,,,,174.00,Feet,South,RESHA LN,,,,0.00,N,Not at Intersection,N,Non-Junction,None,,,         ,Judah,Parker,Clear,"Sideswipe, Same Direction",no,no,no,no,no,False
103478642,METROPOLITAN NASHVILLE POLICE DEPT,20220575697,Davidson,Nashville,11/14/2022 2:35:00 PM,2,1,0,36.206070,-86.770920,W TRINITY LN,,,,55.00,Feet,East,LUCAS LN,,,,0.00,N,Not at Intersection,N,Non-Junction,None,,,         ,Jarret,Sonnenberg,Clear,Front to Rear,no,no,no,no,no,False
103478674,METROPOLITAN NASHVILLE POLICE DEPT,20220575526,Davidson,Nashville,11/14/2022 12:25:00 PM,2,0,0,36.064960,-86.628650,MURFREESBORO PKE,,,,79.00,Feet,North,HAMILTON CHURCH RD,,,,0.00,N,Not at Intersection,N,Non-Junction,None,,,         ,Dennis,Diesel,Clear,Front to Rear,no,no,no,no,yes,False
103478678,METROPOLITAN NASHVILLE POLICE DEPT,20220575708,Davidson,Nashville,11/14/2022 2:50:00 PM,2,0,0,36.155720,-86.827590,I 40,,,,0.00,,,,,,,205.60,N,Not at Intersection,N,Non-Junction,None,,,         ,Douglas,Atwood,Clear,Front to Rear,no,no,no,no,no,False
103478699,METROPOLITAN NASHVILLE POLICE DEPT,20220575239,Davidson,Nashville,11/14/2022 9:31:00 AM,1,1,0,36.235930,-86.705590,BRILEY PKWY W,,,,0.00,,West,BRILEY PKWY W,,,,0.00,N,Not at Intersection,N,Non-Junction,None,,,         ,Brian,Ritz,Clear,Not Collision with Motor Vehicle in Transport,no,no,no,no,no,False
103478705,METROPOLITAN NASHVILLE POLICE DEPT,20220575680,Davidson,Nashville,11/14/2022 2:15:00 PM,2,1,0,36.049160,-86.657760,HICKORY HOLLOW MALL PVTDR PL,,,,0.00,Feet,East,HICKORY HOLLOW PKWY,,,,0.00,N,Not at Intersection,N,Non-Junction,None,,,         ,Seth,Reynolds,Clear,Angle,no,no,no,yes,no,False
103478753,METROPOLITAN NASHVILLE POLICE DEPT,20220575696,Davidson,Nashville,11/14/2022 2:30:00 PM,2,0,0,36.142190,-86.666580,I40 W EXT RAMP,,,,0.00,Feet,,I 40,,,,0.00,Y,Four-Way,N,Intersection,None,,,         ,Larry,Benz,Clear,Angle,no,no,no,no,no,False
103478761,METROPOLITAN NASHVILLE POLICE DEPT,20220575719,Davidson,Nashville,11/14/2022 2:48:00 PM,2,0,0,36.168990,-86.810100,JEFFERSON ST,,,,153.00,Feet,West,21ST AVE N,,,,0.00,N,Not at Intersection,N,Non-Junction,None,,,         ,Judah,Parker,Clear,Other,no,no,no,no,yes,False
103478772,VANDERBILT UNIVERSITY POLICE,2022575781,Davidson,Nashville,11/14/2022 3:21:00 PM,1,1,0,36.101310,-86.760610,POWELL AV,,,,0.00,,,,,,,0.00,,,N,Non-Junction,None,,,         ,Nancy,Douglas,Clear,Not Collision with Motor Vehicle in Transport,yes,no,no,yes,no,False
103478780,METROPOLITAN NASHVILLE POLICE DEPT,20220575801,Davidson,Nashville,11/14/2022 2:30:00 PM,2,0,0,36.140100,-86.636420,TRAILS END LN,,,,0.00,,,QUAIL RD,,,,0.00,Y,T-Intersection, ,,None,,,         ,Zachary,Nichols,,,no,no,no,no,no,False
103478783,METROPOLITAN NASHVILLE POLICE DEPT,20220575817,Davidson,Nashville,11/14/2022 4:00:00 PM,2,0,0,36.047540,-86.663060,I 24,,,,0.00,,,,,,,59.15,N,Not at Intersection,N,Non-Junction,None,,,         ,Gary,Anderson,Clear,Angle,no,no,no,no,no,False
103478799,METROPOLITAN NASHVILLE POLICE DEPT,20220575876,Davidson,Nashville,11/14/2022 3:40:00 PM,2,0,0,36.051510,-86.714360,OCALA DR,,,,0.00,,,NOLENSVILLE PKE,,,,0.00,Y,Four-Way,N,Intersection,None,,,         ,Steven,Powers,Clear,Front to Rear,no,no,no,no,yes,False
103478802,METROPOLITAN NASHVILLE POLICE DEPT,20220575829,Davidson,Nashville,11/14/2022 4:00:00 PM,2,0,0,36.185870,-86.798040,I65 S EXT RAMP,,,,0.00,,,I 65,,,,0.00,Y,T-Intersection, ,Non-Junction,None,,,         ,Tyler,Edwards,Clear,Front to Rear,no,no,no,no,no,False
103478807,METROPOLITAN NASHVILLE POLICE DEPT,20220575803,Davidson,Antioch,11/14/2022 3:50:00 PM,2,1,0,36.047840,-86.612050,MURFREESBORO PKE,,,,1284.00,Feet,North,MOUNTAIN SPRINGS RD,,,,0.00,N,Not at Intersection,N,Non-Junction,None,,,         ,Brian,Sherman,Clear,"Sideswipe, Opposite Direction",no,no,no,no,no,False
103478828,METROPOLITAN NASHVILLE POLICE DEPT,20220575895,Davidson,Nashville,11/14/2022 4:56:00 PM,2,0,0,36.104040,-86.729190,SOUTHLAKE DR,,,,124.00,Feet,North,HOLBROOK DR,,,,0.00,N,Not at Intersection,N,Non-Junction,None,,,         ,Amgad,Bekhit,Cloudy,"Sideswipe, Opposite Direction",no,no,no,no,no,False
103478835,METROPOLITAN NASHVILLE POLICE DEPT,20220575842,Davidson,Nashville,11/14/2022 3:00:00 PM,2,0,0,36.137140,-86.775840,I 65,,,,0.00,,,,,,,81.65,N,Not at Intersection,N,Non-Junction,None,,,         ,Flynn,Ireland,Clear,"Sideswipe, Same Direction",no,no,no,no,no,False
103478840,METROPOLITAN NASHVILLE POLICE DEPT,20220575884,Davidson,Nashville,11/14/2022 4:59:00 PM,2,0,0,36.125620,-86.772740,I 65,,,,0.00,,,,,,,80.80,N,Not at Intersection,N,Non-Junction,None,,,         ,Garrett,Latham,Clear,Front to Rear,no,no,no,no,no,False
103478852,METROPOLITAN NASHVILLE POLICE DEPT,20220575914,Davidson,Nashville,11/14/2022 5:16:00 PM,1,0,0,36.196260,-86.687530,BRILEY PKWY N EXT RAMP,,,,0.00,,,BRILEY PKWYS,,,,0.00,Y,Y-Intersection,N,Non-Junction,None,,,         ,Zacarias,Brito Jr.,Clear,Not Collision with Motor Vehicle in Transport,no,no,no,no,no,False
103478880,METROPOLITAN NASHVILLE POLICE DEPT,20220575771,Davidson,Nashville,11/14/2022 3:31:00 PM,2,1,0,36.048800,-86.665220,I 24,,,,0.00,,,,,,,59.00,N,Not at Intersection,N,Non-Junction,Construction Zone,Laneclosure,Activity Area,         ,Steven,Bowler,Cloudy,Front to Rear,no,no,no,no,no,False
103478883,METROPOLITAN NASHVILLE POLICE DEPT,20220575939,Davidson,Nashville,11/14/2022 5:35:00 PM,2,1,0,36.111940,-86.709590,CURREY RD,,,,1.00,Feet,North,BRILEY PKWYN,,,,0.00,N,Not at Intersection,N,Non-Junction,None,,,         ,George,Poulos,Clear,Angle,no,no,no,no,no,False
103478885,METROPOLITAN NASHVILLE POLICE DEPT,20220575899,Davidson,Madison,11/14/2022 12:00:00 AM,1,0,0,36.263810,-86.704090,STATE RT 45,,,,109.00,Feet,East,DELAWARE AV,,,,0.00,N,Not at Intersection,N,Non-Junction,None,,,         ,Kyle,Eicholtz,Clear,Not Collision with Motor Vehicle in Transport,no,no,no,no,no,False
103478891,METROPOLITAN NASHVILLE POLICE DEPT,20220575904,Davidson,Nashville,11/14/2022 5:14:00 PM,1,0,0,36.169620,-86.607240,I40 W ENT RAMP,,,,0.00,,,I 40,,,,0.00,Y,OTHER, ,,None,,,         ,Phillip,Burke,,,no,no,no,no,no,False
103478909,METROPOLITAN NASHVILLE POLICE DEPT,20220575916,Davidson,Nashville,11/14/2022 5:08:00 PM,2,0,0,36.166330,-86.764780,I 24,,,,0.00,,,,,,,49.00,N,Not at Intersection,N,Non-Junction,None,,,         ,Zachary,Triano,Clear,Front to Rear,no,no,no,no,no,False
103478910,METROPOLITAN NASHVILLE POLICE DEPT,20220575920,Davidson,Nashville,11/14/2022 5:21:00 PM,2,1,0,36.173950,-86.784050,JUNIOR GILLIAM WAY,,,,0.00,,,3RD AVN,,,,0.00,Y,Four-Way,N,Non-Junction,None,,,         ,Kristopher,Marmolejo,Clear,Angle,no,no,no,no,no,False
103478911,METROPOLITAN NASHVILLE POLICE DEPT,20220575852,Davidson,Nashville,11/14/2022 3:07:00 PM,2,0,0,36.184820,-86.797010,I65 N ENT RAMP,,,,0.00,Feet,East,I 65,,,,0.00,N,Not at Intersection, ,Non-Junction,None,,,         ,Michael,Esposito,Clear,"Sideswipe, Same Direction",no,no,no,no,no,False
103478922,METROPOLITAN NASHVILLE POLICE DEPT,20220575857,Davidson,Not in City Limit,11/14/2022 4:30:00 PM,1,0,0,36.099850,-86.935090,I 40,,,,0.00,,,,,,,198.20,N,Not at Intersection,N,Non-Junction,None,,,         ,Mark,Lemieux,Clear,Not Collision with Motor Vehicle in Transport,no,no,no,no,no,False
103478924,METROPOLITAN NASHVILLE POLICE DEPT,20220574213,Davidson,Nashville,11/13/2022 5:53:00 PM,2,0,0,36.082160,-86.958010,HIGHWAY 70S,,,,90.00,Feet,East,HARPETH VALLEY RD,,,,0.00,N,Not at Intersection,N,Non-Junction,None,,,         ,Mark,Lemieux,Clear,"Sideswipe, Same Direction",no,no,no,no,no,False
103478936,BERRY HILL POLICE DEPT,22-3337,Davidson,Berry Hill,11/14/2022 12:00:00 AM,2,0,0,36.128590,-86.777890,FRANKLIN PKE,,,,0.00,,,8TH AVS,,,,0.00,Y,Four-Way, ,Intersection,None,,,         ,John,Gleixner,Clear,Angle,no,no,no,no,yes,False
103478942,METROPOLITAN NASHVILLE POLICE DEPT,20220575934,Davidson,Nashville,11/14/2022 5:00:00 PM,2,1,0,36.045600,-86.722350,OLD HICKORY BLVD,,,,463.00,Feet,West,ENCLAVE CIR,,,,0.00,N,Not at Intersection,N,Non-Junction,None,,,         ,Jacob,Robbins,Clear,Front to Rear,no,no,no,no,yes,False
103478951,GOODLETTSVILLE POLICE DEPT,22-34673,Davidson,Goodlettsville,11/13/2022 12:00:00 AM,2,0,0,36.327290,-86.712800,BASS ST,,,,201.00,Feet,North,DEPOT ST,,,,0.00,N,Not at Intersection,N,Non-Junction,None,,,         ,Jesse,Welch,Unknown,Unknown,no,no,no,no,yes,False
103478962,METROPOLITAN NASHVILLE POLICE DEPT,20220576070,Davidson,Nashville,11/14/2022 6:09:00 PM,2,0,0,36.029780,-86.744010,EDMONDSON PKE,,,,124.00,Feet,North,CLOVERLAND DR,,,,0.00,N,Not at Intersection, ,Non-Junction,None,,,         ,Tyler,Shanks,Clear,Front to Rear,no,no,no,no,no,False
103478969,METROPOLITAN NASHVILLE POLICE DEPT,20220576263,Davidson,Nashville,11/14/2022 7:01:00 PM,2,0,0,36.080810,-86.726720,NOLENSVILLE PKE,,,,455.00,Feet,North,HARDING PL,,,,0.00,N,Not at Intersection,N,Non-Junction,None,,,         ,Steven,Powers,Clear,Angle,no,no,no,no,yes,False
103479026,METROPOLITAN NASHVILLE POLICE DEPT,20220576001,Davidson,Not in City Limit,11/14/2022 5:45:00 PM,2,0,0,36.264210,-86.734420,OLD HICKORY BLVDW,,,,162.00,Feet,West,HEAD DR,,,,0.00,N,Not at Intersection,N,Non-Junction,None,,,         ,Bradly,Mackay,Clear,Front to Rear,no,no,no,no,no,False
103479031,VANDERBILT UNIVERSITY POLICE,20220576207,Davidson,Nashville,11/14/2022 12:00:00 AM,2,0,0,36.142640,-86.796300,18TH AVS,,,,0.00,,,,,,,0.00,,,N,Non-Junction,None,,,         ,Yasemine,Lomax,,Unknown,no,no,no,yes,yes,Campus
103479052,METROPOLITAN NASHVILLE POLICE DEPT,20220576020,Davidson,Nashville,11/14/2022 6:27:00 PM,2,2,0,36.231480,-86.616830,SHUTE LN,,,,0.00,Feet,,MONTCHANIN TER,,,,0.00,Y,T-Intersection,N,Intersection-Related,None,,,         ,Robert,Marquez,Clear,Front to Rear,no,no,no,no,no,False
103479056,METROPOLITAN NASHVILLE POLICE DEPT,20220575956,Davidson,Nashville,11/14/2022 5:32:00 PM,2,0,0,36.166370,-86.820390,28TH AVN,,,,91.00,Feet,South,MEHARRY BLVD,,,,0.00,N,Not at Intersection,N,Non-Junction,None,,,         ,Alma,Villa,Clear,Angle,no,no,no,no,yes,False
103479069,METROPOLITAN NASHVILLE POLICE DEPT,20220575966,Davidson,Nashville,11/14/2022 5:37:00 PM,2,0,0,36.047990,-86.865220,OLD HICKORY BLVD,,,,341.00,Feet,East,CHICKERING WOOD DR,,,,0.00,N,Not at Intersection,N,Non-Junction,None,,,         ,Jeremy,Huffine,Clear,Front to Rear,no,no,no,no,yes,False
103479094,METROPOLITAN NASHVILLE POLICE DEPT,20220576496,Davidson,Madison,11/14/2022 10:35:00 PM,2,0,0,36.263090,-86.690490,E OLD HICKORY BLVD,,,,0.00,,,MYATT DR,,,,0.00,Y,Four-Way,N,Intersection-Related,None,,,         ,Chase,Carter,Clear,Angle,no,no,no,no,yes,False
103479104,METROPOLITAN NASHVILLE POLICE DEPT,20220575902,Davidson,Nashville,11/14/2022 5:13:00 PM,4,0,0,36.122550,-86.773250,I 65,,,,0.00,,,,,,,80.55,N,Not at Intersection,N,Non-Junction,None,,,         ,Flynn,Ireland,Clear,Front to Rear,no,no,no,no,no,False
103479110,METROPOLITAN NASHVILLE POLICE DEPT,20220576272,Davidson,Nashville,11/14/2022 8:42:00 PM,2,2,0,36.068220,-86.704790,HAYWOOD LN,,,,792.00,Feet,East,CHAMBERS DR,,,,0.00,N,Not at Intersection,N,Non-Junction,None,,,         ,Megan,Arnett,Clear,Front to Rear,no,no,no,no,no,False
103479113,METROPOLITAN NASHVILLE POLICE DEPT,20220576511,Davidson,Nashville,11/14/2022 10:21:00 PM,1,0,0,36.208490,-86.690470,BRILEY PKWY N,,,,0.00,,,,,,,0.00,,Not at Intersection, ,Non-Junction,None,,,         ,Richard,Luellen,Clear,Not Collision with Motor Vehicle in Transport,no,no,no,no,no,False
103479118,METROPOLITAN NASHVILLE POLICE DEPT,20220576430,Davidson,Nashville,11/14/2022 9:58:00 PM,2,1,0,36.168360,-86.688570,BRILEY PKWYS,,,,51.00,Feet,East,LEBANON PKE,,,,0.00,N,Not at Intersection,Y,Entrance/Exit Ramp Related,None,,,         ,William,Boler,Clear,Angle,no,no,no,no,yes,False
103479121,METROPOLITAN NASHVILLE POLICE DEPT,20220575827,Davidson,Nashville,11/14/2022 4:09:00 PM,2,0,0,36.073550,-86.920670,OLD HICKORY BLVD,,,,82.00,Feet,South,BELLEVUE VALLEY PLAZA PVTDR,,,,0.00,N,Not at Intersection,N,Non-Junction,None,,,         ,Jeremy,Huffine,Clear,Front to Rear,no,no,no,no,no,False
103479123,METROPOLITAN NASHVILLE POLICE DEPT,20220576658,Davidson,Nashville,11/15/2022 12:15:00 AM,2,0,0,36.206730,-86.779850,W TRINITY LN,,,,342.00,Feet,East,SCRUGGS LN,,,,0.00,N,Not at Intersection, ,Non-Junction,None,,,         ,Malik,Smith,Clear,"Sideswipe, Same Direction",no,no,no,yes,no,False
103479128,METROPOLITAN NASHVILLE POLICE DEPT,20220576486,Davidson,Nashville,11/14/2022 10:33:00 PM,2,0,0,36.246860,-86.744230,I 65,,,,0.00,,,,,,,90.90,N,Not at Intersection,N,Non-Junction,None,,,         ,Coleman,McKellar,Clear,Front to Rear,no,no,no,no,no,False
103479134,METROPOLITAN NASHVILLE POLICE DEPT,20220576370,Davidson,Nashville,11/14/2022 6:20:00 PM,2,0,0,36.045760,-86.720780,HICKORY VILLA DR,,,,21.00,Feet,North,OLD HICKORY BLVD,,,,0.00,N,Not at Intersection,Y,"Driveway, Alley Access, etc",None,,,         ,Jacob,Robbins,Cloudy,Angle,no,no,no,no,yes,False
103479144,METROPOLITAN NASHVILLE POLICE DEPT,20220576532,Davidson,Nashville,11/14/2022 11:00:00 PM,2,0,0,36.206620,-86.777900,W TRINITY LN,,,,0.00,Feet,,BRICK CHURCH PKE,,,,0.00,Y,Four-Way,Y,Intersection,None,,,         ,Matthew,Jorgensen,Clear,Angle,no,no,no,no,no,False
103479152,METROPOLITAN NASHVILLE POLICE DEPT,20220576460,Davidson,Nashville,11/14/2022 5:55:00 PM,2,0,0,36.106440,-86.742920,NOLENSVILLE PKE,,,,26.00,Feet,North,MORTON AV,,,,0.00,N,Not at Intersection, ,Non-Junction,None,,,         ,Mitchell,Cook,Cloudy,Front to Rear,no,no,no,no,no,False
103479153,METROPOLITAN NASHVILLE POLICE DEPT,20220576607,Davidson,Nashville,11/15/2022 12:01:00 AM,1,4,0,36.075700,-86.768070,I 65,,,,0.00,,,,,,,77.35,N,Not at Intersection,N,Non-Junction,None,,,         ,Mitchell,Cook,Cloudy,Not Collision with Motor Vehicle in Transport,no,no,no,no,no,False
103479173,METROPOLITAN NASHVILLE POLICE DEPT,20220576817,Davidson,Nashville,11/15/2022 2:50:00 AM,2,0,0,36.214490,-86.730520,STRATFORD AV,,,,0.00,,,GALLATIN PKE,,,,0.00,Y,T-Intersection,N,Intersection-Related,None,,,         ,Dillon,Hunt,Rain,Angle,no,no,no,no,yes,False
103479176,METROPOLITAN NASHVILLE POLICE DEPT,20220576772,Davidson,Nashville,11/15/2022 12:15:00 AM,2,0,0,36.211490,-86.797580,W NOCTURNE DR,,,,0.00,,,E NOCTURNE DR,,,,0.00,Y,Four-Way,N,Intersection,None,,,         ,David,Crisman,Rain,Angle,no,no,no,no,no,False
103479184,METROPOLITAN NASHVILLE POLICE DEPT,20220576833,Davidson,Nashville,11/15/2022 3:37:00 AM,1,0,0,36.141780,-86.734630,I 40,,,,0.00,,,,,,,212.65,N,Not at Intersection,N,Non-Junction,None,,,         ,Richard,Luellen,Rain,Not Collision with Motor Vehicle in Transport,no,no,no,no,no,False
103479202,METROPOLITAN NASHVILLE POLICE DEPT,20220576885,Davidson,Nashville,11/15/2022 12:00:00 AM,1,1,0,36.115400,-86.772870,I440 W ENT RAMP,,,,0.00,Feet,East,I 440,,,,0.00,N,Not at Intersection,Y,Non-Junction,None,,,         ,Mitchell,Cook,"Cloudy, Rain",Not Collision with Motor Vehicle in Transport,no,no,no,no,no,False
103479207,METROPOLITAN NASHVILLE POLICE DEPT,20220576921,Davidson,Nashville,11/15/2022 12:00:00 AM,2,0,0,36.182600,-86.735330,EASTLAND AV,,,,104.00,Feet,East,CHAPEL AV,,,,0.00,N,Not at Intersection,N,Non-Junction,None,,,         ,Nicholas,Cochran,Rain,Unknown,no,no,no,no,yes,False
103479208,METROPOLITAN NASHVILLE POLICE DEPT,20220576906,Davidson,Nashville,11/15/2022 5:15:00 AM,1,0,0,36.224830,-86.774510,I 65,,,,0.00,,,,,,,88.55,N,Not at Intersection,N,Non-Junction,None,,,         ,Coleman,McKellar,Rain,Not Collision with Motor Vehicle in Transport,no,no,no,no,no,False
103479219,METROPOLITAN NASHVILLE POLICE DEPT,20220575568,Davidson,Nashville,11/14/2022 1:13:00 PM,3,1,0,36.122210,-86.793370,PARIS AV,,,,400.00,Feet,East,BELMONT BLVD,,,,0.00,N,Not at Intersection,N,Non-Junction,None,,,         ,Earl,Davis,Cloudy,"Sideswipe, Same Direction",no,no,no,no,no,False
103479222,THP District 3 - Nashville,322093519,Davidson,Nashville,11/9/2022 12:30:00 PM,1,0,0,36.119410,-86.726360,I 24,,,,0.00,,,,,,,53.00,N,Not at Intersection,N,Non-Junction,None,,,         ,Nicholas,Lang,Clear,Not Collision with Motor Vehicle in Transport,no,no,no,no,yes,False
103479227,METROPOLITAN NASHVILLE POLICE DEPT,20220576958,Davidson,Nashville,11/15/2022 6:22:00 AM,1,1,0,36.129700,-86.839600,HARDING PKE,,,,15.00,Feet,West,VINE CT,,,,0.00,N,Not at Intersection,N,Non-Junction,None,,,         ,Theodore,Meskers,Rain,Not Collision with Motor Vehicle in Transport,yes,no,no,no,no,False