master_record_number,agency,agency_tracking_number,county,city,collision_date,vehicles_involved,number_injured,number_dead,latitude,longitude,roadway_name,roadway_suffix,roadway_number,roadway_local_id,distance_from_reference,miles-feet_indicator,direction_from_reference,intersection_road_name,intersection_road_name_suffix,intersection_road_number,intersection_local_id,mile_marker,intersection_indicator,intersect_type,interchange_related_indicator,relation_to_junction,work_zone_type,construction_maintenance_zone,construction_maintenance_zone_location,fatal_case_number,officer_first_name,officer_last_name,weather_condition(s),manner_of_crash,pedestrian,bicycle,scooter,parking,hitrun,mou
103479257,GOODLETTSVILLE POLICE DEPT,22-34726,Davidson,Goodlettsville,11/15/2022 7:55:00 AM,2,0,0,36.323106,-86.707571,LONG HOLLOW,PIKE,US174,,0.00,,,CARTWRIGHT,ST,,,0.00,Y,Four-Way, ,Intersection,None,,,         ,Rico,Jones,"Cloudy, Rain",Angle,no,no,no,no,no,False
103479276,METROPOLITAN NASHVILLE POLICE DEPT,20220577086,Davidson,Nashville,11/15/2022 7:34:00 AM,2,1,0,36.214130,-86.727740,STRATFORD AV,,,,0.00,,,KATHERINE ST,,,,0.00,Y,Four-Way,N,Non-Junction,None,,,         ,Michael,Agee,Rain,Angle,no,no,no,no,no,False
103479284,METROPOLITAN NASHVILLE POLICE DEPT,20220577110,Davidson,Not in City Limit,11/15/2022 7:49:00 AM,1,0,0,36.117680,-86.960170,OLD CHARLOTTE PKE,,,,1032.00,Feet,West,OLD CHARLOTTE PVTDR,,,,0.00,N,Not at Intersection,N,Non-Junction,None,,,         ,Jack,Crouch,"Cloudy, Rain",Not Collision with Motor Vehicle in Transport,no,no,no,no,no,False
103479287,METROPOLITAN NASHVILLE POLICE DEPT,20220577077,Davidson,Nashville,11/15/2022 7:30:00 AM,2,2,0,36.086460,-86.698690,HARDING PL,,,,0.00,,,I24 W ENT RAMP,,,,0.00,Y,Four-Way,N,Intersection-Related,None,,,         ,Eric,Burford,Rain,Front to Rear,no,no,no,no,no,False
103479303,Nashville Airport Police,2022-04824,Davidson,Nashville,11/14/2022 10:05:00 AM,2,0,0,36.133410,-86.665080,BNA DR,,,,0.00,,,TERMINAL DR,,,,0.00,Y,OTHER,N,Unknown,Construction Zone,Laneclosure,Activity Area,         ,Jacob,Webb,Cloudy,"Sideswipe, Same Direction",no,no,no,no,no,False
103479304,VANDERBILT UNIVERSITY POLICE,20220577202,Davidson,Nashville,11/15/2022 7:57:00 AM,2,0,0,36.142040,-86.806320,25TH AVS,,,,0.00,,,,,,,0.00,,,N,Non-Junction,None,,,         ,Wintrust,Paul,Cloudy,Front to Rear,no,no,no,yes,yes,Campus
103479323,METROPOLITAN NASHVILLE POLICE DEPT,20220577257,Davidson,Nashville,11/15/2022 9:00:00 AM,2,0,0,36.031680,-86.639600,I 24,,,,0.00,,,,,,,60.85,N,Not at Intersection, ,,None,,,         ,Timothy,Ward,,,no,no,no,no,no,False
103479325,METROPOLITAN NASHVILLE POLICE DEPT,20220577131,Davidson,Nashville,11/15/2022 8:00:00 AM,4,0,0,36.050980,-86.714210,NOLENSVILLE PKE,,,,196.00,Feet,South,OCALA DR,,,,0.00,N,Not at Intersection, ,,None,,,         ,Zachary,Wilbanks,,,no,no,no,no,no,False
103479331,GOODLETTSVILLE POLICE DEPT,22-34732,Davidson,Goodlettsville,11/15/2022 8:45:00 AM,2,0,0,36.309920,-86.688030,VIETNAM VETERANS BLVDS,,,,2157.00,Feet,East,CONFERENCE DR,,,,0.00,N,Not at Intersection, ,Non-Junction,None,,,         ,George,Forbes,Rain,"Sideswipe, Same Direction",no,no,no,no,no,False
103479332,METROPOLITAN NASHVILLE POLICE DEPT,2022-0577104,Davidson,Nashville,11/15/2022 7:40:00 AM,2,1,0,36.155300,-86.802230,20TH AVN,,,,0.00,,,PATTERSON ST,,,,0.00,Y,OTHER,N,Intersection,None,,,         ,Po,Cheng,Rain,Other,no,no,no,no,no,False
103479334,METROPOLITAN NASHVILLE POLICE DEPT,20220577000,Davidson,Nashville,11/15/2022 6:45:00 AM,2,1,0,36.100840,-86.729380,MCMILLAN CT,,,,0.00,,,ANTIOCH PKE,,,,0.00,Y,T-Intersection,N,Intersection-Related,None,,,         ,Brian,Mclarty,Rain,Angle,no,no,no,no,no,False
103479335,METROPOLITAN NASHVILLE POLICE DEPT,20220577247,Davidson,Nashville,11/15/2022 9:02:00 AM,2,0,0,36.066720,-86.770690,I 65,,,,0.00,,,,,,,76.70,N,Not at Intersection,N,Non-Junction,None,,,         ,Juan,Garcia-Canizales,"Cloudy, Rain",Front to Rear,no,no,no,no,yes,False
103479344,THP District 3 - Nashville,322095275,Davidson,Not in City Limit,11/14/2022 4:39:00 PM,2,0,0,36.277090,-86.795490,OLD HICKORY BLVD,,,,209.00,Feet,East,HICKORY HILLS BLVD,,,,0.00,N,Not at Intersection,N,Non-Junction,None,,,         ,Bailey,Williams,Clear,Angle,no,no,no,no,no,False
103479352,METROPOLITAN NASHVILLE POLICE DEPT,20220577021,Davidson,Nashville,11/15/2022 7:06:00 AM,2,1,0,36.084680,-86.763600,I 65,,,,0.00,,,,,,,78.00,N,Not at Intersection,N,Non-Junction,None,,,         ,Paxton,Montgomery,Rain,"Sideswipe, Same Direction",no,no,no,no,no,False
103479355,METROPOLITAN NASHVILLE POLICE DEPT,20220577295,Davidson,Nashville,11/15/2022 9:20:00 AM,2,0,0,36.158060,-86.799970,CHARLOTTE AV,,,,0.00,,,DR D B TODD JR BLVD,,,,0.00,Y,Four-Way,N,Non-Junction,None,,,         ,Anthony,Butler,Cloudy,"Sideswipe, Opposite Direction",no,no,no,no,yes,False
103479364,METROPOLITAN NASHVILLE POLICE DEPT,20220577213,Davidson,Nashville,11/15/2022 8:48:00 AM,2,1,0,36.203990,-86.776770,I 65,,,,0.00,,,,,,,87.10,N,Not at Intersection,N,Non-Junction,None,,,         ,Judah,Parker,Rain,Front to Rear,no,no,no,no,no,False
103479369,METROPOLITAN NASHVILLE POLICE DEPT,20220577280,Davidson,Nashville,11/15/2022 9:30:00 AM,2,0,0,36.162410,-86.830390,CLARE AV,,,,102.00,Feet,South,ALBION ST,,,,0.00,N,Not at Intersection,N,Non-Junction,None,,,         ,Jedidayah,Merriweather,Cloudy,Angle,no,no,no,no,no,False
103479393,METROPOLITAN NASHVILLE POLICE DEPT,20220577175,Davidson,Nashville,11/15/2022 8:26:00 AM,2,1,0,36.083650,-86.647220,MURFREESBORO PKE,,,,0.00,Feet,,BROOKSBORO PL,,,,0.00,Y,T-Intersection,N,Intersection-Related,None,,,         ,Zachariah,Souza,Rain,Front to Rear,no,no,no,no,yes,False
103479398,METROPOLITAN NASHVILLE POLICE DEPT,20220577287,Davidson,Nashville,11/15/2022 9:36:00 AM,1,0,0,36.192300,-86.777100,I 65,,,,0.00,,,,,,,86.50,N,Not at Intersection,N,Non-Junction,None,,,         ,Judah,Parker,Cloudy,Not Collision with Motor Vehicle in Transport,no,no,no,no,no,False
103479402,METROPOLITAN NASHVILLE POLICE DEPT,20220577415,Davidson,Nashville,11/15/2022 12:00:00 AM,2,0,0,36.052940,-86.696960,DELVIN DR,,,,0.00,,,TUSCULUM CT,,,,0.00,Y,Four-Way,Y,Intersection,None,,,         ,Zachary,Wilbanks,Cloudy,Angle,no,no,no,no,no,False
103479419,METROPOLITAN NASHVILLE POLICE DEPT,20220577318,Davidson,Nashville,11/15/2022 8:50:00 AM,2,0,0,36.154620,-86.712510,LEBANON PKE,,,,58.00,Feet,West,CLOVERNOOK DR,,,,0.00,N,Not at Intersection,N,Non-Junction,None,,,         ,Patrick,Lancaster,Cloudy,Angle,no,no,no,no,no,False
103479444,METROPOLITAN NASHVILLE POLICE DEPT,20220577476,Davidson,Nashville,11/15/2022 12:10:00 PM,2,0,0,36.084330,-86.705340,HARDING PL,,,,174.00,Feet,East,LINBAR DR,,,,0.00,N,Not at Intersection, ,Non-Junction,None,,,         ,Stanley,Collins,Cloudy,Front to Rear,no,no,no,no,no,False
103479468,METROPOLITAN NASHVILLE POLICE DEPT,20220577432,Davidson,Nashville,11/15/2022 11:30:00 AM,3,0,0,36.072930,-86.769450,I 65,,,,0.00,,,,,,,77.15,N,Not at Intersection,N,Non-Junction,None,,,         ,Travis,Pemberton,Cloudy,Front to Rear,no,no,no,no,no,False
103479508,METROPOLITAN NASHVILLE POLICE DEPT,2022-0577564,Davidson,Nashville,11/14/2022 3:00:00 PM,1,0,0,36.233450,-86.616930,MONTCHANIN RD,,,,115.00,Feet,West,MONTCHANIN TER,,,,0.00,N,Not at Intersection,N,Non-Junction,None,,,         ,Calvin,Graham,Clear,Not Collision with Motor Vehicle in Transport,no,no,no,no,yes,False
103479512,METROPOLITAN NASHVILLE POLICE DEPT,20220577290,Davidson,Nashville,11/15/2022 9:48:00 AM,2,2,0,36.046850,-86.682290,BELL RD,,,,334.00,Feet,East,BRENTRIDGE DR,,,,0.00,N,Not at Intersection,N,Non-Junction,None,,,         ,Leonard,Cato,Clear,Angle,no,no,no,no,no,False
103479515,METROPOLITAN NASHVILLE POLICE DEPT,20220577433,Davidson,Nashville,11/15/2022 11:08:00 AM,1,1,0,36.154360,-86.678980,LAKELAND DR,,,,817.00,Feet,West,EMERY DR,,,,0.00,N,Not at Intersection,N,Non-Junction,None,,,         ,Larry,Benz,Clear,Not Collision with Motor Vehicle in Transport,no,no,no,no,no,False
103479532,METROPOLITAN NASHVILLE POLICE DEPT,20220577434,Davidson,Nashville,11/15/2022 11:30:00 AM,2,0,0,36.171190,-86.769750,JAMES ROBERTSON PKWY,,,,118.00,Feet,West,MAIN ST,,,,0.00,N,Not at Intersection, ,Non-Junction,None,,,         ,Cole,Ranseen,Cloudy,Front to Rear,no,no,no,no,no,False
103479540,METROPOLITAN NASHVILLE POLICE DEPT,2022-0577616,Davidson,Nashville,11/15/2022 2:00:00 PM,2,0,0,36.215060,-86.594040,LEBANON PKE,,,,1072.00,Feet,East,ANDREW JACKSON PKWY,,,,0.00,N,Not at Intersection, ,Non-Junction,None,,,         ,Calvin,Graham,Cloudy,"Sideswipe, Opposite Direction",no,no,no,no,no,False
103479548,METROPOLITAN NASHVILLE POLICE DEPT,20220577488,Davidson,Nashville,11/15/2022 10:13:00 AM,2,0,0,36.149770,-86.747730,I 40,,,,0.00,,,,,,,211.75,N,Not at Intersection,N,Non-Junction,None,,,         ,Patrick,Lancaster,Cloudy,"Sideswipe, Same Direction",no,no,no,no,no,False
103479551,METROPOLITAN NASHVILLE POLICE DEPT,20220577693,Davidson,Nashville,11/15/2022 2:40:00 PM,2,1,0,36.249820,-86.719120,GALLATIN PKES,,,,176.00,Feet,North,E PALESTINE AV,,,,0.00,N,Not at Intersection,N,Non-Junction,None,,,         ,Brian,Otto,Cloudy,Angle,no,no,no,no,no,False
103479557,METROPOLITAN NASHVILLE POLICE DEPT,2022-0577678,Davidson,Nashville,11/15/2022 2:15:00 PM,2,0,0,36.159970,-86.795400,15TH AVN,,,,0.00,,,CHARLOTTE AV,,,,0.00,Y,T-Intersection,N,Intersection,None,,,         ,Po,Cheng,Cloudy,Other,no,no,no,no,no,False
103479558,METROPOLITAN NASHVILLE POLICE DEPT,20220577223,Davidson,Nashville,11/15/2022 8:12:00 AM,2,0,0,36.064340,-86.692410,PACKARD DR,,,,278.00,Feet,West,HORIZON PARK APTS PVTDR,,,,0.00,N,Not at Intersection,N,Non-Junction,None,,,         ,Tyler,Heckaman,Cloudy,Angle,no,no,no,no,yes,False
103479565,METROPOLITAN NASHVILLE POLICE DEPT,20220577672,Davidson,Nashville,11/15/2022 1:05:00 PM,2,0,0,36.178740,-86.605140,OLD HICKORY BLVD,,,,0.00,,,I40 E EXT RAMP,,,,0.00,Y,Y-Intersection,Y,Intersection,None,,,         ,Zachariah,Souza,Cloudy,Not Collision with Motor Vehicle in Transport,no,no,no,no,no,False
103479577,METROPOLITAN NASHVILLE POLICE DEPT,20220577819,Davidson,Nashville,11/15/2022 3:51:00 PM,2,0,0,36.085010,-86.703170,HARDING PL,,,,85.00,Feet,East,TRAVELERS INN DR,,,,0.00,N,Not at Intersection, ,,None,,,         ,Gary,Anderson,,,no,no,no,no,no,False
103479639,METROPOLITAN NASHVILLE POLICE DEPT,20220577799,Davidson,Nashville,11/15/2022 1:12:00 PM,2,0,0,36.087780,-86.692490,ANTIOCH PKE,,,,153.00,Feet,North,HARDING PL,,,,0.00,N,Not at Intersection,N,Non-Junction,None,,,         ,Charles,Agius,Cloudy,Angle,no,no,no,no,no,False
103479646,METROPOLITAN NASHVILLE POLICE DEPT,20220577438,Davidson,Nashville,11/15/2022 11:37:00 AM,2,1,0,36.082670,-86.710490,TAMPA DR,,,,0.00,,,HARDING PL,,,,0.00,Y,Four-Way,N,Intersection,None,,,         ,Tyler,Heckaman,Cloudy,Angle,no,no,no,no,no,False
103479675,METROPOLITAN NASHVILLE POLICE DEPT,20220577853,Davidson,Nashville,11/15/2022 4:00:00 PM,2,0,0,36.199680,-86.776580,I 65,,,,0.00,,,,,,,86.80,N,Not at Intersection,N,Non-Junction,None,,,         ,Hendrik,Kruger,Cloudy,Front to Rear,no,no,no,no,yes,False
103479735,METROPOLITAN NASHVILLE POLICE DEPT,20220577971,Davidson,Nashville,11/15/2022 5:30:00 PM,2,2,0,36.111020,-86.753780,THOMPSON LN,,,,82.00,Feet,West,FOSTER CREIGHTON DR,,,,0.00,N,Not at Intersection,N,Non-Junction,None,,,         ,Garrett,Latham,Clear,HeadOn,no,no,no,no,no,False
103479748,METROPOLITAN NASHVILLE POLICE DEPT,20220567242,Davidson,Nashville,11/10/2022 6:49:00 PM,2,5,0,36.103230,-86.666480,MURFREESBORO PKE,,,,0.00,,,FAIRCLOTH LN,,,,0.00,Y,T-Intersection,N,Intersection-Related,None,,,         ,Russell,Ward,Clear,Angle,no,no,no,no,no,False
103479772,METROPOLITAN NASHVILLE POLICE DEPT,20220577927,Davidson,Nashville,11/15/2022 5:17:00 PM,2,1,0,36.153710,-86.721560,SPENCE LN,,,,0.00,Feet,East,LEBANON PKE,,,,0.00,N,Not at Intersection,N,Non-Junction,None,,,         ,William,Boler,Clear,Angle,no,no,no,no,no,False
103479776,METROPOLITAN NASHVILLE POLICE DEPT,20220577975,Davidson,Nashville,11/15/2022 5:19:00 PM,2,0,0,36.206270,-86.773480,W TRINITY LN,,,,0.00,,,I65 N ENT RAMP,,,,0.00,Y,T-Intersection,N,Intersection,None,,,         ,Hannah,Wright,Clear,Angle,no,no,no,no,yes,False
103479790,METROPOLITAN NASHVILLE POLICE DEPT,20220577839,Davidson,Nashville,11/15/2022 3:41:00 PM,2,0,0,36.105260,-86.763530,POWELL AV,,,,0.00,,,ARMORY OAKS DR,,,,0.00,Y,Four-Way,N,Intersection,None,,,         ,Steven,Powers,Cloudy,Front to Rear,no,no,no,no,yes,False
103479803,METROPOLITAN NASHVILLE POLICE DEPT,20220578011,Davidson,Nashville,11/15/2022 4:48:00 PM,2,0,0,36.137200,-86.796950,WEDGEWOOD AV,,,,0.00,Feet,,18TH AVS,,,,0.00,Y,T-Intersection,N,Intersection-Related,None,,,         ,Flynn,Ireland,Cloudy,Angle,no,no,no,no,no,Campus
103479804,METROPOLITAN NASHVILLE POLICE DEPT,20220578024,Davidson,Nashville,11/15/2022 5:10:00 PM,2,0,0,36.218880,-86.728150,HUNTERS MEADOW LN,,,,82.00,Feet,West,SUNNYMEADE DR,,,,0.00,N,Not at Intersection,N,Non-Junction,None,,,         ,Chad,Connors,Clear,Rear to Side,no,no,no,no,yes,False
103479806,VANDERBILT UNIVERSITY POLICE,20220577945,Davidson,Nashville,11/15/2022 5:30:00 PM,2,0,0,36.137570,-86.800760,WEDGEWOOD AV,,,,0.00,,,21ST AVS,,,,0.00,Y,Four-Way,Y,Intersection-Related,None,,,         ,Michael,Wyers,,"Sideswipe, Same Direction",no,no,no,no,no,Campus
103479813,METROPOLITAN NASHVILLE POLICE DEPT,20220578144,Davidson,Nashville,11/15/2022 7:37:00 PM,3,3,0,36.089340,-86.650150,MURFREESBORO PKE,,,,106.00,Feet,North,RANSOM PL,,,,0.00,N,Not at Intersection,N,Non-Junction,None,,,         ,Joseph,Hurst,Clear,Front to Rear,no,no,no,no,no,False
103479815,METROPOLITAN NASHVILLE POLICE DEPT,20220577768,Davidson,Nashville,11/15/2022 3:14:00 PM,3,0,0,36.088210,-86.787870,BATTERY LN,,,,44.00,Feet,West,SOPER AV,,,,0.00,N,Not at Intersection,N,Non-Junction,None,,,         ,David,Harms,Cloudy,Front to Rear,no,no,no,no,no,False
103479846,METROPOLITAN NASHVILLE POLICE DEPT,20220578188,Davidson,Nashville,11/15/2022 5:30:00 PM,1,1,0,36.158060,-86.799970,CHARLOTTE AV,,,,0.00,Feet,,DR D B TODD JR BLVD,,,,0.00,Y,Four-Way,N,Intersection-Related,None,,,         ,Garrett,Latham,Clear,Not Collision with Motor Vehicle in Transport,yes,no,no,no,yes,False
103479868,METROPOLITAN NASHVILLE POLICE DEPT,20220569973,Davidson,Nashville,11/8/2022 10:00:00 PM,1,0,0,36.044840,-86.662800,BELL RD,,,,376.00,Feet,West,CANE RIDGE RD,,,,0.00,N,Not at Intersection,N,Non-Junction,None,,,         ,William,Williams,Clear,Not Collision with Motor Vehicle in Transport,no,no,no,yes,yes,False
103479887,METROPOLITAN NASHVILLE POLICE DEPT,20220578291,Davidson,Antioch,11/15/2022 9:19:00 PM,2,1,0,36.058240,-86.597970,HOBSON PKE,,,,136.00,Feet,South,HAMILTON CHURCH RD,,,,0.00,N,Not at Intersection,N,Non-Junction,None,,,         ,Brandon,Simpkins,Clear,Front to Rear,no,no,no,no,no,False
103479909,METROPOLITAN NASHVILLE POLICE DEPT,20220577967,Davidson,Goodlettsville,11/15/2022 5:45:00 PM,3,4,0,36.296480,-86.698840,MYATT DR,,,,181.00,Feet,South,GALLATIN PKEN,,,,0.00,N,Not at Intersection,N,Non-Junction,None,,,         ,Wesley,Carver,Clear,Angle,no,no,no,no,no,False
103479931,METROPOLITAN NASHVILLE POLICE DEPT,20220578218,Davidson,Nashville,11/15/2022 8:14:00 PM,2,0,0,36.052960,-86.714810,NOLENSVILLE PKE,,,,260.00,Feet,South,BREWER DR,,,,0.00,N,Not at Intersection,N,Non-Junction,None,,,         ,Megan,Arnett,Clear,Front to Rear,no,no,no,no,yes,False
103479932,METROPOLITAN NASHVILLE POLICE DEPT,20220578276,Davidson,Nashville,11/15/2022 8:27:00 PM,2,0,0,36.160930,-86.777390,BROADWAY,,,,64.00,Feet,West,4TH AVN,,,,0.00,N,Not at Intersection, ,Non-Junction,None,,,         ,Daniel,Rizzo,Clear,Front to Rear,no,no,no,no,no,False
103479941,METROPOLITAN NASHVILLE POLICE DEPT,20220578273,Davidson,Nashville,11/15/2022 9:11:00 PM,2,2,0,36.146590,-86.742650,I 40,,,,0.00,,,,,,,212.10,N,Not at Intersection,N,Non-Junction,None,,,         ,Tyler,Conrads,Clear,Front to Rear,no,no,no,no,no,False
103479943,METROPOLITAN NASHVILLE POLICE DEPT,20220578341,Davidson,Nashville,11/15/2022 9:40:00 PM,1,1,0,36.152420,-86.835580,CHARLOTTE AV,,,,213.00,Feet,West,42ND AVN,,,,0.00,N,Not at Intersection,N,Non-Junction,None,,,         ,Maxwell,Fritz,Clear,Not Collision with Motor Vehicle in Transport,yes,no,no,no,no,False
103479946,METROPOLITAN NASHVILLE POLICE DEPT,20220577752,Davidson,Nashville,11/15/2022 3:20:00 PM,3,1,0,36.171600,-86.798690,I 40,,,,0.00,,,,,,,207.75,N,Not at Intersection,N,Non-Junction,None,,,         ,Alec,Pellissier,Clear,Front to Rear,no,no,no,no,no,False
103479952,METROPOLITAN NASHVILLE POLICE DEPT,20220578402,Davidson,Nashville,11/15/2022 10:00:00 PM,1,0,0,36.258840,-86.788260,I 24,,,,0.00,,,,,,,41.90,N,Not at Intersection, ,Non-Junction,None,,,         ,Coleman,McKellar,Clear,Not Collision with Motor Vehicle in Transport,no,no,no,no,no,False
103479957,METROPOLITAN NASHVILLE POLICE DEPT,20220578458,Davidson,Nashville,11/15/2022 10:40:00 PM,2,0,0,36.140330,-86.731370,I 24,,,,0.00,,,,,,,51.50,N,Not at Intersection,N,Non-Junction,None,,,         ,Bryson,Wilkins,Clear,Front to Rear,no,no,no,no,no,False
103479958,METROPOLITAN NASHVILLE POLICE DEPT,20220578477,Davidson,Nashville,11/15/2022 12:00:00 AM,2,0,0,36.041480,-86.782470,I 65,,,,0.00,,,,,,,74.85,N,Not at Intersection,N,Non-Junction,None,,,         ,Aaron,Brumley,Clear,Angle,no,no,no,no,yes,False
103479960,METROPOLITAN NASHVILLE POLICE DEPT,20220578409,Davidson,Nashville,11/15/2022 10:13:00 PM,2,0,0,36.156580,-86.787480,12TH AVS,,,,0.00,Feet,East,BROADWAY,,,,0.00,N,Not at Intersection, ,Non-Junction,None,,,         ,Brenton,Adcox,Cloudy,Front to Rear,no,no,no,no,no,False
103479963,METROPOLITAN NASHVILLE POLICE DEPT,20220578448,Davidson,Nashville,11/15/2022 10:30:00 PM,2,0,0,36.118120,-86.773720,I 65,,,,0.00,,,,,,,80.35,N,Not at Intersection, ,Non-Junction,None,,,         ,Jeremy,Crisp,Clear,"Sideswipe, Same Direction",no,no,no,no,yes,False
103479964,METROPOLITAN NASHVILLE POLICE DEPT,20220576916,Davidson,Not in City Limit,11/15/2022 5:30:00 AM,2,0,0,36.334880,-86.908800,I 24,,,,0.00,,,,,,,32.50,N,Not at Intersection,N,Non-Junction,None,,,         ,Matthew,Jorgensen,Clear,Angle,no,no,no,no,yes,False
103479968,METROPOLITAN NASHVILLE POLICE DEPT,20220578211,Davidson,Nashville,11/15/2022 8:26:00 PM,1,1,0,36.211110,-86.797120,WHITES CREEK PKE,,,,191.00,Feet,South,E NOCTURNE DR,,,,0.00,N,Not at Intersection,N,Non-Junction,None,,,         ,Craig,Paschetti,Clear,Not Collision with Motor Vehicle in Transport,no,no,no,no,no,False
103479984,METROPOLITAN NASHVILLE POLICE DEPT,2022-0573693,Davidson,Nashville,11/13/2022 12:00:00 AM,2,0,0,36.140570,-86.723700,I 40,,,,0.00,,,,,,,213.55,N,Not at Intersection,N,Non-Junction,None,,,         ,Frank,Walker,Cloudy,Front to Rear,no,no,no,no,no,False
103479990,METROPOLITAN NASHVILLE POLICE DEPT,20220578446,Davidson,Hermitage,11/15/2022 12:00:00 AM,2,0,0,36.150660,-86.749520,I 40,,,,0.00,,,,,,,211.60,N,Not at Intersection,N,Non-Junction,None,,,         ,Thomas,Denenea,Clear,"Sideswipe, Same Direction",no,no,no,no,yes,False
103479996,METROPOLITAN NASHVILLE POLICE DEPT,20220578646,Davidson,Nashville,11/15/2022 11:11:00 PM,2,0,0,36.152560,-86.787070,I 40,,,,0.00,,,,,,,209.35,N,Not at Intersection, ,Non-Junction,None,,,         ,Blake,Lutz,Clear,Front to Rear,no,no,no,no,no,False
103480000,METROPOLITAN NASHVILLE POLICE DEPT,20220578375,Davidson,Not in City Limit,11/15/2022 9:58:00 PM,2,1,0,36.068740,-86.932860,COLICE JEANNE RD,,,,0.00,,,OLD HARDING PKE,,,,0.00,Y,Four-Way,N,Intersection,None,,,         ,Wyatt,Brooks,Cloudy,"Sideswipe, Opposite Direction",no,no,no,no,no,False
103480047,METROPOLITAN NASHVILLE POLICE DEPT,20220578937,Davidson,Antioch,11/16/2022 12:00:00 AM,2,0,0,36.086600,-86.563530,HOBSON PKE,,,,0.82,Miles,South,WALKER RD,,,,0.00,N,Not at Intersection,N,Non-Junction,None,,,         ,Douglas,Meringer,Clear,Front to Rear,no,no,no,no,yes,False
103480050,METROPOLITAN NASHVILLE POLICE DEPT,20220578944,Davidson,Nashville,11/16/2022 4:21:00 AM,1,0,0,36.140060,-86.723740,I 40,,,,0.00,,,,,,,213.60,N,Not at Intersection,N,Non-Junction,None,,,         ,Mario,Diaz,Clear,Not Collision with Motor Vehicle in Transport,no,no,no,no,no,False
103480071,METROPOLITAN NASHVILLE POLICE DEPT,20220579017,Davidson,Nashville,11/16/2022 5:13:00 AM,2,0,0,36.143070,-86.684770,I 40,,,,0.00,,,,,,,215.55,N,Not at Intersection,N,Non-Junction,None,,,         ,Richard,Luellen,Clear,Front to Rear,no,no,no,no,no,False
103480073,METROPOLITAN NASHVILLE POLICE DEPT,20220578770,Davidson,Nashville,11/16/2022 1:25:00 AM,1,0,0,36.081240,-86.698420,LINBAR DR,,,,873.00,Feet,West,LUNA DR,,,,0.00,N,Not at Intersection,N,Non-Junction,None,,,         ,Robert,Leverick,Clear,Not Collision with Motor Vehicle in Transport,no,no,no,no,yes,False
103480074,METROPOLITAN NASHVILLE POLICE DEPT,20220578994,Davidson,Nashville,11/16/2022 5:13:00 AM,2,0,0,36.143040,-86.684570,I 40,,,,0.00,,,,,,,215.55,N,Not at Intersection,N,Non-Junction,None,,,         ,Patrick,Deau,Clear,"Sideswipe, Same Direction",no,no,no,no,no,False
103480081,METROPOLITAN NASHVILLE POLICE DEPT,20220579028,Davidson,Nashville,11/16/2022 5:45:00 AM,2,0,0,36.105240,-86.755950,SIDCO DR,,,,90.00,Feet,North,NORRIS AV,,,,0.00,N,Not at Intersection,N,Non-Junction,None,,,         ,Ricardo,Cruz,Clear,Front to Rear,no,no,no,no,no,False
103480085,METROPOLITAN NASHVILLE POLICE DEPT,20220578951,Davidson,Nashville,11/16/2022 4:36:00 AM,2,1,0,36.150480,-86.770350,4TH AVS,,,,0.00,Feet,,I40 E EXT RAMP,,,,0.00,Y,Four-Way,Y,Entrance/Exit Ramp Related,None,,,         ,Robert,Leverick,Clear,Angle,no,no,no,no,yes,False
103480103,METROPOLITAN NASHVILLE POLICE DEPT,20220579136,Davidson,Nashville,11/16/2022 6:50:00 AM,2,0,0,36.152200,-86.842220,CHARLOTTE AV,,,,0.00,,,46TH AVN,,,,0.00,Y,OTHER, ,Non-Junction,None,,,         ,George,Spencer,Clear,"Sideswipe, Opposite Direction",no,no,no,no,yes,False
103480106,METROPOLITAN NASHVILLE POLICE DEPT,20220579088,Davidson,Nashville,11/16/2022 6:34:00 AM,3,0,0,36.195590,-86.776150,I 65,,,,0.00,,,,,,,86.55,N,Not at Intersection, ,Non-Junction,None,,,         ,James,Wray,Clear,Front to Rear,no,no,no,no,no,False
103480126,METROPOLITAN NASHVILLE POLICE DEPT,20220579057,Davidson,Nashville,11/16/2022 6:10:00 AM,2,0,0,36.215140,-86.775400,I 65,,,,0.00,,,,,,,87.90,N,Not at Intersection, ,Non-Junction,None,,,         ,Joseph,Remson,Clear,Front to Rear,no,no,no,no,no,False
103480128,METROPOLITAN NASHVILLE POLICE DEPT,20220579174,Davidson,Madison,11/16/2022 7:00:00 AM,2,0,0,36.258570,-86.738450,I 65,,,,0.00,,,,,,,91.85,N,Not at Intersection, ,Non-Junction,None,,,         ,Joshua,Beauchesne,Clear,"Sideswipe, Same Direction",no,no,no,no,yes,False
103480136,METROPOLITAN NASHVILLE POLICE DEPT,20220579087,Davidson,Nashville,11/16/2022 6:36:00 AM,2,1,0,36.171110,-86.773320,N 1ST ST,,,,334.00,Feet,North,MAIN ST,,,,0.00,N,Not at Intersection,N,Non-Junction,None,,,         ,Cory,Fetner,Clear,HeadOn,no,no,no,yes,no,False
103480137,METROPOLITAN NASHVILLE POLICE DEPT,2022-0579161,Davidson,Nashville,11/16/2022 7:08:00 AM,1,0,0,36.212580,-86.622740,OLD HICKORY BLVD,,,,41.00,Feet,North,RACHELS LN,,,,0.00,N,Not at Intersection,N,Non-Junction,None,,,         ,Calvin,Graham,Clear,Not Collision with Motor Vehicle in Transport,no,no,no,no,no,False