master_record_number,agency,agency_tracking_number,county,city,collision_date,vehicles_involved,number_injured,number_dead,latitude,longitude,roadway_name,roadway_suffix,roadway_number,roadway_local_id,distance_from_reference,miles-feet_indicator,direction_from_reference,intersection_road_name,intersection_road_name_suffix,intersection_road_number,intersection_local_id,mile_marker,intersection_indicator,intersect_type,interchange_related_indicator,relation_to_junction,work_zone_type,construction_maintenance_zone,construction_maintenance_zone_location,fatal_case_number,officer_first_name,officer_last_name,weather_condition(s),manner_of_crash,pedestrian,bicycle,scooter,parking,hitrun,mou
103483295,METROPOLITAN NASHVILLE POLICE DEPT,20220584375,Davidson,Nashville,11/18/2022 5:10:00 PM,2,1,0,36.237570,-86.757880,DICKERSON PKE,,,,6.00,Feet,West,I65 N ENT RAMP,,,,0.00,N,Not at Intersection,N,Non-Junction,None,,,         ,Zachary,Carter,Clear,Front to Rear,no,no,no,no,no,False
103483297,METROPOLITAN NASHVILLE POLICE DEPT,20220584741,Davidson,Nashville,11/18/2022 9:39:00 PM,2,0,0,36.141800,-86.676910,RAMP,,,,0.00,Feet,East,I 40,,,,0.00,N,Not at Intersection,N,Non-Junction,None,,,         ,Zacarias,Brito Jr.,Clear,Front to Rear,no,no,no,no,no,False
103483298,METROPOLITAN NASHVILLE POLICE DEPT,20220584373,Davidson,Nashville,11/18/2022 5:15:00 PM,4,1,0,36.196680,-86.752490,ELLINGTON PKWYS,,,,79.00,Feet,East,ELLINGTON PKWYN,,,,0.00,N,Not at Intersection,N,Non-Junction,None,,,         ,Ty,Cummings,Clear,Front to Rear,no,no,no,no,yes,False
103483304,METROPOLITAN NASHVILLE POLICE DEPT,20220584585,Davidson,Nashville,11/18/2022 12:00:00 AM,1,1,0,36.199360,-86.664680,NEELYS BEND RD,,,,1627.00,Feet,North,BOAT RAMP PVTDR,,,,0.00,N,Not at Intersection,N,Non-Junction,None,,,         ,Amanda,Topping,Clear,Not Collision with Motor Vehicle in Transport,no,no,no,no,no,False
103483309,METROPOLITAN NASHVILLE POLICE DEPT,20220584787,Davidson,Nashville,11/18/2022 7:56:00 PM,2,1,0,36.044840,-86.662810,BELL RD,,,,380.00,Feet,West,CANE RIDGE RD,,,,0.00,N,Not at Intersection,N,Non-Junction,None,,,         ,Holly,Davis,Clear,Front to Rear,no,no,no,no,no,False
103483314,METROPOLITAN NASHVILLE POLICE DEPT,20220584803,Davidson,Nashville,11/18/2022 10:15:00 PM,2,2,0,36.169760,-86.587470,I 40,,,,0.00,,,,,,,221.55,N,Not at Intersection,N,Non-Junction,None,,,         ,Ryan,Malone,Clear,"Sideswipe, Same Direction",no,no,no,no,no,False
103483315,METROPOLITAN NASHVILLE POLICE DEPT,20220584571,Davidson,Nashville,11/18/2022 7:33:00 PM,1,2,0,36.161920,-86.776220,3RD AVN,,,,159.00,Feet,North,BROADWAY,,,,0.00,N,Not at Intersection,N,Non-Junction,None,,,         ,Ryan,Papp,Clear,Not Collision with Motor Vehicle in Transport,yes,no,no,no,no,False
103483370,METROPOLITAN NASHVILLE POLICE DEPT,20220584682,Davidson,Nashville,11/18/2022 8:50:00 PM,2,0,0,36.203660,-86.776540,I65 N EXT RAMP,,,,0.00,Feet,East,I 65,,,,0.00,N,Not at Intersection,N,Non-Junction,None,,,         ,Ty,Cummings,Clear,Front to Rear,no,no,no,no,no,False
103483378,METROPOLITAN NASHVILLE POLICE DEPT,20220584465,Davidson,Nashville,11/18/2022 4:15:00 PM,2,0,0,36.117430,-86.748510,WOODBINE ST,,,,0.00,,,NOLENSVILLE PKE,,,,0.00,Y,T-Intersection,N,Intersection,None,,,         ,Cory,Stratton,Clear,Angle,no,no,no,no,no,False
103483384,METROPOLITAN NASHVILLE POLICE DEPT,20220584926,Davidson,Nashville,11/18/2022 12:00:00 AM,2,1,0,36.193150,-86.623580,LEBANON PKE,,,,125.00,Feet,North,JUAREZ DR,,,,0.00,N,Not at Intersection,N,Non-Junction,None,,,         ,Ashley,Kappenmacher,Clear,Angle,no,no,no,no,no,False
103483397,METROPOLITAN NASHVILLE POLICE DEPT,20220584416,Davidson,Nashville,11/18/2022 5:37:00 PM,3,0,0,36.252700,-86.739480,I 65,,,,0.00,,,,,,,91.40,N,Not at Intersection,N,Non-Junction,None,,,         ,Angel,Vidrios,Clear,"Sideswipe, Same Direction",no,no,no,no,no,False
103483398,METROPOLITAN NASHVILLE POLICE DEPT,20220584332,Davidson,Nashville,11/18/2022 12:00:00 AM,1,1,0,36.197360,-86.925680,OLD HICKORY BLVD,,,,2600.00,Feet,South,CLEECES FERRY RD,,,,0.00,N,Not at Intersection,N,Non-Junction,None,,,         ,Robert,Laboy,Clear,Not Collision with Motor Vehicle in Transport,no,no,no,no,yes,False
103483400,METROPOLITAN NASHVILLE POLICE DEPT,20220584736,Davidson,Nashville,11/18/2022 9:36:00 PM,3,2,0,36.049280,-86.651730,BELL RD,,,,0.00,,,HICKORY HOLLOW MALL PVTDR PL,,,,0.00,Y,Four-Way,N,Intersection,None,,,         ,Jason,Lyons,Clear,Angle,no,no,no,no,no,False
103483409,METROPOLITAN NASHVILLE POLICE DEPT,20220584867,Davidson,Nashville,11/18/2022 9:50:00 PM,2,0,0,36.046480,-86.661270,I 24,,,,0.00,,,,,,,59.25,N,Not at Intersection, ,Non-Junction,None,,,         ,Geovanny,Aguirre-Burgos,Clear,"Sideswipe, Same Direction",no,no,no,no,no,False
103483412,METROPOLITAN NASHVILLE POLICE DEPT,20220584918,Davidson,Antioch,11/18/2022 10:55:00 PM,2,1,0,36.031930,-86.594510,MURFREESBORO PKE,,,,130.00,Feet,North,PARKS RETREAT DR,,,,0.00,N,Not at Intersection,N,Non-Junction,None,,,         ,Phillip,Lovell,Clear,HeadOn,no,no,no,no,no,False
103483418,METROPOLITAN NASHVILLE POLICE DEPT,20220585122,Davidson,Nashville,11/19/2022 12:30:00 AM,1,0,0,36.139860,-86.727740,I 40,,,,0.00,,,,,,,213.80,N,Not at Intersection,N,Non-Junction,None,,,         ,Brian,Cavaliere,Clear,Not Collision with Motor Vehicle in Transport,no,no,no,no,no,False
103483421,METROPOLITAN NASHVILLE POLICE DEPT,20220584903,Davidson,Nashville,11/18/2022 10:55:00 PM,1,0,0,36.253390,-86.757700,DICKERSON PKE,,,,0.00,Feet,East,BARNETT DR,,,,0.00,N,Not at Intersection,N,Non-Junction,None,,,         ,Matthew,Herod,Clear,Not Collision with Motor Vehicle in Transport,no,no,no,no,no,False
103483423,METROPOLITAN NASHVILLE POLICE DEPT,20220585185,Davidson,Nashville,11/19/2022 1:25:00 AM,1,0,0,36.248750,-86.716050,E PALESTINE AV,,,,106.00,Feet,West,LIBERTY CIR,,,,0.00,N,Not at Intersection,N,Non-Junction,None,,,         ,Jean-Claude,Beaudu Jr.,Clear,Not Collision with Motor Vehicle in Transport,no,no,no,no,yes,False
103483436,METROPOLITAN NASHVILLE POLICE DEPT,20220585278,Davidson,Nashville,11/19/2022 2:10:00 AM,1,0,0,36.080360,-86.723310,HARDING MALL DR,,,,4.00,Feet,North,HARDING PL,,,,0.00,N,Not at Intersection,N,Non-Junction,None,,,         ,Eric,Laury,Clear,Not Collision with Motor Vehicle in Transport,no,no,no,no,no,False
103483441,METROPOLITAN NASHVILLE POLICE DEPT,20220585225,Davidson,Nashville,11/19/2022 12:00:00 AM,1,1,0,36.056800,-86.649480,RURAL HILL RD,,,,0.00,Feet,East,TOOK DR,,,,0.00,N,Not at Intersection,N,Non-Junction,None,,,         ,Jason,Lyons,Clear,Not Collision with Motor Vehicle in Transport,no,no,no,yes,no,False
103483474,METROPOLITAN NASHVILLE POLICE DEPT,20220585185,Davidson,Nashville,11/19/2022 1:25:00 AM,1,0,0,36.248750,-86.716050,E PALESTINE AV,,,,106.00,Feet,West,LIBERTY CIR,,,,0.00,N,Not at Intersection,N,Non-Junction,None,,,         ,Jean-Claude,Beaudu Jr.,Clear,Not Collision with Motor Vehicle in Transport,no,no,no,yes,yes,False
103483475,METROPOLITAN NASHVILLE POLICE DEPT,20220584958,Davidson,Antioch,11/18/2022 11:20:00 PM,2,3,0,36.031560,-86.594090,MURFREESBORO PKE,,,,52.00,Feet,South,PARKS RETREAT DR,,,,0.00,N,Not at Intersection,N,Non-Junction,None,,,         ,Geovanny,Aguirre-Burgos,Clear,Front to Rear,no,no,no,no,no,False
103483531,METROPOLITAN NASHVILLE POLICE DEPT,20220582171Q,Davidson,Nashville,11/17/2022 2:42:00 PM,2,1,0,36.071390,-86.723590,NOLENSVILLE PKE,,,,5.00,Feet,South,BASS AV,,,,0.00,N,Not at Intersection,N,Non-Junction,None,,,         ,Bianca,Crawford,Clear,Angle,no,no,no,no,no,False
103483546,METROPOLITAN NASHVILLE POLICE DEPT,20220585386,Davidson,Nashville,11/19/2022 12:00:00 AM,1,1,0,36.205830,-86.767910,E TRINITY LN,,,,207.00,Feet,East,DICKERSON PKE,,,,0.00,N,Not at Intersection,N,Non-Junction,None,,,         ,laina,herod,Clear,Not Collision with Motor Vehicle in Transport,no,no,no,no,no,False
103483550,METROPOLITAN NASHVILLE POLICE DEPT,20220585442,Davidson,Nashville,11/19/2022 5:40:00 AM,2,0,0,36.142900,-86.666720,STATE HWY 255,,,,0.00,,,CONNECTING ROAD,,,,0.00,Y,OTHER, ,Intersection,None,,,         ,Mitchell,Tolzmann,Clear,"Sideswipe, Same Direction",no,no,no,no,no,False
103483554,METROPOLITAN NASHVILLE POLICE DEPT,20220584146,Davidson,Nashville,11/18/2022 2:34:00 PM,3,3,0,36.032200,-86.757050,CLOVERLAND DR,,,,61.00,Feet,East,CLOVERLAND PARK DR,,,,0.00,N,Not at Intersection,N,Non-Junction,None,,,         ,Kyle,Kinsman,Clear,HeadOn,no,no,no,no,no,False
103483555,METROPOLITAN NASHVILLE POLICE DEPT,20220585438,Davidson,Not in City Limit,11/19/2022 7:00:00 AM,1,0,0,36.270570,-86.794360,I 24,,,,0.00,,,,,,,41.05,N,Not at Intersection,N,Non-Junction,None,,,         ,Chase,Harriman,Clear,Not Collision with Motor Vehicle in Transport,no,no,no,no,no,False
103483560,METROPOLITAN NASHVILLE POLICE DEPT,20220585287,Davidson,Nashville,11/19/2022 2:55:00 AM,2,2,0,36.153230,-86.793990,17TH AVE S,,,,0.00,Feet,,US HWY 431,,,,0.00,Y,Four-Way,N,Intersection-Related,None,,,         ,Lynsey,Fish,Cloudy,Angle,no,no,no,no,no,False
103483573,METROPOLITAN NASHVILLE POLICE DEPT,20220585444,Davidson,Nashville,11/19/2022 7:05:00 AM,2,2,0,36.223980,-86.782220,BRICK CHURCH PKE,,,,83.00,Feet,South,BRICK CHURCH PARK DR,,,,0.00,N,Not at Intersection,N,Non-Junction,None,,,         ,Michael,Richardson,Clear,"Sideswipe, Opposite Direction",no,no,no,no,no,False
103483617,METROPOLITAN NASHVILLE POLICE DEPT,20220584071,Davidson,Nashville,11/18/2022 1:32:00 PM,3,0,0,36.149200,-86.862210,CHARLOTTE PKE,,,,452.00,Feet,South,OCEOLA AV,,,,0.00,N,Not at Intersection,N,Non-Junction,None,,,         ,Stacia,Getz,Clear,Front to Rear,no,no,no,no,no,False
103483669,METROPOLITAN NASHVILLE POLICE DEPT,20220585566,Davidson,Nashville,11/19/2022 9:35:00 AM,1,0,0,36.050980,-86.731810,ASHLEY DR,,,,354.00,Feet,South,HUNTINGTON RIDGE DR,,,,0.00,N,Not at Intersection,N,Non-Junction,None,,,         ,Sekou,Samassi,Clear,Not Collision with Motor Vehicle in Transport,no,no,no,no,no,False
103483674,METROPOLITAN NASHVILLE POLICE DEPT,20220585627,Davidson,Nashville,11/19/2022 12:00:00 AM,2,0,0,36.044090,-86.615330,MOUNTAIN SPRINGS RD,,,,1892.00,Feet,West,MURFREESBORO PKE,,,,0.00,N,Not at Intersection,N,Non-Junction,None,,,         ,Joseph,Galante,Clear,"Sideswipe, Same Direction",no,no,no,no,yes,False
103483718,METROPOLITAN NASHVILLE POLICE DEPT,20220585618,Davidson,Nashville,11/19/2022 10:20:00 AM,2,0,0,36.110940,-86.745220,THOMPSON LN,,,,0.00,,,NOLENSVILLE PKE,,,,0.00,Y,Four-Way, ,,None,,,         ,David,Rehm,,,no,no,no,no,no,False
103483734,METROPOLITAN NASHVILLE POLICE DEPT,20220585632,Davidson,Madison,11/18/2022 8:00:00 PM,2,0,0,36.284490,-86.712360,N GRAYCROFT AV,,,,314.00,Feet,East,MACFIE DR,,,,0.00,N,Not at Intersection,N,Non-Junction,None,,,         ,Justan,Vance,Clear,Angle,no,no,no,no,yes,False
103483743,METROPOLITAN NASHVILLE POLICE DEPT,20220585692,Davidson,Not in City Limit,11/19/2022 12:00:00 PM,2,3,0,36.292630,-86.885150,CLARKSVILLE PKE,,,,173.00,Feet,East,OLD CLARKSVILLE PKE,,,,0.00,N,Not at Intersection,N,Non-Junction,None,,,         ,Chase,Harriman,Clear,Angle,no,no,no,no,no,False
103483777,METROPOLITAN NASHVILLE POLICE DEPT,20220585680,Davidson,Antioch,11/19/2022 11:47:00 AM,4,0,0,36.040700,-86.609780,HOBSON PKE,,,,1230.00,Feet,West,MURFREESBORO PKE,,,,0.00,N,Not at Intersection, ,Non-Junction,None,,,         ,Steven,Williams,Clear,Angle,no,no,no,no,no,False
103483788,METROPOLITAN NASHVILLE POLICE DEPT,20220585700,Davidson,Antioch,11/19/2022 12:30:00 PM,2,0,0,36.036490,-86.611020,HOBSON PKE,,,,223.00,Feet,North,OLD HICKORY BLVD,,,,0.00,N,Not at Intersection, ,Non-Junction,None,,,         ,Dennis,Diesel,Clear,Front to Rear,no,no,no,no,no,False
103483804,METROPOLITAN NASHVILLE POLICE DEPT,20220585729,Davidson,Not in City Limit,11/19/2022 12:00:00 AM,2,2,0,36.304510,-86.814240,I 24,,,,0.00,,,,,,,38.40,N,Not at Intersection,N,Non-Junction,None,,,         ,Tristan,Krausman,Clear,"Sideswipe, Same Direction",no,no,no,no,no,False
103483833,BERRY HILL POLICE DEPT,22-3386,Davidson,Berry Hill,11/19/2022 1:45:00 PM,2,0,0,36.116610,-86.765740,E IRIS DR,,,,147.00,Feet,West,COLUMBINE PL,,,,0.00,N,Not at Intersection, ,,None,,,         ,Eric,McCoy,,,no,no,no,yes,no,False
103483834,METROPOLITAN NASHVILLE POLICE DEPT,20220585648,Davidson,Nashville,11/19/2022 11:03:00 AM,4,0,0,36.158730,-86.760450,I 24,,,,0.00,,,,,,,49.70,N,Not at Intersection, ,Non-Junction,None,,,         ,Rachael,Robinson,Clear,Front to Rear,no,no,no,no,no,False
103483842,METROPOLITAN NASHVILLE POLICE DEPT,20220585734,Davidson,Nashville,11/19/2022 12:50:00 PM,2,0,0,36.105770,-86.813930,HILLSBORO PKE,,,,33.00,Feet,South,ABBOTT MARTIN RD,,,,0.00,N,Not at Intersection, ,Non-Junction,None,,,         ,Michael,Do,Clear,"Sideswipe, Same Direction",no,no,no,yes,yes,False
103483880,METROPOLITAN NASHVILLE POLICE DEPT,20220585770,Davidson,Nashville,11/19/2022 11:45:00 AM,2,0,0,36.191370,-86.787130,I 65,,,,0.00,,,,,,,85.90,N,Not at Intersection,N,Non-Junction,None,,,         ,Matthew,Cammarn,Clear,Front to Rear,no,no,no,no,yes,False
103483887,METROPOLITAN NASHVILLE POLICE DEPT,20220585628,Davidson,Nashville,11/19/2022 10:42:00 AM,2,0,0,36.137790,-86.882180,CHARLOTTE PKE,,,,543.00,Feet,East,SUMMERLY DR,,,,0.00,N,Not at Intersection,N,Non-Junction,None,,,         ,Terence,Mitchell,Clear,Angle,no,no,no,no,no,False
103483894,METROPOLITAN NASHVILLE POLICE DEPT,20220585821,Davidson,Nashville,11/19/2022 2:17:00 PM,1,0,0,36.046560,-86.678090,BELL RD,,,,403.00,Feet,East,BRITTANY PARK DR,,,,0.00,N,Not at Intersection,N,Non-Junction,None,,,         ,Darrin,Hardin,Clear,Not Collision with Motor Vehicle in Transport,no,no,no,no,no,False
103483917,METROPOLITAN NASHVILLE POLICE DEPT,20220584166,Davidson,Nashville,11/18/2022 2:52:00 PM,1,0,0,36.112490,-86.837030,ESTES RD,,,,122.00,Feet,South,ELDER PL,,,,0.00,N,Not at Intersection,N,Non-Junction,None,,,         ,Nickolas,Andrews,Clear,Not Collision with Motor Vehicle in Transport,no,no,no,no,no,False
103483934,METROPOLITAN NASHVILLE POLICE DEPT,20220585727,Davidson,Nashville,11/19/2022 12:15:00 PM,2,0,0,36.105400,-86.795700,GRANNY WHITE PKE,,,,56.00,Feet,South,MORROW AV,,,,0.00,N,Not at Intersection, ,Non-Junction,None,,,         ,Travis,Pemberton,Clear,Angle,no,no,no,no,yes,False
103483961,METROPOLITAN NASHVILLE POLICE DEPT,20220585813,Davidson,Nashville,11/19/2022 1:30:00 PM,2,0,0,36.256190,-86.714390,NEELYS BEND RD,,,,0.00,,,GALLATIN PKES,,,,0.00,Y,Four-Way,N,Intersection,None,,,         ,Nicholas,Carter,Clear,Angle,no,no,no,no,no,False
103483964,METROPOLITAN NASHVILLE POLICE DEPT,20220585790,Davidson,Nashville,11/19/2022 1:50:00 PM,2,1,0,36.125910,-86.846740,KENNER AVN,,,,80.00,Feet,West,HARDING PKE,,,,0.00,N,Not at Intersection,N,Non-Junction,None,,,         ,Tony,Folad,Clear,Angle,no,no,no,no,no,False
103483967,METROPOLITAN NASHVILLE POLICE DEPT,20220585785,Davidson,Nashville,11/19/2022 1:36:00 PM,2,0,0,36.145720,-86.666660,DONELSON PKE,,,,85.00,Feet,South,ROYAL PKWY,,,,0.00,N,Not at Intersection, ,"Driveway, Alley Access, etc",None,,,         ,Brian,Ritz,Clear,Angle,no,no,no,no,no,False
103483977,METROPOLITAN NASHVILLE POLICE DEPT,20220585831,Davidson,Nashville,11/19/2022 2:27:00 PM,4,2,0,36.141920,-86.885860,ANNEX AV,,,,0.00,,,CABOT DR,,,,0.00,Y,Four-Way,N,Intersection,None,,,         ,Jackson,Smythe,Clear,Front to Rear,no,no,no,no,no,False
103483978,METROPOLITAN NASHVILLE POLICE DEPT,20220585846,Davidson,Nashville,11/19/2022 2:43:00 PM,2,1,0,36.226130,-86.760130,DICKERSON PKE,,,,99.00,Feet,North,HILLHURST DR,,,,0.00,N,Not at Intersection,N,Non-Junction,None,,,         ,Matthew,Cammarn,Clear,Angle,no,no,no,no,no,False
103483984,METROPOLITAN NASHVILLE POLICE DEPT,20220585802,Davidson,Nashville,11/19/2022 1:57:00 PM,2,1,0,36.236680,-86.803180,KNIGHT DR,,,,0.00,,,GREEN LN,,,,0.00,Y,T-Intersection,Y,Intersection,None,,,         ,Chase,Harriman,Clear,"Sideswipe, Same Direction",no,no,no,no,no,False
103484002,THP District 3 - Nashville,322096821,Davidson,Nashville,11/19/2022 11:30:00 AM,2,1,0,36.137900,-86.727710,I 24,,,,0.00,,,,,,,51.25,N,Not at Intersection,N,Non-Junction,None,,,         ,Lennart,Schaaf,Clear,Front to Rear,no,no,no,no,no,False
103484009,METROPOLITAN NASHVILLE POLICE DEPT,20220585866,Davidson,Nashville,11/19/2022 12:00:00 AM,2,1,0,36.136090,-86.698720,BRILEY PKWYN,,,,23.00,Feet,North,CORPORATE DR,,,,0.00,N,Not at Intersection,N,Non-Junction,None,,,         ,Clayton,Smith,Clear,Angle,no,no,no,no,no,False
103484020,GOODLETTSVILLE POLICE DEPT,22-35169,Davidson,Goodlettsville,11/19/2022 2:09:00 PM,1,1,0,36.312280,-86.673920,VIETNAM VETERANS BLVDS,,,,1.21,Miles,East,CONFERENCE DR,,,,0.00,N,Not at Intersection,N,Non-Junction,None,,,         ,Hallie,Mooney,Clear,Not Collision with Motor Vehicle in Transport,no,no,no,no,no,False
103484046,THP District 3 - Nashville,322096821,Davidson,Nashville,11/19/2022 11:49:00 AM,2,0,0,36.081150,-86.697180,I 24,,,,0.00,,,,,,,56.10,N,Not at Intersection,Y,Non-Junction,None,,,         ,Robert,Bennett,Clear,"Sideswipe, Same Direction",no,no,no,no,yes,False
103484077,METROPOLITAN NASHVILLE POLICE DEPT,20220585933,Davidson,Nashville,11/19/2022 4:04:00 PM,2,0,0,36.162120,-86.782630,CHURCH ST,,,,6.00,Feet,East,7TH AVN,,,,0.00,N,Not at Intersection,N,Non-Junction,None,,,         ,Matthew,Hogan,Clear,Angle,no,no,no,no,no,False
103484085,METROPOLITAN NASHVILLE POLICE DEPT,20220585861,Davidson,Nashville,11/19/2022 3:00:00 PM,1,0,0,36.065560,-86.680110,ANTIOCH PKE,,,,0.00,Feet,East,REEVES RD,,,,0.00,N,Not at Intersection,N,Non-Junction,None,,,         ,Gregory,Scott,Clear,Not Collision with Motor Vehicle in Transport,no,no,no,no,no,False
103484112,METROPOLITAN NASHVILLE POLICE DEPT,20220585913,Davidson,Nashville,11/19/2022 3:26:00 PM,2,0,0,36.172910,-86.786530,5TH AVN,,,,0.00,Feet,,JUNIOR GILLIAM WAY,,,,0.00,Y,Four-Way,N,Intersection,None,,,         ,Zachary,Triano,Clear,Angle,no,no,no,no,no,False
103484120,METROPOLITAN NASHVILLE POLICE DEPT,20220585908,Davidson,Nashville,11/19/2022 2:26:00 PM,2,0,0,36.160020,-86.782820,ROSA L PARKS BLVD,,,,94.00,Feet,South,COMMERCE ST,,,,0.00,N,Not at Intersection, ,Non-Junction,None,,,         ,Matthew,Hogan,Clear,Front to Rear,no,no,no,no,yes,False
103484133,METROPOLITAN NASHVILLE POLICE DEPT,20220585928,Davidson,Nashville,11/19/2022 3:30:00 PM,2,0,0,36.161280,-86.819150,28TH AVN,,,,21.00,Feet,North,BATAVIA ST,,,,0.00,N,Not at Intersection,N,Non-Junction,None,,,         ,Rachel,Susee,Clear,Angle,no,no,no,no,yes,False
103484156,METROPOLITAN NASHVILLE POLICE DEPT,20220585953,Davidson,Nashville,11/19/2022 4:25:00 PM,1,1,0,36.146840,-86.808630,WEST END AV,,,,0.00,,,25TH AVN,,,,0.00,Y,Y-Intersection,N,Intersection-Related,None,,,         ,Flynn,Ireland,Clear,Not Collision with Motor Vehicle in Transport,yes,no,no,no,no,Campus
103484160,METROPOLITAN NASHVILLE POLICE DEPT,20220586076,Davidson,Nashville,11/19/2022 6:22:00 PM,2,1,0,36.154630,-86.758490,I 24,,,,0.00,,,,,,,49.85,N,Not at Intersection,N,Non-Junction,None,,,         ,Stephen,Sciolinos,Clear,Front to Rear,no,no,no,no,no,False
103484163,METROPOLITAN NASHVILLE POLICE DEPT,20220585882,Davidson,Nashville,11/19/2022 2:14:00 PM,2,1,0,36.089070,-86.649990,RANSOM PL,,,,1.00,Feet,West,MURFREESBORO PKE,,,,0.00,N,Not at Intersection,N,Non-Junction,None,,,         ,Corey,Schulz,Clear,Angle,no,no,no,no,no,False
103484167,METROPOLITAN NASHVILLE POLICE DEPT,20220586101,Davidson,Nashville,11/19/2022 6:45:00 PM,2,2,0,36.204590,-86.821360,BUENA VISTA PKE,,,,3.00,Feet,North,TUCKER RD,,,,0.00,N,Not at Intersection,N,Non-Junction,None,,,         ,Austin,Bowles,Clear,HeadOn,no,no,no,no,no,False
103484174,METROPOLITAN NASHVILLE POLICE DEPT,20220586125,Davidson,Nashville,11/19/2022 6:12:00 PM,2,0,0,36.106090,-86.815350,ABBOTT MARTIN RD,,,,191.00,Feet,East,BANDYWOOD DR,,,,0.00,N,Not at Intersection, ,Non-Junction,None,,,         ,Tony,Folad,Clear,"Sideswipe, Same Direction",no,no,no,yes,yes,False
103484179,METROPOLITAN NASHVILLE POLICE DEPT,20220586140,Davidson,Antioch,11/19/2022 7:29:00 PM,2,0,0,36.047840,-86.612050,MURFREESBORO PKE,,,,1284.00,Feet,North,MOUNTAIN SPRINGS RD,,,,0.00,N,Not at Intersection,N,Non-Junction,None,,,         ,Michael,Hones,Clear,Angle,no,no,no,no,no,False
103484183,METROPOLITAN NASHVILLE POLICE DEPT,20220585971,Davidson,Not in City Limit,11/19/2022 12:00:00 AM,2,0,0,36.257360,-86.713940,GALLATIN PKES,,,,37.00,Feet,North,HARRINGTON AV,,,,0.00,N,Not at Intersection,N,Non-Junction,None,,,         ,Amanda,Topping,Clear,"Sideswipe, Same Direction",no,no,no,no,yes,False
103484191,METROPOLITAN NASHVILLE POLICE DEPT,20220586161,Davidson,Nashville,11/19/2022 7:50:00 PM,2,1,0,36.133400,-86.721620,MURFREESBORO PKE,,,,223.00,Feet,West,PAVILION BLVD,,,,0.00,N,Not at Intersection,N,Non-Junction,None,,,         ,Jennifer,Liquori,Clear,Angle,no,no,no,no,yes,False
103484192,METROPOLITAN NASHVILLE POLICE DEPT,20220585983,Davidson,Nashville,11/19/2022 4:55:00 PM,2,0,0,36.039990,-86.712640,MILL CREEK WHITTEMORE GRNWY,,,,50.00,Feet,East,MILL CREEK WHITTLEMORE GRNWY,,,,0.00,N,Not at Intersection,N,Non-Junction,None,,,         ,Corey,Schulz,Clear,Angle,no,no,no,no,no,False
103484262,METROPOLITAN NASHVILLE POLICE DEPT,20220586183,Davidson,Nashville,11/19/2022 7:59:00 PM,2,0,0,36.099870,-86.739570,NOLENSVILLE PKE,,,,0.00,Feet,,ELGIN ST,,,,0.00,Y,Four-Way,N,Intersection,None,,,         ,Michael,Raash,Clear,Front to Rear,no,no,no,no,no,False
103484278,BERRY HILL POLICE DEPT,22-3394,Davidson,Berry Hill,11/19/2022 8:00:00 PM,2,1,0,36.126970,-86.777350,FRANKLIN PKE,,,,0.00,,,HILLVIEW HTS,,,,0.00,Y,T-Intersection,N,Intersection-Related,None,,,         ,Darren,Jenkins,Clear,Front to Rear,no,no,no,no,no,False
103484300,METROPOLITAN NASHVILLE POLICE DEPT,20220584551,Davidson,Nashville,11/18/2022 7:18:00 PM,2,0,0,36.229710,-86.761090,EWING DR,,,,549.00,Feet,West,DICKERSON PKE,,,,0.00,N,Not at Intersection,N,Non-Junction,None,,,         ,Michael,Esposito,Clear,Front to Rear,no,no,no,no,no,False
103484302,METROPOLITAN NASHVILLE POLICE DEPT,20220586093,Davidson,Nashville,11/19/2022 6:25:00 PM,2,1,0,36.181490,-86.773680,DICKERSON PKE,,,,19.00,Feet,South,DICKERSON PKE NB ENT RAMP,,,,0.00,N,Not at Intersection,N,Non-Junction,None,,,         ,Zachary,Carter,Clear,"Sideswipe, Same Direction",no,no,no,no,no,False
103484367,METROPOLITAN NASHVILLE POLICE DEPT,20220586142,Davidson,Nashville,11/19/2022 7:33:00 PM,2,1,0,36.094420,-86.653390,FRANKLIN LIMESTONE RD,,,,0.00,,,MURFREESBORO PKE,,,,0.00,Y,Four-Way,N,Intersection,None,,,         ,Kody,Littles,Clear,Angle,no,no,no,no,no,False
103484380,METROPOLITAN NASHVILLE POLICE DEPT,20220585952,Davidson,Nashville,11/19/2022 4:00:00 PM,3,0,0,36.149460,-86.747590,I 40,,,,0.00,,,,,,,211.75,N,Not at Intersection,N,Non-Junction,None,,,         ,Zachary,Nichols,Clear,Front to Rear,no,no,no,no,no,False
103484381,METROPOLITAN NASHVILLE POLICE DEPT,20220586307,Davidson,Nashville,11/19/2022 9:55:00 PM,1,1,0,36.151040,-86.857810,WHITE BRIDGE PKE,,,,38.00,Feet,South,WHITE BRIDGE PL,,,,0.00,N,Not at Intersection,N,Non-Junction,None,,,         ,William,Vanbergen,Clear,Not Collision with Motor Vehicle in Transport,yes,no,no,no,no,False
103484398,METROPOLITAN NASHVILLE POLICE DEPT,20220586205,Davidson,Nashville,11/19/2022 8:43:00 PM,1,0,0,36.130360,-86.664790,DONELSON PKEN,,,,478.00,Feet,North,DONELSON PKE S ENT RAMP,,,,0.00,N,Not at Intersection,N,Non-Junction,None,,,         ,Kody,Littles,Clear,Not Collision with Motor Vehicle in Transport,no,no,no,no,no,False