master_record_number,agency,agency_tracking_number,county,city,collision_date,vehicles_involved,number_injured,number_dead,latitude,longitude,roadway_name,roadway_suffix,roadway_number,roadway_local_id,distance_from_reference,miles-feet_indicator,direction_from_reference,intersection_road_name,intersection_road_name_suffix,intersection_road_number,intersection_local_id,mile_marker,intersection_indicator,intersect_type,interchange_related_indicator,relation_to_junction,work_zone_type,construction_maintenance_zone,construction_maintenance_zone_location,fatal_case_number,officer_first_name,officer_last_name,weather_condition(s),manner_of_crash,pedestrian,bicycle,scooter,parking,hitrun,mou
103484400,METROPOLITAN NASHVILLE POLICE DEPT,20220586355,Davidson,Not in City Limit,11/19/2022 10:20:00 PM,1,0,0,36.363530,-86.869170,JACKMAN RD,,,,901.00,Feet,East,JACKMAN RD PVTDR,,,,0.00,N,Not at Intersection,N,Non-Junction,None,,,         ,Martin,Brown,Clear,Not Collision with Motor Vehicle in Transport,no,no,no,no,yes,False
103484437,METROPOLITAN NASHVILLE POLICE DEPT,20220586293,Davidson,Nashville,11/19/2022 9:50:00 PM,3,0,0,36.082620,-86.727260,NOLENSVILLE PKE,,,,4.00,Feet,North,WELSHWOOD DR,,,,0.00,N,Not at Intersection,N,Non-Junction,None,,,         ,Jason,Lyons,Clear,"Sideswipe, Same Direction",no,no,no,no,no,False
103484442,METROPOLITAN NASHVILLE POLICE DEPT,20220586380,Davidson,Nashville,11/19/2022 12:00:00 AM,2,0,0,36.171560,-86.768680,JAMES ROBERTSON PKWY,,,,254.00,Feet,West,ELLINGTON PKWY N ENT RAMP,,,,0.00,N,Not at Intersection, ,Non-Junction,None,,,         ,laina,herod,Clear,Front to Rear,no,no,no,no,no,False
103484443,METROPOLITAN NASHVILLE POLICE DEPT,20220586463,Davidson,Nashville,11/19/2022 11:30:00 PM,2,0,0,36.142520,-86.709320,I 40,,,,0.00,,,,,,,214.25,N,Not at Intersection,N,Non-Junction,None,,,         ,Bryson,Wilkins,Clear,Front to Rear,no,no,no,no,no,False
103484444,METROPOLITAN NASHVILLE POLICE DEPT,20220586297,Davidson,Nashville,11/19/2022 9:27:00 PM,1,0,0,36.149390,-86.769610,4TH AVS,,,,120.00,Feet,South,MCCANN ST,,,,0.00,N,Not at Intersection,N,Non-Junction,None,,,         ,Jack,Pfeiffer,Clear,Not Collision with Motor Vehicle in Transport,no,no,no,no,no,False
103484447,METROPOLITAN NASHVILLE POLICE DEPT,20220586214,Davidson,Nashville,11/19/2022 8:35:00 PM,1,0,0,36.081480,-86.699050,LINBAR DR,,,,851.00,Feet,East,I24 W EXT RAMP,,,,0.00,N,Not at Intersection,N,Non-Junction,None,,,         ,Amgad,Bekhit,Clear,Not Collision with Motor Vehicle in Transport,no,no,no,no,yes,False
103484450,METROPOLITAN NASHVILLE POLICE DEPT,20220586013,Davidson,Nashville,11/19/2022 5:15:00 PM,1,1,0,36.185220,-86.816590,CLARKSVILLE PKE,,,,204.00,Feet,East,25TH AVN,,,,0.00,N,Not at Intersection,N,Non-Junction,None,,,         ,Rachel,Susee,Clear,Not Collision with Motor Vehicle in Transport,yes,no,no,no,no,False
103484451,METROPOLITAN NASHVILLE POLICE DEPT,20220586435,Davidson,Not in City Limit,11/19/2022 11:19:00 PM,2,2,0,36.266020,-86.741380,NESBITT LN,,,,7.00,Feet,North,PORT DR,,,,0.00,N,Not at Intersection,N,Non-Junction,None,,,         ,William,Hudson,Clear,Angle,no,no,no,no,no,False
103484453,METROPOLITAN NASHVILLE POLICE DEPT,20220586421,Davidson,Nashville,11/19/2022 10:38:00 PM,2,0,0,36.231600,-86.781520,EWING DR,,,,0.00,Feet,,BRICK CHURCH PKE,,,,0.00,Y,Four-Way,N,Intersection,None,,,         ,Mary,Zoetvelt,Clear,Angle,no,no,no,no,no,False
103484471,METROPOLITAN NASHVILLE POLICE DEPT,20220586121,Davidson,Nashville,11/19/2022 6:40:00 PM,2,0,0,36.140680,-86.788980,EDGEHILL HOMES PVTDR,,,,234.00,Feet,North,HORTON AV,,,,0.00,N,Not at Intersection, ,Non-Junction,None,,,         ,Flynn,Ireland,Clear,Rear to Rear,no,no,no,no,yes,False
103484472,METROPOLITAN NASHVILLE POLICE DEPT,20220586482,Davidson,Not in City Limit,11/19/2022 11:44:00 PM,2,0,0,36.266140,-86.684790,N DUPONT AV,,,,138.00,Feet,East,ARCHWOOD PL,,,,0.00,N,Not at Intersection,N,Non-Junction,None,,,         ,Jean-Claude,Beaudu Jr.,Clear,Front to Rear,no,no,no,no,no,False
103484485,METROPOLITAN NASHVILLE POLICE DEPT,20220586504,Davidson,Nashville,11/19/2022 11:57:00 PM,2,1,0,36.096160,-86.655620,MURFREESBORO PKE,,,,0.00,,,SMITH SPRINGS RD,,,,0.00,Y,T-Intersection,N,Intersection,None,,,         ,Kody,Littles,Clear,Front to Rear,no,no,no,no,no,False
103484494,METROPOLITAN NASHVILLE POLICE DEPT,20220586559,Davidson,Nashville,11/19/2022 9:13:00 PM,2,0,0,36.090350,-86.626580,SMITH SPRINGS RD,,,,0.00,,,BELL RD,,,,0.00,Y,Four-Way,N,Intersection-Related,None,,,         ,Jeffrey,Palomino-Gonzalez,Clear,Angle,no,no,no,no,no,False
103484507,METROPOLITAN NASHVILLE POLICE DEPT,20220586430,Davidson,Nashville,11/19/2022 10:53:00 PM,2,0,0,36.176000,-86.763180,HOWERTON ST,,,,328.00,Feet,East,N 6TH ST,,,,0.00,N,Not at Intersection,N,Non-Junction,None,,,         ,laina,herod,Clear,Other,no,no,no,yes,yes,False
103484512,METROPOLITAN NASHVILLE POLICE DEPT,20220586534,Davidson,Nashville,11/20/2022 12:00:00 AM,2,0,0,36.152480,-86.802700,21ST AVE N,,,,0.00,,,CHURCH ST,,,,0.00,Y,Four-Way,N,Intersection,Construction Zone,Laneclosure,Termination Area,         ,Lynsey,Fish,Clear,Not Collision with Motor Vehicle in Transport,no,no,no,no,yes,Campus
103484514,METROPOLITAN NASHVILLE POLICE DEPT,20220586632,Davidson,Nashville,11/20/2022 1:32:00 AM,2,0,0,36.205890,-86.768610,E TRINITY LN,,,,0.00,,,DICKERSON PKE,,,,0.00,Y,Four-Way, ,Intersection,None,,,         ,Spencer,Arroyo,Clear,Front to Rear,no,no,no,no,no,False
103484523,METROPOLITAN NASHVILLE POLICE DEPT,20220586629,Davidson,Nashville,11/20/2022 12:00:00 AM,1,0,0,36.101350,-86.663600,MURFREESBORO PKE,,,,782.00,Feet,North,LADYBIRD DR,,,,0.00,N,Not at Intersection,N,Non-Junction,None,,,         ,Jack,Burke,Cloudy,Not Collision with Motor Vehicle in Transport,no,no,no,no,no,False
103484542,METROPOLITAN NASHVILLE POLICE DEPT,20220571362,Davidson,Nashville,11/11/2022 8:48:00 PM,2,0,0,36.047300,-86.862740,OLD HICKORY BLVD,,,,0.00,,,HILLSBORO PKE,,,,0.00,Y,Four-Way,N,Intersection,None,,,         ,Dillon,Deleacaes,Cloudy,Front to Rear,no,no,no,no,yes,False
103484543,METROPOLITAN NASHVILLE POLICE DEPT,20220586715,Davidson,Nashville,11/20/2022 12:00:00 AM,1,0,0,36.086060,-86.698670,I24 W EXT RAMP,,,,0.00,,,I 24,,,,0.00,Y,T-Intersection,N,Non-Junction,None,,,         ,Jack,Burke,Clear,Not Collision with Motor Vehicle in Transport,no,no,no,no,yes,False
103484547,METROPOLITAN NASHVILLE POLICE DEPT,20220586365,Davidson,Nashville,11/19/2022 9:36:00 PM,1,0,0,36.041450,-86.749760,OLD HICKORY BLVD,,,,163.00,Feet,West,HILL RD,,,,0.00,N,Not at Intersection,N,Non-Junction,None,,,         ,Dillon,Deleacaes,Clear,Not Collision with Motor Vehicle in Transport,no,no,no,no,no,False
103484573,METROPOLITAN NASHVILLE POLICE DEPT,20220586732,Davidson,Nashville,11/20/2022 2:30:00 AM,1,0,0,36.123100,-86.765500,BRANSFORD AV,,,,142.00,Feet,South,FESSEY PARK RD,,,,0.00,N,Not at Intersection,N,Non-Junction,None,,,         ,Jack,Pfeiffer,Clear,Not Collision with Motor Vehicle in Transport,no,no,no,no,yes,False
103484583,GOODLETTSVILLE POLICE DEPT,22-35082,Davidson,Goodlettsville,11/18/2022 5:28:00 PM,2,0,0,36.307210,-86.703720,RIVERGATE PKWY,,,,238.00,Feet,South,I65 N ENT RAMP,,,,0.00,N,Not at Intersection, ,Non-Junction,None,,,         ,Rico,Jones,Clear,Front to Rear,no,no,no,no,no,False
103484594,METROPOLITAN NASHVILLE POLICE DEPT,20220586704,Davidson,Nashville,11/20/2022 3:05:00 AM,1,0,0,36.428050,-86.711730,I 65,,,,0.00,,,,,,,104.70,N,Not at Intersection,N,Unknown,None,,,         ,Martin,Brown,Clear,Not Collision with Motor Vehicle in Transport,no,no,no,no,no,False
103484601,METROPOLITAN NASHVILLE POLICE DEPT,20220586693,Davidson,Nashville,11/20/2022 2:55:00 AM,1,1,0,36.112890,-86.689010,MCGAVOCK PKE,,,,0.00,Feet,East,MURFREESBORO PKE,,,,0.00,N,Not at Intersection,N,Non-Junction,None,,,         ,Amanda,Hanna,Clear,Not Collision with Motor Vehicle in Transport,no,no,no,no,no,False
103484647,METROPOLITAN NASHVILLE POLICE DEPT,20220586831,Davidson,Nashville,11/20/2022 12:00:00 AM,1,0,0,36.039730,-86.712790,NOLENSVILLE PKE,,,,60.00,Feet,South,MILL CREEK WHITTEMORE GRNWY,,,,0.00,N,Not at Intersection,N,Non-Junction,None,,,         ,Kyle,Kinsman,Clear,Not Collision with Motor Vehicle in Transport,no,no,no,no,yes,False
103484656,METROPOLITAN NASHVILLE POLICE DEPT,20220585784,Davidson,Nashville,11/19/2022 1:42:00 PM,1,1,0,36.111060,-86.747360,THOMPSON LN,,,,0.00,,,LOUISE DR,,,,0.00,Y,T-Intersection,N,Non-Junction,None,,,         ,Michael,Do,Clear,Not Collision with Motor Vehicle in Transport,no,yes,no,no,no,False
103484664,METROPOLITAN NASHVILLE POLICE DEPT,20220586827,Davidson,Nashville,11/20/2022 3:45:00 AM,2,0,0,36.157650,-86.792880,15TH AVN,,,,109.00,Feet,North,CHURCH ST,,,,0.00,N,Not at Intersection, ,Non-Junction,None,,,         ,Christopher,Brown,Unknown,Front to Rear,no,no,no,no,yes,False
103484665,METROPOLITAN NASHVILLE POLICE DEPT,20220586823,Davidson,Nashville,11/20/2022 6:42:00 AM,2,0,0,36.150760,-86.864330,I 40,,,,0.00,,,,,,,203.55,N,Not at Intersection,N,Non-Junction,None,,,         ,Stacia,Getz,Clear,Front to Rear,no,no,no,no,no,False
103484709,METROPOLITAN NASHVILLE POLICE DEPT,20220586971,Davidson,Nashville,11/20/2022 9:39:00 AM,2,0,0,36.041280,-86.778000,OLD HICKORY BLVD,,,,429.00,Feet,East,STONE BROOK DR,,,,0.00,N,Not at Intersection,N,Non-Junction,None,,,         ,Michael,Do,Clear,Front to Rear,no,no,no,no,no,False
103484744,METROPOLITAN NASHVILLE POLICE DEPT,20220586818,Davidson,Nashville,11/20/2022 12:00:00 AM,4,0,0,36.249840,-86.743080,OLD DUE WEST AV,,,,124.00,Feet,North,CHANNING DR,,,,0.00,N,Not at Intersection,N,Non-Junction,None,,,         ,Mark,Iovine,Unknown,"Sideswipe, Same Direction",no,no,no,yes,yes,False
103484751,METROPOLITAN NASHVILLE POLICE DEPT,20220587005,Davidson,Nashville,11/20/2022 10:38:00 AM,2,0,0,36.126920,-86.629710,BELL RD,,,,204.00,Feet,South,PRIEST WOODS DR,,,,0.00,N,Not at Intersection,N,Non-Junction,None,,,         ,Ryan,Sherry,Clear,Front to Rear,no,no,no,no,yes,False
103484752,METROPOLITAN NASHVILLE POLICE DEPT,20220587000,Davidson,Nashville,11/20/2022 10:33:00 AM,2,0,0,36.127920,-86.852020,POST RD,,,,31.00,Feet,South,POST PL,,,,0.00,N,Not at Intersection,N,Non-Junction,None,,,         ,Tony,Folad,Clear,Angle,no,no,no,no,no,False
103484820,METROPOLITAN NASHVILLE POLICE DEPT,20220587011,Davidson,Nashville,11/20/2022 10:42:00 AM,2,1,0,36.229380,-86.759280,BROADMOOR DR,,,,0.00,,,DICKERSON PKE,,,,0.00,Y,Four-Way,N,Intersection,None,,,         ,Miranda,Vaughn,Clear,Angle,no,no,no,no,yes,False
103484865,METROPOLITAN NASHVILLE POLICE DEPT,20220587136,Davidson,Nashville,11/20/2022 12:55:00 PM,2,0,0,36.185780,-86.775890,I 24,,,,0.00,,,,,,,47.20,N,Not at Intersection, ,Non-Junction,None,,,         ,Cory,Fetner,Clear,"Sideswipe, Same Direction",no,no,no,no,no,False
103484867,METROPOLITAN NASHVILLE POLICE DEPT,20220587075,Davidson,Nashville,11/20/2022 11:52:00 AM,2,1,0,36.048920,-86.665440,I 24,,,,0.00,,,,,,,59.00,N,Not at Intersection,N,Non-Junction,None,,,         ,Eric,Burford,Clear,"Sideswipe, Same Direction",no,no,no,no,yes,False
103484901,METROPOLITAN NASHVILLE POLICE DEPT,20220587175,Davidson,Nashville,11/20/2022 1:30:00 PM,1,0,0,36.154170,-86.835350,I 40,,,,0.00,,,,,,,205.15,N,Not at Intersection, ,Non-Junction,None,,,         ,Anthony,Butler,Clear,Not Collision with Motor Vehicle in Transport,no,no,no,no,no,False
103484971,METROPOLITAN NASHVILLE POLICE DEPT,20220587084,Davidson,Nashville,11/20/2022 12:03:00 PM,2,1,0,36.180530,-86.774460,I 24,,,,0.00,,,,,,,47.65,N,Not at Intersection,N,Non-Junction,None,,,         ,Hunter,Hodge,Clear,Front to Rear,no,no,no,no,no,False
103484973,METROPOLITAN NASHVILLE POLICE DEPT,20220587149,Davidson,Nashville,11/20/2022 3:22:00 AM,1,0,0,36.076320,-86.681800,ANTIOCH PKE,,,,238.00,Feet,South,LUNA DR,,,,0.00,N,Not at Intersection,N,Non-Junction,Work Zone,Work On Shoulder Or Median,Unknown,         ,Steven,Bowler,Unknown,Unknown,no,no,no,no,yes,False
103484983,METROPOLITAN NASHVILLE POLICE DEPT,20220587182,Davidson,Nashville,11/20/2022 1:43:00 PM,2,1,0,36.062500,-86.904210,HIGHWAY 100,,,,141.00,Feet,East,OLD HICKORY BLVD,,,,0.00,N,Not at Intersection,N,Non-Junction,None,,,         ,Tony,Folad,Clear,Front to Rear,no,no,no,no,no,False
103485011,METROPOLITAN NASHVILLE POLICE DEPT,20220587172,Davidson,Nashville,11/20/2022 1:38:00 PM,1,3,0,36.197270,-86.771420,MARIE ST,,,,0.00,,,DICKERSON PKE,,,,0.00,Y,T-Intersection,N,Non-Junction,None,,,         ,Miranda,Vaughn,Clear,Not Collision with Motor Vehicle in Transport,no,no,no,no,no,False
103485031,METROPOLITAN NASHVILLE POLICE DEPT,20220587194,Davidson,Nashville,11/20/2022 1:30:00 PM,2,0,0,36.083710,-86.727590,NOLENSVILLE PKE,,,,117.00,Feet,North,PARAGON MILLS RD,,,,0.00,N,Not at Intersection, ,Non-Junction,None,,,         ,David,Rehm,Clear,Angle,no,no,no,no,no,False
103485096,METROPOLITAN NASHVILLE POLICE DEPT,20220587203,Davidson,Nashville,11/20/2022 2:08:00 PM,2,0,0,36.110120,-86.720480,BRILEY PKWYS,,,,0.00,,,I24 W EXT RAMP,,,,0.00,Y,T-Intersection, ,Non-Junction,None,,,         ,Eric,Burford,Clear,Front to Rear,no,no,no,no,no,False
103485110,METROPOLITAN NASHVILLE POLICE DEPT,20220587319,Davidson,Nashville,11/19/2022 9:10:00 PM,2,0,0,36.078950,-86.668050,MULLEN CIR,,,,279.00,Feet,East,FRANKLIN LIMESTONE RD,,,,0.00,N,Not at Intersection, ,Non-Junction,None,,,         ,Andrew,Yurgil,Clear,HeadOn,no,no,no,no,no,False
103485120,METROPOLITAN NASHVILLE POLICE DEPT,20220587336,Davidson,Nashville,11/20/2022 3:42:00 PM,2,0,0,36.160760,-86.793690,14TH AVN,,,,0.00,,,CHARLOTTE AV,,,,0.00,Y,Four-Way,N,Intersection-Related,None,,,         ,Garrett,Latham,Clear,Front to Rear,no,no,no,no,yes,False
103485121,METROPOLITAN NASHVILLE POLICE DEPT,20220587360,Davidson,Not in City Limit,11/20/2022 4:19:00 PM,2,0,0,36.292620,-86.810570,I 24,,,,0.00,,,,,,,39.25,N,Not at Intersection, ,Non-Junction,None,,,         ,Tyler,Edwards,Clear,Front to Rear,no,no,no,no,no,False
103485132,THP District 3 - Nashville,322095986,Davidson,Nashville,11/17/2022 7:15:00 AM,2,1,0,36.044750,-86.658300,I 24,,,,0.00,,,,,,,59.45,N,Not at Intersection,N,Non-Junction,None,,,         ,Keith,Velez,Clear,"Sideswipe, Same Direction",no,no,no,no,no,False
103485147,METROPOLITAN NASHVILLE POLICE DEPT,20220587334,Davidson,Nashville,11/20/2022 4:00:00 PM,2,0,0,36.157430,-86.773920,KOREAN VETERANS BLVD,,,,47.00,Feet,East,ALMOND ST,,,,0.00,N,Not at Intersection, ,"Driveway, Alley Access, etc",None,,,         ,Ralph,Gault,Clear,Angle,no,no,no,no,no,False
103485153,METROPOLITAN NASHVILLE POLICE DEPT,20220587437,Davidson,Nashville,11/20/2022 5:20:00 PM,2,0,0,36.153520,-86.756320,I 40,,,,0.00,,,,,,,211.20,N,Not at Intersection,N,Non-Junction,None,,,         ,Reagan,Heath,Clear,Front to Rear,no,no,no,no,no,False
103485159,METROPOLITAN NASHVILLE POLICE DEPT,20220587384,Davidson,Nashville,11/20/2022 4:50:00 PM,2,1,0,36.046390,-86.661130,I 24,,,,0.00,,,,,,,59.30,N,Not at Intersection,N,Non-Junction,Work Zone,Laneclosure,Activity Area,         ,Steven,Bowler,Cloudy,Front to Rear,no,no,no,no,no,False
103485171,METROPOLITAN NASHVILLE POLICE DEPT,20220587365,Davidson,Nashville,11/20/2022 4:30:00 PM,2,0,0,36.175620,-86.603120,OLD HICKORY BLVD,,,,440.00,Feet,North,BURNING TREE DR,,,,0.00,N,Not at Intersection,N,Non-Junction,None,,,         ,Zachary,Nichols,Clear,Angle,no,no,no,no,no,False
103485206,METROPOLITAN NASHVILLE POLICE DEPT,20220587483,Davidson,Nashville,11/20/2022 5:51:00 PM,2,0,0,36.133760,-86.726910,I24E,,,,57.00,Feet,East,I24 W EXT RAMP,,,,0.00,N,Not at Intersection,N,Non-Junction,None,,,         ,Amgad,Bekhit,Clear,Front to Rear,no,no,no,no,no,False
103485208,METROPOLITAN NASHVILLE POLICE DEPT,20220587484,Davidson,Nashville,11/20/2022 6:00:00 PM,3,0,0,36.131980,-86.727180,I 24,,,,0.00,,,,,,,51.15,N,Not at Intersection,N,Non-Junction,None,,,         ,Sean,McConnell,Clear,Front to Rear,no,no,no,no,no,False
103485209,METROPOLITAN NASHVILLE POLICE DEPT,20220587387,Davidson,Nashville,11/19/2022 12:00:00 AM,3,0,0,36.040860,-86.661100,BELL HOLLOW APTS PVTDR,,,,252.00,Feet,South,CANE RIDGE RD,,,,0.00,N,Not at Intersection,N,Non-Junction,None,,,         ,Corey,Schulz,Unknown,Angle,no,no,no,yes,yes,False
103485210,METROPOLITAN NASHVILLE POLICE DEPT,20220587445,Davidson,Nashville,11/20/2022 5:30:00 PM,3,1,0,36.047000,-86.662150,I 24,,,,0.00,,,,,,,59.20,N,Not at Intersection,N,Non-Junction,None,,,         ,Gary,Anderson,Clear,Front to Rear,no,no,no,no,no,False
103485217,METROPOLITAN NASHVILLE POLICE DEPT,20220587507,Davidson,Nashville,11/20/2022 6:35:00 PM,2,1,0,36.150710,-86.857850,OBRIEN AV,,,,0.00,,,WHITE BRIDGE PKE,,,,0.00,Y,T-Intersection,N,Intersection,None,,,         ,Kevin,Clausius,Clear,Angle,no,no,no,no,no,False
103485229,METROPOLITAN NASHVILLE POLICE DEPT,20220587311,Davidson,Nashville,11/20/2022 3:12:00 PM,2,0,0,36.236620,-86.758070,I65 N EXT RAMP,,,,0.00,Feet,,I 65,,,,0.00,Y,T-Intersection,N,Intersection-Related,None,,,         ,Seth,Wilson,Clear,Front to Rear,no,no,no,no,no,False
103485250,METROPOLITAN NASHVILLE POLICE DEPT,20220587563,Davidson,Nashville,11/20/2022 7:30:00 PM,2,1,0,36.169530,-86.604620,I40 E EXT RAMP,,,,0.00,Feet,East,I 40,,,,0.00,N,Not at Intersection,N,Non-Junction,None,,,         ,Reagan,Heath,Clear,"Sideswipe, Same Direction",no,no,no,no,no,False
103485270,METROPOLITAN NASHVILLE POLICE DEPT,20220587566,Davidson,Nashville,11/20/2022 5:48:00 PM,2,0,0,36.067940,-86.631840,MURFREESBORO PKE,,,,259.00,Feet,North,FOREST VIEW DR,,,,0.00,N,Not at Intersection, ,Non-Junction,None,,,         ,Corey,Schulz,Clear,Front to Rear,no,no,no,no,no,False
103485304,METROPOLITAN NASHVILLE POLICE DEPT,20220587605,Davidson,Not in City Limit,11/20/2022 8:05:00 PM,2,0,0,36.076890,-86.945220,HIGHWAY 70S,,,,0.00,,,SAWYER BROWN RD,,,,0.00,Y,Four-Way,Y,Intersection,None,,,         ,Mark,Lemieux,Clear,"Sideswipe, Same Direction",no,no,no,no,no,False
103485342,METROPOLITAN NASHVILLE POLICE DEPT,20220587665,Davidson,Nashville,11/20/2022 6:56:00 PM,2,0,0,36.226450,-86.725410,WINDING WAY,,,,0.00,,,GALLATIN PKE,,,,0.00,Y,T-Intersection,N,Intersection-Related,None,,,         ,Dillon,Hunt,Clear,Front to Rear,no,no,no,no,yes,False
103485343,METROPOLITAN NASHVILLE POLICE DEPT,20220587412,Davidson,Nashville,11/20/2022 5:09:00 PM,1,1,0,36.239560,-86.631040,OLD HICKORY BLVD,,,,126.00,Feet,East,ANTHONY ST,,,,0.00,N,Not at Intersection,N,Non-Junction,None,,,         ,Robert,Marquez,Clear,Not Collision with Motor Vehicle in Transport,no,no,no,no,no,False
103485344,METROPOLITAN NASHVILLE POLICE DEPT,20220587688,Davidson,Nashville,11/20/2022 7:57:00 PM,1,0,0,36.128140,-86.697300,KENTON PL,,,,87.00,Feet,West,KIRBY AV,,,,0.00,N,Not at Intersection, ,Non-Junction,None,,,         ,Dylan,Motes,Clear,Not Collision with Motor Vehicle in Transport,no,no,no,yes,no,False
103485386,METROPOLITAN NASHVILLE POLICE DEPT,20220586641,Davidson,Nashville,11/20/2022 1:02:00 AM,2,0,0,36.181900,-86.749170,GALLATIN AV,,,,72.00,Feet,South,MAXWELL AV,,,,0.00,N,Not at Intersection,N,Non-Junction,None,,,         ,Jordan,Knight,Clear,Front to Rear,no,no,no,no,yes,False
103485421,METROPOLITAN NASHVILLE POLICE DEPT,20220587573,Davidson,Joelton,11/20/2022 7:30:00 PM,2,0,0,36.321410,-86.864120,JORDYN LEIGH CT,,,,200.00,Feet,West,CHASEPOINT PL,,,,0.00,N,Not at Intersection,N,"Driveway, Alley Access, etc",None,,,         ,Anthony,Cucci,Clear,Unknown,no,no,no,yes,yes,False
103485422,METROPOLITAN NASHVILLE POLICE DEPT,20220587490,Davidson,Nashville,11/20/2022 5:20:00 PM,2,0,0,36.167460,-86.787000,JAMES ROBERTSON PKWY,,,,10.00,Feet,North,ROSA L PARKS BLVD,,,,0.00,N,Not at Intersection, ,Non-Junction,None,,,         ,Ralph,Gault,Clear,Front to Rear,no,no,no,no,no,False
103485423,METROPOLITAN NASHVILLE POLICE DEPT,20220587615,Davidson,Not in City Limit,11/20/2022 7:52:00 PM,2,1,0,36.260520,-86.738260,I 65,,,,0.00,,,,,,,92.00,N,Not at Intersection,N,Non-Junction,None,,,         ,Joseph,Santana,Clear,"Sideswipe, Same Direction",no,no,no,no,yes,False
103485437,METROPOLITAN NASHVILLE POLICE DEPT,20220587472,Davidson,Nashville,11/20/2022 5:52:00 PM,2,3,0,36.047840,-86.612050,MURFREESBORO PKE,,,,1284.00,Feet,North,MOUNTAIN SPRINGS RD,,,,0.00,N,Not at Intersection,N,Non-Junction,None,,,         ,Dean,Ferrari,Clear,Front to Rear,no,no,no,no,no,False
103485440,METROPOLITAN NASHVILLE POLICE DEPT,20220587653,Davidson,Nashville,11/20/2022 7:28:00 PM,2,0,0,36.152910,-86.783730,PINE ST,,,,0.00,,,11TH AVS,,,,0.00,Y,Four-Way,N,Intersection,None,,,         ,Zachary,Cooper,Clear,Front to Rear,no,no,no,no,yes,False
103485447,METROPOLITAN NASHVILLE POLICE DEPT,20220587694,Davidson,Madison,11/20/2022 3:46:00 PM,3,0,0,36.304710,-86.688980,NORTHSIDE FESTIVAL PVTDR,,,,0.00,,,LIBERTY LN,,,,0.00,Y,Four-Way,N,Intersection-Related,None,,,         ,Paul,Hughes II,Clear,Front to Rear,no,no,no,no,no,False
103485456,METROPOLITAN NASHVILLE POLICE DEPT,20220587613,Davidson,Not in City Limit,11/20/2022 12:00:00 AM,1,0,0,36.002750,-86.670850,PETTUS RD,,,,2392.00,Feet,South,OLD HICKORY BLVD,,,,0.00,N,Not at Intersection, ,Non-Junction,None,,,         ,Derek,Garcia,Clear,Not Collision with Motor Vehicle in Transport,no,no,no,no,no,False
103485467,METROPOLITAN NASHVILLE POLICE DEPT,20220587813,Davidson,Nashville,11/20/2022 12:00:00 AM,2,0,0,36.121480,-86.757720,I 440,,,,0.00,,,,,,,0.00,,,N,Non-Junction,None,,,         ,Mitchell,Cook,Cloudy,"Sideswipe, Same Direction",no,no,no,no,yes,False
103485482,METROPOLITAN NASHVILLE POLICE DEPT,20220587842,Davidson,Nashville,11/20/2022 11:30:00 PM,1,2,0,36.082470,-86.919750,OLD HICKORY BLVD,,,,343.00,Feet,North,AMBERWOOD CIR,,,,0.00,N,Not at Intersection,N,Non-Junction,None,,,         ,Nicholas,Smith,Clear,Not Collision with Motor Vehicle in Transport,no,no,no,no,no,False
103485502,METROPOLITAN NASHVILLE POLICE DEPT,20220587434,Davidson,Nashville,11/20/2022 5:22:00 PM,2,0,0,36.075890,-86.728370,EDMONDSON PKE,,,,940.00,Feet,West,PROVIDENCE HTS,,,,0.00,N,Not at Intersection,N,Non-Junction,None,,,         ,Gabriel,Hamilton,Clear,"Sideswipe, Same Direction",no,no,no,no,yes,False
103485510,METROPOLITAN NASHVILLE POLICE DEPT,20220587844,Davidson,Nashville,11/20/2022 11:17:00 PM,2,0,0,36.155650,-86.789720,BROADWAY,,,,0.00,,,I40 E EXT RAMP,,,,0.00,Y,Four-Way,Y,Intersection,None,,,         ,Dallas,Johnson,Clear,"Sideswipe, Same Direction",no,no,no,no,no,False
103485512,GOODLETTSVILLE POLICE DEPT,22-35283,Davidson,Goodlettsville,11/20/2022 8:05:00 PM,2,0,0,36.288910,-86.716600,JANETTE AV,,,,235.00,Feet,North,KATHY AV,,,,0.00,N,Not at Intersection,N,Non-Junction,None,,,         ,Noah,Werner,Clear,Angle,no,no,no,no,no,False
103485523,METROPOLITAN NASHVILLE POLICE DEPT,20220587967,Davidson,Nashville,11/21/2022 1:25:00 AM,1,0,0,36.089200,-86.718800,ASTER DR,,,,147.00,Feet,West,PARAGON MILLS RD,,,,0.00,N,Not at Intersection,N,Non-Junction,None,,,         ,Jason,Lyons,Clear,Not Collision with Motor Vehicle in Transport,no,no,no,no,yes,False
103485540,METROPOLITAN NASHVILLE POLICE DEPT,20220587984,Davidson,Nashville,11/21/2022 1:45:00 AM,2,0,0,36.236560,-86.761170,I 65,,,,0.00,,,,,,,89.70,N,Not at Intersection,N,Non-Junction,None,,,         ,Kristopher,Sutton,Clear,Front to Rear,no,no,no,no,no,False