master_record_number,agency,agency_tracking_number,county,city,collision_date,vehicles_involved,number_injured,number_dead,latitude,longitude,roadway_name,roadway_suffix,roadway_number,roadway_local_id,distance_from_reference,miles-feet_indicator,direction_from_reference,intersection_road_name,intersection_road_name_suffix,intersection_road_number,intersection_local_id,mile_marker,intersection_indicator,intersect_type,interchange_related_indicator,relation_to_junction,work_zone_type,construction_maintenance_zone,construction_maintenance_zone_location,fatal_case_number,officer_first_name,officer_last_name,weather_condition(s),manner_of_crash,pedestrian,bicycle,scooter,parking,hitrun,mou
103487590,METROPOLITAN NASHVILLE POLICE DEPT,20220591505,Davidson,Nashville,11/22/2022 6:56:00 PM,2,0,0,36.167260,-86.798930,14TH AVN,,,,0.00,,,IRELAND ST,,,,0.00,Y,Four-Way, ,Non-Junction,None,,,         ,Michael,Esposito,Clear,"Sideswipe, Opposite Direction",no,no,no,no,yes,False
103487594,METROPOLITAN NASHVILLE POLICE DEPT,20220590887,Davidson,Nashville,11/22/2022 12:50:00 PM,1,1,0,36.236680,-86.787110,I24 E EXT RAMP,,,,0.00,Feet,East,I 24,,,,0.00,N,Not at Intersection,N,Non-Junction,None,,,         ,Alec,Pellissier,Clear,Not Collision with Motor Vehicle in Transport,no,no,no,no,no,False
103487596,METROPOLITAN NASHVILLE POLICE DEPT,20220591174,Davidson,Nashville,11/22/2022 3:50:00 PM,2,0,0,36.191760,-86.763580,LISCHEY AV,,,,0.00,Feet,,RICHARDSON AV,,,,0.00,Y,T-Intersection,Y,Intersection,None,,,         ,Hannah,Wright,Clear,"Sideswipe, Opposite Direction",no,no,no,no,no,False
103487606,METROPOLITAN NASHVILLE POLICE DEPT,20220591492,Davidson,Nashville,11/22/2022 12:00:00 AM,1,0,0,36.231600,-86.781520,EWING DR,,,,0.00,,,BRICK CHURCH PKE,,,,0.00,Y,Four-Way,N,Intersection,None,,,         ,Miles,Posey,Clear,Not Collision with Motor Vehicle in Transport,no,no,no,no,no,False
103487612,METROPOLITAN NASHVILLE POLICE DEPT,20220591350,Davidson,Nashville,11/22/2022 5:14:00 PM,2,0,0,36.183410,-86.744580,EASTLAND AV,,,,93.00,Feet,East,N 14TH ST,,,,0.00,N,Not at Intersection, ,Non-Junction,None,,,         ,Chad,Connors,Clear,Front to Rear,no,no,no,no,no,False
103487628,METROPOLITAN NASHVILLE POLICE DEPT,20220591408,Davidson,Nashville,11/22/2022 6:21:00 PM,2,1,0,36.122680,-86.805940,I 440,,,,0.00,,,HILLSBORO PKE,,,,0.00,Y,OTHER,N,Non-Junction,None,,,         ,Steven,Powers,Clear,Front to Rear,no,no,no,no,no,False
103487634,METROPOLITAN NASHVILLE POLICE DEPT,20220591276,Davidson,Nashville,11/22/2022 12:00:00 AM,2,1,0,36.156450,-86.631310,STEWARTS FERRY PKE,,,,0.00,,,I40 W EXT RAMP,,,,0.00,Y,Four-Way,N,Intersection,None,,,         ,Keenan,McCann,Clear,Angle,no,no,no,no,no,False
103487655,GOODLETTSVILLE POLICE DEPT,22-35494,Davidson,Goodlettsville,11/22/2022 8:52:00 PM,1,0,0,36.301810,-86.705340,WREN RD,,,,700.00,Feet,West,WREN RD,,,,0.00,N,Not at Intersection,N,Non-Junction,None,,,         ,Katelyn,Gilliland,Clear,Not Collision with Motor Vehicle in Transport,no,no,no,no,no,False
103487659,METROPOLITAN NASHVILLE POLICE DEPT,20220591443,Davidson,Nashville,11/22/2022 5:22:00 PM,6,1,0,36.196440,-86.621680,LEBANON PKE,,,,0.00,,,,,,,0.00,,,N,Non-Junction,None,,,         ,Cheri,Cox,Clear,Angle,no,no,no,yes,no,False
103487660,METROPOLITAN NASHVILLE POLICE DEPT,20220591617,Davidson,Nashville,11/22/2022 5:51:00 PM,2,0,0,36.142860,-86.666640,DONELSON PKE,,,,208.00,Feet,North,I40 W ENT RAMP,,,,0.00,N,Not at Intersection,N,Non-Junction,None,,,         ,Evan,Grace,Clear,Angle,no,no,no,no,yes,False
103487662,METROPOLITAN NASHVILLE POLICE DEPT,20220591390,Davidson,Nashville,11/22/2022 6:28:00 PM,2,0,0,36.154630,-86.779160,LAFAYETTE ST,,,,0.00,Feet,,8TH AVS,,,,0.00,Y,Traffic Circle, ,Intersection,None,,,         ,Daniel,Rizzo,Clear,Angle,no,no,no,no,no,False
103487667,METROPOLITAN NASHVILLE POLICE DEPT,20220591551,Davidson,Nashville,11/22/2022 6:40:00 PM,2,1,0,36.157450,-86.759820,I 24,,,,0.00,,,,,,,49.80,N,Not at Intersection,Y,Non-Junction,None,,,         ,Michael,Enriquez,Clear,"Sideswipe, Same Direction",no,no,no,no,yes,False
103487676,METROPOLITAN NASHVILLE POLICE DEPT,20220591468,Davidson,Nashville,11/22/2022 4:54:00 PM,2,0,0,36.131710,-86.668730,TERMINAL DR,,,,1244.00,Feet,West,AIRPORT SERVICE RD,,,,0.00,N,Not at Intersection,N,Non-Junction,None,,,         ,Phillip,Burke,Clear,"Sideswipe, Same Direction",no,no,no,no,yes,False
103487677,METROPOLITAN NASHVILLE POLICE DEPT,20220591659,Davidson,Nashville,11/22/2022 8:50:00 PM,2,0,0,36.218200,-86.837120,CLARKSVILLE PKE,,,,111.00,Feet,South,KINGS LN,,,,0.00,N,Not at Intersection,N,Non-Junction,None,,,         ,Luke,Steigerwalt,Clear,Angle,no,no,no,no,yes,False
103487683,METROPOLITAN NASHVILLE POLICE DEPT,20220591737,Davidson,Nashville,11/22/2022 3:15:00 PM,2,0,0,36.168680,-86.600420,OLD HICKORY BLVD,,,,55.00,Feet,North,MILLS RD,,,,0.00,N,Not at Intersection, ,Non-Junction,None,,,         ,Torry,Hill,Clear,Angle,no,no,no,no,yes,False
103487698,METROPOLITAN NASHVILLE POLICE DEPT,20220591638,Davidson,Nashville,11/21/2022 12:00:00 AM,2,0,0,36.149120,-86.784690,12TH AVS,,,,270.00,Feet,North,HAWKINS ST,,,,0.00,N,Not at Intersection,N,Non-Junction,None,,,         ,Michael,Hodges,Clear,"Sideswipe, Same Direction",no,no,no,yes,yes,False
103487699,METROPOLITAN NASHVILLE POLICE DEPT,20220591641,Davidson,Nashville,11/22/2022 7:15:00 PM,1,1,0,36.045850,-86.690450,BENZING RD,,,,569.00,Feet,East,BROOK DR,,,,0.00,N,Not at Intersection,N,Non-Junction,None,,,         ,Dillon,Gann,Clear,Not Collision with Motor Vehicle in Transport,no,no,no,no,no,False
103487704,METROPOLITAN NASHVILLE POLICE DEPT,20220591697,Davidson,Nashville,11/22/2022 9:22:00 PM,2,0,0,36.162250,-86.860980,MORROW RD,,,,81.00,Feet,East,60TH AVN,,,,0.00,N,Not at Intersection,N,Non-Junction,None,,,         ,David,Moser,Clear,"Sideswipe, Same Direction",no,no,no,no,yes,False
103487727,METROPOLITAN NASHVILLE POLICE DEPT,20220591756,Davidson,Nashville,11/22/2022 10:25:00 PM,1,0,0,36.163120,-86.745150,DAVIDSON STREET BIKE CNCTR,,,,500.00,Feet,East,DAVIDSON ST,,,,0.00,N,Not at Intersection,N,Non-Junction,None,,,         ,Jarrett,Ipox,Clear,Not Collision with Motor Vehicle in Transport,no,no,no,no,yes,False
103487728,METROPOLITAN NASHVILLE POLICE DEPT,20220591808,Davidson,Nashville,11/22/2022 11:20:00 PM,1,0,0,36.189630,-86.775400,I 24,,,,0.00,,,,,,,47.10,N,Not at Intersection,N,Non-Junction,None,,,         ,Devyn,Hollinsworth,Clear,Not Collision with Motor Vehicle in Transport,no,no,no,no,no,False
103487729,METROPOLITAN NASHVILLE POLICE DEPT,20220591865,Davidson,Nashville,11/23/2022 12:00:00 AM,1,0,0,36.129720,-86.629270,BELL RD,,,,822.00,Feet,North,PRIEST WOODS DR,,,,0.00,N,Not at Intersection,N,Non-Junction,None,,,         ,Nelson,Hemingway,Clear,Not Collision with Motor Vehicle in Transport,no,no,no,no,no,False
103487735,METROPOLITAN NASHVILLE POLICE DEPT,20220591835,Davidson,Madison,11/22/2022 10:39:00 PM,2,0,0,36.247890,-86.720420,GALLATIN PKES,,,,45.00,Feet,South,DUE WEST AVW,,,,0.00,N,Not at Intersection,N,Non-Junction,None,,,         ,Samantha,Ramos,Clear,Front to Rear,no,no,no,yes,yes,False
103487736,METROPOLITAN NASHVILLE POLICE DEPT,20220591101,Davidson,Madison,11/22/2022 3:30:00 PM,4,4,0,36.283010,-86.707140,GALLATIN PKEN,,,,149.00,Feet,South,EDGEMEADE BLVD,,,,0.00,N,Not at Intersection,N,Non-Junction,None,,,         ,Bradly,Mackay,Clear,Front to Rear,no,no,no,no,no,False
103487737,METROPOLITAN NASHVILLE POLICE DEPT,20220591553,Davidson,Madison,11/22/2022 8:28:00 PM,2,1,0,36.257850,-86.738440,I 65,,,,0.00,,,,,,,91.80,N,Not at Intersection,N,Non-Junction,None,,,         ,Bradly,Mackay,Clear,Front to Rear,no,no,no,no,no,False
103487739,METROPOLITAN NASHVILLE POLICE DEPT,20220591525,Davidson,Nashville,11/22/2022 8:06:00 PM,1,0,0,36.140890,-86.817400,WEST END AV,,,,13.00,Feet,North,ACKLEN PARK DR,,,,0.00,N,Not at Intersection,N,Non-Junction,None,,,         ,David,Harms,Clear,Not Collision with Motor Vehicle in Transport,no,no,no,no,no,False
103487744,METROPOLITAN NASHVILLE POLICE DEPT,20220591024,Davidson,Nashville,11/22/2022 2:35:00 PM,2,1,0,36.143860,-86.738110,I 40,,,,0.00,,,,,,,212.40,N,Not at Intersection,N,Non-Junction,None,,,         ,Ralph,Gault,Clear,Front to Rear,no,no,no,no,no,False
103487747,METROPOLITAN NASHVILLE POLICE DEPT,20220591568,Davidson,Nashville,11/22/2022 8:48:00 PM,2,1,0,36.042430,-86.830670,OLD HICKORY BLVD,,,,311.00,Feet,East,BRIDLEWOOD LN,,,,0.00,N,Not at Intersection,N,Non-Junction,None,,,         ,Jacob,Robbins,Clear,"Sideswipe, Opposite Direction",no,no,no,no,no,False
103487763,METROPOLITAN NASHVILLE POLICE DEPT,20220591954,Davidson,Nashville,11/23/2022 1:17:00 AM,3,1,0,36.153250,-86.794010,17TH AVS,,,,0.00,,,BROADWAY,,,,0.00,Y,Four-Way,Y,Intersection,None,,,         ,Dallas,Johnson,Clear,Angle,no,no,no,no,no,False
103487768,METROPOLITAN NASHVILLE POLICE DEPT,20220591990,Davidson,Antioch,11/23/2022 12:00:00 AM,2,1,0,36.049140,-86.598500,PIN HOOK RD,,,,448.00,Feet,East,HOBSON PKE,,,,0.00,N,Not at Intersection,N,Non-Junction,None,,,         ,Jack,Burke,Clear,"Sideswipe, Same Direction",no,no,no,no,yes,False
103487770,METROPOLITAN NASHVILLE POLICE DEPT,20220591945,Davidson,Nashville,11/23/2022 1:05:00 AM,2,1,0,36.157060,-86.803840,CHARLOTTE AV,,,,0.00,,,SPRUCE ST,,,,0.00,Y,Four-Way,Y,Intersection,None,,,         ,Jarrett,Messick,Clear,Angle,no,no,no,no,no,False
103487880,METROPOLITAN NASHVILLE POLICE DEPT,20220591013,Davidson,Nashville,11/22/2022 2:31:00 PM,2,1,0,36.203660,-86.777150,BRICK CHURCH PKE,,,,0.00,,,ARTIC AV,,,,0.00,Y,T-Intersection,N,Non-Junction,None,,,         ,James,Wray,Clear,HeadOn,no,no,no,no,yes,False
103487937,METROPOLITAN NASHVILLE POLICE DEPT,20220592365,Davidson,Nashville,11/23/2022 8:07:00 AM,2,0,0,36.259320,-86.757780,DICKERSON PKE,,,,0.00,,,VILLAGE HILLS PVTDR,,,,0.00,Y,Four-Way,N,Intersection,None,,,         ,Christopher,Littles,Clear,Angle,no,no,no,no,no,False
103487981,VANDERBILT UNIVERSITY POLICE,20220590982,Davidson,Nashville,11/22/2022 1:50:00 PM,2,0,0,36.106540,-86.764560,POWELL AV,,,,0.00,,,POWELL PL,,,,0.00,Y,Four-Way,N,Intersection,None,,,         ,Anthony,Jones,Clear,Front to Rear,no,no,no,no,no,False
103487997,METROPOLITAN NASHVILLE POLICE DEPT,20220592469,Davidson,Nashville,11/23/2022 9:32:00 AM,2,0,0,36.250420,-86.741020,I 65,,,,0.00,,,,,,,91.20,N,Not at Intersection, ,,None,,,         ,Christopher,Littles,,,no,no,no,no,no,False
103488003,METROPOLITAN NASHVILLE POLICE DEPT,20220592453,Davidson,Nashville,11/23/2022 9:20:00 AM,2,1,0,36.060530,-86.695470,KEELEY DR,,,,0.00,,,COLEMONT DR,,,,0.00,Y,Four-Way,N,Intersection,None,,,         ,Joe,Hooper,Clear,Angle,no,no,no,no,no,False
103488034,METROPOLITAN NASHVILLE POLICE DEPT,20220592462,Davidson,Nashville,11/23/2022 9:12:00 AM,2,0,0,36.086440,-86.691430,ANTIOCH PIKE,,,,390.00,Feet,North,PERIMETER HILL DR,,,,0.00,N,Not at Intersection,N,"Driveway, Alley Access, etc",None,,,         ,Neil,Wolfe,Clear,Angle,no,no,no,no,no,False
103488040,METROPOLITAN NASHVILLE POLICE DEPT,20220592458,Davidson,Antioch,11/23/2022 9:08:00 AM,2,0,0,36.016850,-86.619880,FIRESTONE PKWY,,,,0.00,,,OLD HICKORY BLVD,,,,0.00,Y,T-Intersection,N,Intersection-Related,None,,,         ,Casey,Lopez,Clear,"Sideswipe, Same Direction",no,no,no,yes,yes,False
103488042,METROPOLITAN NASHVILLE POLICE DEPT,20220592492,Davidson,Nashville,11/23/2022 9:53:00 AM,2,0,0,36.060340,-86.679950,I 24,,,,0.00,,,,,,,57.80,N,Not at Intersection, ,Non-Junction,None,,,         ,Stanley,Collins,Clear,Front to Rear,no,no,no,no,no,False
103488062,METROPOLITAN NASHVILLE POLICE DEPT,2022-0592511,Davidson,Nashville,11/23/2022 10:10:00 AM,3,2,0,36.232590,-86.624810,OLD HICKORY BLVD,,,,113.00,Feet,North,SHUTE LN,,,,0.00,N,Not at Intersection,N,Non-Junction,None,,,         ,Calvin,Graham,Clear,Angle,no,no,no,no,no,False
103488072,METROPOLITAN NASHVILLE POLICE DEPT,20220592543,Davidson,Nashville,11/23/2022 10:39:00 AM,2,0,0,36.155550,-86.804380,MURPHY AV,,,,162.00,Feet,East,21ST AVN,,,,0.00,N,Not at Intersection, ,Non-Junction,None,,,         ,Travis,Garcia,Clear,"Sideswipe, Same Direction",no,no,no,no,no,False
103488083,METROPOLITAN NASHVILLE POLICE DEPT,20220592309,Davidson,Nashville,11/23/2022 7:20:00 AM,2,0,0,36.157930,-86.791610,14TH AVN,,,,0.00,,,CHURCH ST,,,,0.00,Y,Four-Way, ,Intersection-Related,None,,,         ,Kim,Peralta,Clear,"Sideswipe, Same Direction",no,no,no,no,no,False
103488087,METROPOLITAN NASHVILLE POLICE DEPT,20220592224,Davidson,Nashville,11/23/2022 6:15:00 AM,3,0,0,36.118230,-86.700230,MURFREESBORO PKE,,,,0.00,,,BRILEY PKWY N ENT RAMP,,,,0.00,Y,Four-Way, ,Entrance/Exit Ramp Related,None,,,         ,Todd,Watson,Clear,Front to Rear,no,no,no,no,no,False
103488098,METROPOLITAN NASHVILLE POLICE DEPT,20220592532,Davidson,Nashville,11/23/2022 10:37:00 AM,1,0,0,36.147710,-86.746150,RUNDLE AV,,,,0.00,,,,,,,0.00,,,N,Non-Junction,None,,,         ,Michael,Brooks,Clear,Not Collision with Motor Vehicle in Transport,no,no,no,yes,no,False
103488130,METROPOLITAN NASHVILLE POLICE DEPT,20220592644,Davidson,Nashville,11/23/2022 12:13:00 PM,2,2,0,36.266320,-86.705260,DUPONT AV,,,,0.00,,,BIXLER AV,,,,0.00,Y,Four-Way,N,Intersection,None,,,         ,Christopher,Littles,Clear,Angle,no,no,no,no,no,False
103488152,METROPOLITAN NASHVILLE POLICE DEPT,20220592670,Davidson,Goodlettsville,11/23/2022 12:33:00 PM,2,1,0,36.292920,-86.695490,MYATT DR,,,,438.00,Feet,South,SPRING BRANCH DR,,,,0.00,N,Not at Intersection,N,Non-Junction,None,,,         ,Kyle,Eicholtz,Clear,"Sideswipe, Same Direction",no,no,no,no,no,False
103488161,METROPOLITAN NASHVILLE POLICE DEPT,20220592567,Davidson,Nashville,11/23/2022 10:55:00 AM,4,1,0,36.134200,-86.727100,I 24,,,,0.00,,,,,,,52.00,N,Not at Intersection,N,Non-Junction,None,,,         ,Todd,Watson,Clear,Front to Rear,no,no,no,no,no,False
103488176,METROPOLITAN NASHVILLE POLICE DEPT,20220592648,Davidson,Nashville,11/23/2022 12:10:00 PM,2,1,0,36.056310,-86.827490,BEDDINGTON PK,,,,532.00,Feet,West,OAKLEIGH HL,,,,0.00,N,Not at Intersection,N,Non-Junction,None,,,         ,Richard,Gilbert,Clear,"Sideswipe, Opposite Direction",no,no,no,no,no,False
103488203,METROPOLITAN NASHVILLE POLICE DEPT,20220592657,Davidson,Nashville,11/23/2022 12:18:00 PM,2,0,0,36.086770,-86.694980,HARDING PL,,,,288.00,Feet,East,METROPLEX DR,,,,0.00,N,Not at Intersection, ,,None,,,         ,Zachary,Wilbanks,,,no,no,no,no,no,False
103488209,METROPOLITAN NASHVILLE POLICE DEPT,20220592575,Davidson,Nashville,11/23/2022 10:53:00 AM,2,0,0,36.163900,-86.786590,CHARLOTTE AVE,,,,0.00,,,MCLEMORE ST,,,,0.00,Y,Four-Way,N,Intersection,None,,,         ,Russell,Freeman,Clear,Angle,no,no,no,no,no,False
103488216,METROPOLITAN NASHVILLE POLICE DEPT,20220592506,Davidson,Nashville,11/23/2022 10:10:00 AM,1,0,0,36.157480,-86.635890,STEWARTS FERRY PKE,,,,0.00,Feet,,MCCRORY CREEK RD,,,,0.00,Y,Four-Way,N,Intersection,None,,,         ,Ian,Hammond,Clear,Not Collision with Motor Vehicle in Transport,no,no,no,no,no,False
103488262,BERRY HILL POLICE DEPT,2022-3420,Davidson,Berry Hill,11/23/2022 12:20:00 PM,2,0,0,36.119090,-86.774680,FRANKLIN PKE,,,,75.00,Feet,North,BERRY RD,,,,0.00,N,Not at Intersection, ,"Driveway, Alley Access, etc",None,,,         ,Monty,Sands,Clear,Front to Rear,no,no,no,no,no,False
103488264,METROPOLITAN NASHVILLE POLICE DEPT,20220592545,Davidson,Nashville,11/23/2022 10:34:00 AM,2,0,0,36.171570,-86.870620,BRILEY PKWY S EXT RAMP,,,,0.00,Feet,East,CENTENNIAL BLVD,,,,0.00,N,Not at Intersection,N,Entrance/Exit Ramp Related,None,,,         ,Joshua,Warren,Clear,Front to Rear,no,no,no,no,no,False
103488282,METROPOLITAN NASHVILLE POLICE DEPT,20220592676,Davidson,Nashville,11/23/2022 12:30:00 PM,2,0,0,36.161980,-86.784570,ROSA L PARKS BLVD,,,,224.00,Feet,West,ROSA L PARKS AV,,,,0.00,N,Not at Intersection, ,,None,,,         ,Russell,Freeman,,,no,no,no,no,no,False
103488368,METROPOLITAN NASHVILLE POLICE DEPT,20220592793,Davidson,Nashville,11/23/2022 2:00:00 PM,2,0,0,36.156600,-86.846210,49TH AVN,,,,0.00,,,INDIANA AV,,,,0.00,Y,Four-Way,N,Intersection-Related,None,,,         ,Hillary,Sherman,Clear,Angle,no,no,no,no,no,False
103488380,METROPOLITAN NASHVILLE POLICE DEPT,20220592726,Davidson,Nashville,11/23/2022 12:59:00 PM,2,3,0,36.052210,-86.644910,BELL RD,,,,0.00,,,EAGLE VIEW BLVD,,,,0.00,Y,T-Intersection,N,Intersection,None,,,         ,Joe,Hooper,Clear,Angle,no,no,no,no,no,False
103488392,METROPOLITAN NASHVILLE POLICE DEPT,20220584861,Davidson,Not in City Limit,11/18/2022 8:30:00 PM,2,1,0,36.264090,-86.723930,OLD HICKORY BLVDW,,,,74.00,Feet,East,HERITAGE DR,,,,0.00,N,Not at Intersection,N,Non-Junction,None,,,         ,Nicholas,Terwilliger,Clear,Front to Rear,no,no,no,no,yes,False
103488440,METROPOLITAN NASHVILLE POLICE DEPT,20220592790,Davidson,Nashville,11/23/2022 2:00:00 PM,2,1,0,36.234440,-86.703540,MUSIC VALLEY DR,,,,1141.00,Feet,West,BRILEY PKWYE,,,,0.00,N,Not at Intersection,N,Non-Junction,None,,,         ,Kevin,Smithson,Clear,Not Collision with Motor Vehicle in Transport,no,no,no,no,no,False
103488441,METROPOLITAN NASHVILLE POLICE DEPT,20220592669,Davidson,Nashville,11/23/2022 11:46:00 AM,2,0,0,36.206390,-86.690030,BRILEY PKWYN,,,,611.00,Feet,North,BRILEY PKWYS,,,,0.00,N,Not at Intersection, ,Non-Junction,None,,,         ,Kevin,Smithson,Clear,Front to Rear,no,no,no,no,no,False
103488546,METROPOLITAN NASHVILLE POLICE DEPT,20220592896,Davidson,Nashville,11/23/2022 3:28:00 PM,2,0,0,36.037340,-86.787140,OLD HICKORY BLVD,,,,170.00,Feet,West,FRANKLIN PKE,,,,0.00,N,Not at Intersection,N,Non-Junction,None,,,         ,Tyler,Shanks,Clear,Angle,no,no,no,no,no,False
103488547,METROPOLITAN NASHVILLE POLICE DEPT,20220592953,Davidson,Nashville,11/23/2022 3:09:00 PM,2,0,0,36.040280,-86.768370,OLD HICKORY BLVD,,,,0.00,,,CLOVERLAND DR,,,,0.00,Y,Four-Way, ,Intersection,None,,,         ,Steven,Powers,Clear,Angle,no,no,no,no,no,False
103488555,METROPOLITAN NASHVILLE POLICE DEPT,2022-0592742,Davidson,Nashville,11/23/2022 12:04:00 PM,2,0,0,36.064450,-86.717200,NOLENSVILLE PKE,,,,563.00,Feet,East,FAIRLANE DR,,,,0.00,N,Not at Intersection, ,Non-Junction,None,,,         ,Sean,Williams,Clear,Front to Rear,no,no,no,no,no,False
103488556,METROPOLITAN NASHVILLE POLICE DEPT,20220592925,Davidson,Nashville,11/23/2022 12:00:00 AM,2,0,0,36.082210,-86.711900,HARDING PL,,,,448.00,Feet,West,RICHBRIAR CIR,,,,0.00,N,Not at Intersection,N,Non-Junction,None,,,         ,Taylor,Blackwelder,Clear,"Sideswipe, Same Direction",no,no,no,no,no,False
103488576,METROPOLITAN NASHVILLE POLICE DEPT,20220592955,Davidson,Not in City Limit,11/23/2022 4:00:00 PM,2,1,0,36.308530,-86.681820,GALLATIN PKEN,,,,89.00,Feet,West,RIVERCHASE BLVD,,,,0.00,N,Not at Intersection,N,Non-Junction,None,,,         ,Kyle,Eicholtz,Clear,Front to Rear,no,no,no,no,no,False
103488584,METROPOLITAN NASHVILLE POLICE DEPT,20220592783,Davidson,Nashville,11/23/2022 12:45:00 PM,2,0,0,36.174660,-86.602030,BURNING TREE DR,,,,152.00,Feet,East,OLD HICKORY BLVD,,,,0.00,N,Not at Intersection,N,OtherLocation,None,,,         ,Katelyn,Argeroplos,Clear,Front to Rear,no,no,no,no,yes,False
103488633,METROPOLITAN NASHVILLE POLICE DEPT,20220593023,Davidson,Nashville,11/23/2022 4:50:00 PM,2,1,0,36.210550,-86.775970,I 65,,,,0.00,,,,,,,87.60,N,Not at Intersection,N,Non-Junction,None,,,         ,Rachel,Susee,Cloudy,Front to Rear,no,no,no,no,no,False
103488644,METROPOLITAN NASHVILLE POLICE DEPT,20220592882,Davidson,Nashville,11/23/2022 3:15:00 PM,2,2,0,36.142930,-86.685000,MCGAVOCK PKE,,,,179.00,Feet,North,KNIGHTS OF COLUMBUS BLVD,,,,0.00,N,Not at Intersection,N,Non-Junction,None,,,         ,Joshua,Zambrano-Vera,Clear,Front to Rear,no,no,no,no,no,False
103488654,THP District 3 - Nashville,322098024,Davidson,Nashville,11/23/2022 7:47:00 AM,2,0,0,36.048530,-86.664260,I 24,,,,0.00,,,,,,,59.00,N,Not at Intersection, ,Non-Junction,None,,,         ,Robert,Bennett,Clear,"Sideswipe, Same Direction",no,no,no,no,no,False
103488680,METROPOLITAN NASHVILLE POLICE DEPT,20220593098,Davidson,Nashville,11/23/2022 4:00:00 PM,2,0,0,36.106220,-86.817000,ABBOTT MARTIN RD,,,,0.00,,,,,,,0.00,,Not at Intersection,N,Non-Junction,None,,,         ,Heather,Fox,Clear,Unknown,no,no,no,yes,yes,False
103488685,METROPOLITAN NASHVILLE POLICE DEPT,20220593044,Davidson,Nashville,11/23/2022 4:22:00 PM,2,1,0,36.101930,-86.763740,I65 N ENT RAMP,,,,0.00,,,I 65,,,,0.00,Y,Y-Intersection,N,Entrance/Exit Ramp Related,None,,,         ,Steven,Powers,Clear,Not Collision with Motor Vehicle in Transport,no,no,no,no,no,False
103488701,METROPOLITAN NASHVILLE POLICE DEPT,20220593026,Davidson,Antioch,11/23/2022 1:06:00 PM,2,0,0,36.028830,-86.590130,LAVERGNE COUCHVILLE PKE,,,,202.00,Feet,North,MURFREESBORO PKE,,,,0.00,N,Not at Intersection,N,Non-Junction,None,,,         ,Andre,Williams,Clear,Angle,no,no,no,no,no,False
103488704,METROPOLITAN NASHVILLE POLICE DEPT,20220593118,Davidson,Nashville,11/23/2022 5:03:00 PM,2,0,0,36.143110,-86.705020,I 40,,,,0.00,,,,,,,214.50,N,Not at Intersection,N,Non-Junction,None,,,         ,Joshua,Zambrano-Vera,Clear,Front to Rear,no,no,no,no,no,False
103488719,METROPOLITAN NASHVILLE POLICE DEPT,20220593078,Davidson,Nashville,11/23/2022 5:34:00 PM,2,0,0,36.055010,-86.642410,ZELIDA AV,,,,0.00,,,BELL RD,,,,0.00,Y,Four-Way, ,Intersection,None,,,         ,Steven,Bowler,Unknown,Angle,no,no,no,no,no,False
103488729,METROPOLITAN NASHVILLE POLICE DEPT,20220593014,Davidson,Goodlettsville,11/23/2022 4:41:00 PM,2,0,0,36.299980,-86.711850,I 65,,,,0.00,,,,,,,95.10,N,Not at Intersection, ,Non-Junction,None,,,         ,Wesley,Carver,Clear,Front to Rear,no,no,no,no,no,False
103488731,METROPOLITAN NASHVILLE POLICE DEPT,20220593058,Davidson,Nashville,11/23/2022 12:00:00 AM,3,0,0,36.178140,-86.763910,SPRING ST ENT RAMP,,,,0.00,Feet,East,ELLINGTON PKWYS,,,,0.00,N,Not at Intersection,N,Entrance/Exit Ramp Related,None,,,         ,Justen,Ogle,Clear,Front to Rear,no,no,no,no,yes,False
103488734,METROPOLITAN NASHVILLE POLICE DEPT,20220593147,Davidson,Nashville,11/23/2022 5:40:00 PM,2,0,0,36.083080,-86.766530,HARDING PL,,,,36.00,Feet,East,I65 S ENT RAMP,,,,0.00,N,Not at Intersection, ,Entrance/Exit Ramp Related,None,,,         ,Steven,Powers,Clear,Angle,no,no,no,no,no,False
103488736,METROPOLITAN NASHVILLE POLICE DEPT,20220592926,Davidson,Nashville,11/23/2022 3:42:00 PM,5,1,0,36.034130,-86.681980,OAK CHASE DR,,,,277.00,Feet,West,SONOMA TRC,,,,0.00,N,Not at Intersection,N,Non-Junction,None,,,         ,Brian,Sherman,Clear,Not Collision with Motor Vehicle in Transport,no,no,no,no,no,False
103488741,METROPOLITAN NASHVILLE POLICE DEPT,20220592983,Davidson,Nashville,11/23/2022 3:39:00 PM,2,1,0,36.131880,-86.895530,CHARLOTTE PKE,,,,0.00,,,I40 E ENT RAMP,,,,0.00,Y,Four-Way,N,Intersection,None,,,         ,Brandon,Pedigo,Clear,Angle,no,no,no,no,no,False
103488742,METROPOLITAN NASHVILLE POLICE DEPT,20220593090,Davidson,Not in City Limit,11/23/2022 5:44:00 PM,2,0,0,36.269130,-86.763330,BELL GRIMES LN,,,,0.00,Feet,West,HICKORY TER,,,,0.00,N,Not at Intersection,Y,Non-Junction,None,,,         ,Kyle,Eicholtz,Clear,Angle,no,no,no,no,no,False
103488746,METROPOLITAN NASHVILLE POLICE DEPT,20220593222,Davidson,Nashville,11/23/2022 6:47:00 PM,2,0,0,36.150720,-86.666560,DONELSON PKE,,,,3.00,Feet,North,ALLEN RD,,,,0.00,N,Not at Intersection, ,Non-Junction,Maintenance Zone,,,         ,Brandon,Chapman,Clear,Angle,no,no,no,no,no,False