master_record_number,agency,agency_tracking_number,county,city,collision_date,vehicles_involved,number_injured,number_dead,latitude,longitude,roadway_name,roadway_suffix,roadway_number,roadway_local_id,distance_from_reference,miles-feet_indicator,direction_from_reference,intersection_road_name,intersection_road_name_suffix,intersection_road_number,intersection_local_id,mile_marker,intersection_indicator,intersect_type,interchange_related_indicator,relation_to_junction,work_zone_type,construction_maintenance_zone,construction_maintenance_zone_location,fatal_case_number,officer_first_name,officer_last_name,weather_condition(s),manner_of_crash,pedestrian,bicycle,scooter,parking,hitrun,mou
103490178,METROPOLITAN NASHVILLE POLICE DEPT,20220595177,Davidson,Nashville,11/25/2022 7:07:00 AM,2,0,0,36.077760,-86.628900,CLEARWATER DR,,,,290.00,Feet,North,CLEARWATER CT,,,,0.00,N,Not at Intersection,N,Non-Junction,None,,,         ,Michael,Brooks,Unknown,Unknown,no,no,no,no,yes,False
103490188,METROPOLITAN NASHVILLE POLICE DEPT,20220595243,Davidson,Nashville,11/25/2022 8:07:00 AM,1,1,0,36.170090,-86.606430,I40 E EXT RAMP,,,,0.00,,,I 40,,,,0.00,Y,Y-Intersection,N,Non-Junction,None,,,         ,Dillon,Hanna,Rain,Not Collision with Motor Vehicle in Transport,no,no,no,no,no,False
103490195,METROPOLITAN NASHVILLE POLICE DEPT,20220595186,Davidson,Nashville,11/25/2022 7:18:00 AM,2,1,0,36.096770,-86.654560,OLD MURFREESBORO PKE,,,,0.00,,,SMITH SPRINGS RD,,,,0.00,Y,Four-Way,N,Intersection,None,,,         ,Michael,Brooks,Clear,Angle,no,no,no,no,no,False
103490242,METROPOLITAN NASHVILLE POLICE DEPT,20220595228,Davidson,Nashville,11/25/2022 7:34:00 AM,2,1,0,36.169680,-86.606510,I40 E EXT RAMP,,,,0.00,,,I 40,,,,0.00,Y,OTHER,Y,Entrance/Exit Ramp Related,None,,,         ,Michael,Brooks,Clear,Not Collision with Motor Vehicle in Transport,no,no,no,no,no,False
103490263,METROPOLITAN NASHVILLE POLICE DEPT,20220595351,Davidson,Nashville,11/25/2022 9:33:00 AM,1,0,0,36.154360,-86.678940,LAKELAND DR,,,,795.00,Feet,West,EMERY DR,,,,0.00,N,Not at Intersection,N,Non-Junction,None,,,         ,Larry,Benz,Clear,Not Collision with Motor Vehicle in Transport,no,no,no,no,no,False
103490303,METROPOLITAN NASHVILLE POLICE DEPT,20220595406,Davidson,Not in City Limit,11/25/2022 10:18:00 AM,2,0,0,36.076890,-86.945220,HIGHWAY 70S,,,,0.00,Feet,,SAWYER BROWN RD,,,,0.00,Y,Four-Way,N,Intersection-Related,None,,,         ,Jonathan,Phipps,Clear,Front to Rear,no,no,no,no,yes,False
103490305,METROPOLITAN NASHVILLE POLICE DEPT,20220595360,Davidson,Nashville,11/25/2022 9:29:00 AM,2,0,0,36.141920,-86.638430,ELM HILL PKE,,,,360.00,Feet,West,TRAILS END LN,,,,0.00,N,Not at Intersection, ,Non-Junction,None,,,         ,Michael,Brooks,Cloudy,"Sideswipe, Same Direction",no,no,no,no,no,False
103490392,METROPOLITAN NASHVILLE POLICE DEPT,20220595485,Davidson,Madison,11/25/2022 11:28:00 AM,3,2,0,36.260450,-86.757660,DICKERSON PKE,,,,257.00,Feet,South,TUCKAHOE DR,,,,0.00,N,Not at Intersection,N,Non-Junction,None,,,         ,Christopher,Littles,Cloudy,HeadOn,no,no,no,yes,no,False
103490481,METROPOLITAN NASHVILLE POLICE DEPT,20220595359,Davidson,Nashville,11/25/2022 9:25:00 AM,3,2,0,36.146110,-86.781810,SOUTHSIDE PL,,,,228.00,Feet,East,SOUTHSIDE AV,,,,0.00,N,Not at Intersection,N,Non-Junction,None,,,         ,Michael,Moss,Clear,Front to Rear,no,no,no,no,no,False
103490572,METROPOLITAN NASHVILLE POLICE DEPT,20220595458,Davidson,Nashville,11/25/2022 11:06:00 AM,2,0,0,36.212290,-86.691580,BRILEY PKWYS,,,,617.00,Feet,South,BRILEY PKWYN,,,,0.00,N,Not at Intersection,N,Non-Junction,None,,,         ,Michael,Brooks,Cloudy,Front to Rear,no,no,no,no,no,False
103490682,METROPOLITAN NASHVILLE POLICE DEPT,20220595601,Davidson,Goodlettsville,11/25/2022 12:55:00 PM,1,1,0,36.304100,-86.694510,RIVERGATE MALL PVTDR,,,,470.00,Feet,West,CONFERENCE DR,,,,0.00,N,Not at Intersection,N,Non-Junction,None,,,         ,Christopher,Littles,Cloudy,Not Collision with Motor Vehicle in Transport,yes,no,no,yes,no,False
103490718,METROPOLITAN NASHVILLE POLICE DEPT,20220595552,Davidson,Nashville,11/25/2022 11:26:00 AM,1,1,0,36.103830,-86.815590,HILLSBORO PKE,,,,228.00,Feet,North,WARFIELD DR,,,,0.00,N,Not at Intersection,N,"Driveway, Alley Access, etc",None,,,         ,Kyle,Kinsman,Clear,Not Collision with Motor Vehicle in Transport,yes,no,no,no,yes,False
103490719,METROPOLITAN NASHVILLE POLICE DEPT,20220595606,Davidson,Nashville,11/25/2022 1:09:00 PM,2,1,0,36.096770,-86.654560,OLD MURFREESBORO PKE,,,,0.00,,,SMITH SPRINGS RD,,,,0.00,Y,Four-Way,N,Intersection,None,,,         ,Michael,Brooks,Cloudy,Angle,no,no,no,no,no,False
103490826,METROPOLITAN NASHVILLE POLICE DEPT,20220594929,Davidson,Nashville,11/25/2022 12:02:00 AM,2,3,0,36.066160,-86.686300,I 24,,,,0.00,,,,,,,57.30,N,Not at Intersection,N,Non-Junction,None,,,         ,Adam,Kauffman,Rain,"Sideswipe, Same Direction",no,no,no,no,yes,False
103490926,METROPOLITAN NASHVILLE POLICE DEPT,20220595667,Davidson,Nashville,11/25/2022 1:22:00 PM,2,2,0,36.110790,-86.742940,THOMPSON LN,,,,6.00,Feet,East,FOSTER AV,,,,0.00,N,Not at Intersection,N,Non-Junction,None,,,         ,Luis,Pena,Cloudy,Angle,no,no,no,no,yes,False
103490947,METROPOLITAN NASHVILLE POLICE DEPT,20220595765,Davidson,Nashville,11/25/2022 3:29:00 PM,2,1,0,36.142660,-86.777070,I 65,,,,0.00,,,,,,,82.00,N,Not at Intersection,N,Non-Junction,None,,,         ,Garrett,Latham,Cloudy,"Sideswipe, Same Direction",no,no,no,no,no,False
103490955,METROPOLITAN NASHVILLE POLICE DEPT,20220595804,Davidson,Nashville,11/25/2022 12:00:00 AM,2,0,0,36.208340,-86.860610,ASHLAND CITY HWY,,,,0.00,,,STEWARTS LN,,,,0.00,Y,T-Intersection,N,Intersection,None,,,         ,Robert,Laboy,Clear,"Sideswipe, Opposite Direction",no,no,no,no,yes,False
103490964,METROPOLITAN NASHVILLE POLICE DEPT,20220595739,Davidson,Nashville,11/25/2022 3:18:00 PM,2,2,0,36.233170,-86.814710,WHITES CREEK PKE,,,,0.00,Feet,East,BRILEY PKWY E ENT RAMP,,,,0.00,N,Not at Intersection,N,Non-Junction,None,,,         ,Craig,Paschetti,Clear,Front to Rear,no,no,no,no,no,False
103490995,METROPOLITAN NASHVILLE POLICE DEPT,20220595810,Davidson,Not in City Limit,11/25/2022 3:30:00 PM,1,0,0,36.325020,-86.875810,I 24,,,,0.00,,,,,,,34.50,N,Not at Intersection,N,Non-Junction,None,,,         ,Tyler,Edwards,Clear,Not Collision with Motor Vehicle in Transport,no,no,no,no,no,False
103490996,METROPOLITAN NASHVILLE POLICE DEPT,20220595818,Davidson,Nashville,11/25/2022 3:40:00 PM,2,0,0,36.147770,-86.778620,I65 S ENT RAMP,,,,0.00,,,I 40,,,,0.00,Y,OTHER,N,Non-Junction,None,,,         ,Brady,Reynolds,Clear,Front to Rear,no,no,no,no,no,False
103491004,METROPOLITAN NASHVILLE POLICE DEPT,20220595898,Davidson,Madison,11/25/2022 5:45:00 PM,2,0,0,36.266000,-86.741400,OLD HICKORY BLVDW,,,,3.00,Feet,West,NESBITT LN,,,,0.00,N,Not at Intersection, ,,None,,,         ,Alexander,Hartle,,,no,no,no,no,no,False
103491057,METROPOLITAN NASHVILLE POLICE DEPT,20220595855,Davidson,Nashville,11/25/2022 4:17:00 PM,2,1,0,36.138160,-86.778550,8TH AVS,,,,61.00,Feet,South,LYNWOOD AV,,,,0.00,N,Not at Intersection,N,Non-Junction,None,,,         ,Brady,Reynolds,Clear,Angle,no,no,no,no,no,False
103491105,METROPOLITAN NASHVILLE POLICE DEPT,20220595955,Davidson,Nashville,11/25/2022 5:30:00 PM,2,0,0,36.212600,-86.691410,BRILEY PKWYN,,,,0.00,,,BRILEY PKWY N EXT RAMP,,,,0.00,Y,OTHER, ,Entrance/Exit Ramp Related,None,,,         ,Douglas,Mann,Clear,Front to Rear,no,no,no,no,no,False
103491113,METROPOLITAN NASHVILLE POLICE DEPT,20220595958,Davidson,Not in City Limit,11/25/2022 5:49:00 PM,2,1,0,36.307280,-86.684870,GALLATIN PKEN,,,,11.00,Feet,West,NORTHSIDE MARKETPLACE PVTDR,,,,0.00,N,Not at Intersection,N,Non-Junction,None,,,         ,Brandon,Lopez,Clear,Front to Rear,no,no,no,no,no,False
103491118,METROPOLITAN NASHVILLE POLICE DEPT,20220596034,Davidson,Not in City Limit,11/25/2022 7:10:00 PM,2,1,0,36.263100,-86.690490,MYATT DR,,,,3.00,Feet,North,E OLD HICKORY BLVD,,,,0.00,N,Not at Intersection,N,Non-Junction,None,,,         ,Dylan,Bradley,Clear,Front to Rear,no,no,no,no,yes,False
103491119,METROPOLITAN NASHVILLE POLICE DEPT,20220596078,Davidson,Nashville,11/25/2022 12:00:00 AM,2,0,0,36.149300,-86.773500,I 40,,,,0.00,,,,,,,210.15,N,Not at Intersection,N,Non-Junction,None,,,         ,Trevor,Taylor,Clear,Front to Rear,no,no,no,no,yes,False
103491163,METROPOLITAN NASHVILLE POLICE DEPT,20220596122,Davidson,Nashville,11/25/2022 7:35:00 PM,2,0,0,36.088010,-86.692670,ANTIOCH PKE,,,,249.00,Feet,North,HARDING PL,,,,0.00,N,Not at Intersection,N,Non-Junction,None,,,         ,Laura,Williams,Clear,Angle,no,no,no,no,no,False
103491166,METROPOLITAN NASHVILLE POLICE DEPT,20220596086,Davidson,Nashville,11/25/2022 6:35:00 PM,2,0,0,36.205890,-86.768610,E TRINITY LN,,,,0.00,,,DICKERSON PKE,,,,0.00,Y,Four-Way, ,,None,,,         ,Jacob,Krispin,,,no,no,no,no,no,False
103491167,METROPOLITAN NASHVILLE POLICE DEPT,20220596143,Davidson,Nashville,11/25/2022 8:37:00 PM,2,1,0,36.167170,-86.779580,JAMES ROBERTSON PKWY,,,,11.00,Feet,East,3RD AVN,,,,0.00,N,Not at Intersection,N,Non-Junction,None,,,         ,Brent,Morris,Clear,"Sideswipe, Same Direction",no,no,no,no,yes,False
103491238,METROPOLITAN NASHVILLE POLICE DEPT,20220596091,Davidson,Nashville,11/25/2022 3:50:00 PM,2,0,0,36.118330,-86.702960,WINTHORNE DR,,,,0.00,,,,,,,0.00,,,N,Non-Junction,None,,,         ,Amgad,Bekhit,Cloudy,Front to Rear,no,no,no,yes,yes,False
103491254,METROPOLITAN NASHVILLE POLICE DEPT,20220595753,Davidson,Nashville,11/25/2022 1:38:00 PM,2,0,0,36.045270,-86.714270,OLD HICKORY BLVD,,,,157.00,Feet,East,BRENTWOOD EAST DR,,,,0.00,N,Not at Intersection,N,Non-Junction,None,,,         ,Jacob,Robbins,Clear,"Sideswipe, Same Direction",no,no,no,no,no,False
103491290,METROPOLITAN NASHVILLE POLICE DEPT,2022-0590632,Davidson,Nashville,11/22/2022 12:00:00 AM,3,0,0,36.147430,-86.743940,I 40,,,,0.00,,,,,,,212.00,N,Not at Intersection,N,Non-Junction,None,,,         ,Frank,Walker,Clear,"Sideswipe, Same Direction",no,no,no,no,no,False
103491319,METROPOLITAN NASHVILLE POLICE DEPT,20220596148,Davidson,Nashville,11/25/2022 5:26:00 PM,2,0,0,36.238270,-86.780920,BRICK CHURCH PKE,,,,3.00,Feet,North,BRILEY PKWYE,,,,0.00,N,Not at Intersection, ,Non-Junction,None,,,         ,Brandon,Lopez,Cloudy,Angle,no,no,no,no,no,False
103491389,METROPOLITAN NASHVILLE POLICE DEPT,20220595951,Davidson,Nashville,11/25/2022 5:35:00 PM,4,0,0,36.191780,-86.782680,I 65,,,,0.00,,,,,,,86.15,N,Not at Intersection,N,Non-Junction,None,,,         ,Daniel,Tomlinson,Clear,Front to Rear,no,no,no,no,no,False
103491529,METROPOLITAN NASHVILLE POLICE DEPT,20220596483,Davidson,Nashville,11/25/2022 6:30:00 AM,2,0,0,36.080470,-86.688370,SPANN CT,,,,523.00,Feet,West,ANTIOCH PKE,,,,0.00,N,Not at Intersection,N,Non-Junction,None,,,         ,John,Braxton,Unknown,Rear to Side,no,no,no,no,yes,False
103491537,METROPOLITAN NASHVILLE POLICE DEPT,20220596447,Davidson,Nashville,11/25/2022 7:00:00 AM,2,0,0,36.068610,-86.692910,CUMBERLAND LANES PVTDR,,,,0.00,,,,,,,0.00,,,N,OtherLocation,None,,,         ,Holly,Davis,Unknown,Angle,no,no,no,yes,yes,False
103491560,METROPOLITAN NASHVILLE POLICE DEPT,20220596365,Davidson,Nashville,11/25/2022 11:06:00 PM,2,2,0,36.045370,-86.713260,OLD HICKORY BLVD,,,,0.00,Feet,North,NOLENSVILLE PKE,,,,0.00,N,Not at Intersection,N,Non-Junction,None,,,         ,Amanda,Hanna,Clear,Angle,no,no,no,no,no,False
103491579,METROPOLITAN NASHVILLE POLICE DEPT,20220596453,Davidson,Nashville,11/25/2022 11:47:00 PM,1,0,0,36.062320,-86.904630,HIGHWAY 100,,,,0.00,Feet,East,OLD HICKORY BLVD,,,,0.00,N,Not at Intersection,N,Non-Junction,None,,,         ,Christopher,Alceus,Clear,Not Collision with Motor Vehicle in Transport,no,no,no,no,no,False
103491615,METROPOLITAN NASHVILLE POLICE DEPT,20220596508,Davidson,Nashville,11/25/2022 10:00:00 PM,2,0,0,36.155030,-86.797520,18TH AVN,,,,4.00,Feet,South,CHURCH ST,,,,0.00,N,Not at Intersection,N,Non-Junction,None,,,         ,Christopher,Cantrell,Clear,"Sideswipe, Same Direction",no,no,no,no,yes,False
103491874,THP District 3 - Nashville,322098955,Davidson,Nashville,11/25/2022 10:46:00 AM,2,0,0,36.213320,-86.691850,BRILEY PKWYS,,,,218.00,Feet,South,BRILEY PKWY S ENT RAMP,,,,0.00,N,Not at Intersection, ,Non-Junction,None,,,         ,Jason,Murray,Clear,Front to Rear,no,no,no,no,no,False
103491875,THP District 3 - Nashville,322098976,Davidson,Nashville,11/25/2022 11:24:00 AM,2,0,0,36.141340,-86.655780,I 40,,,,0.00,,,,,,,217.25,N,Not at Intersection, ,Non-Junction,None,,,         ,Jason,Murray,Clear,"Sideswipe, Same Direction",no,no,no,no,no,False
103492228,METROPOLITAN NASHVILLE POLICE DEPT,2022-0592516,Davidson,Nashville,11/25/2022 12:00:00 AM,2,0,0,36.142350,-86.734980,I 40,,,,0.00,,,,,,,212.60,N,Not at Intersection, ,Non-Junction,None,,,         ,Frank,Walker,Clear,"Sideswipe, Same Direction",no,no,no,no,no,False
103492640,METROPOLITAN NASHVILLE POLICE DEPT,20220598181,Davidson,Nashville,11/25/2022 1:00:00 AM,2,0,0,36.218630,-86.835900,KINGS LN,,,,166.00,Feet,West,PEWITT RD,,,,0.00,N,Not at Intersection, ,Non-Junction,None,,,         ,Matthew,Jorgensen,Unknown,Unknown,no,no,no,no,yes,False
103493619,METROPOLITAN NASHVILLE POLICE DEPT,20220576025,Davidson,Nashville,11/14/2022 5:24:00 PM,2,0,0,36.143160,-86.777170,I 65,,,,0.00,,,,,,,82.05,N,Not at Intersection,N,Non-Junction,None,,,         ,Nicholas,Hoffmann,Clear,Front to Rear,no,no,no,no,yes,False
103493620,METROPOLITAN NASHVILLE POLICE DEPT,20220584204,Davidson,Nashville,11/18/2022 2:47:00 PM,2,1,0,36.037530,-86.785580,OLD HICKORY BLVD,,,,78.00,Feet,East,WILSON PIKE CIR,,,,0.00,N,Not at Intersection,N,Non-Junction,None,,,         ,Nicholas,Hoffmann,Clear,"Sideswipe, Same Direction",no,no,no,no,no,False
103493729,BELLE MEADE POLICE DEPT,22-0283,Davidson,Nashville,11/23/2022 3:00:00 PM,1,0,0,36.081290,-86.867020,PAGE RD,,,,669.00,Feet,South,BELLE MEADE BLVD,,,,0.00,N,Not at Intersection,N,Non-Junction,None,,,         ,David,Read,Clear,Not Collision with Motor Vehicle in Transport,no,no,no,no,no,False
103493904,METROPOLITAN NASHVILLE POLICE DEPT,20220600373,Davidson,Nashville,11/7/2022 11:30:00 AM,1,0,0,36.159840,-86.774780,3RD AVS,,,,0.00,,,,,,,0.00,,Not at Intersection,N,Non-Junction,None,,,         ,Wesley,Young,Clear,Not Collision with Motor Vehicle in Transport,no,no,no,yes,yes,False
103494562,METROPOLITAN NASHVILLE POLICE DEPT,20220565878,Davidson,Nashville,11/9/2022 5:15:00 AM,2,3,0,36.169460,-86.806610,DR DB TODD JR BLVD,,,,0.00,Feet,,JEFFERSON ST,,,,0.00,Y,Four-Way,N,Intersection-Related,Construction Zone,Work On Shoulder Or Median,Before First Warning Area,         ,Pamela,Caulder,Clear,Angle,no,no,no,no,no,False
103495075,METROPOLITAN NASHVILLE POLICE DEPT,20220600491,Davidson,Nashville,11/22/2022 9:15:00 PM,2,0,0,36.096440,-86.656060,SMITH SPRINGS RD,,,,0.00,,,MURFREESBORO PKE,,,,0.00,Y,Y-Intersection,N,Intersection,None,,,         ,Carey,Steel,Unknown,Angle,no,no,no,no,yes,False
103495201,METROPOLITAN NASHVILLE POLICE DEPT,20220595982,Davidson,Nashville,11/25/2022 6:15:00 PM,1,0,1,36.212140,-86.765040,DICKERSON PKE,,,,209.00,Feet,South,GORDON TER,,,,0.00,N,Not at Intersection,N,Non-Junction,None,,,         ,Russell,Ward,Clear,Not Collision with Motor Vehicle in Transport,yes,no,no,no,no,False
103496187,METROPOLITAN NASHVILLE POLICE DEPT,20220600624,Davidson,Nashville,11/22/2022 5:10:00 PM,2,0,0,36.123660,-86.747680,,,I440,,0.00,,,,,,,6.20,N,Not at Intersection,Y,Entrance/Exit Ramp Related,None,,,         ,Tyler,Heckaman,Clear,"Sideswipe, Same Direction",no,no,no,no,yes,False
103496701,THP District 3 - Nashville,322098062,Davidson,Nashville,11/23/2022 9:03:00 AM,1,4,0,36.043710,-86.779820,FRANKLIN PIKE CIR,,,,545.00,Feet,South,FRANKLIN PKE,,,,0.00,N,Not at Intersection,N,Non-Junction,None,,,         ,Alexander,Campbell,Clear,Not Collision with Motor Vehicle in Transport,no,no,no,no,yes,False
103500921,TENNESSEE STATE UNIVERSITY ,22-TSU-35334,Davidson,Nashville,11/13/2022 3:39:00 AM,2,0,0,36.162900,-86.828510,35TH AVN,,,,0.00,,,ALBION ST,,,,0.00,Y,OTHER, ,Non-Junction,None,,,         ,William,Bottoms,Clear,Front to Rear,no,no,no,yes,no,False
103501869,METROPOLITAN NASHVILLE POLICE DEPT,2022-0581986,Davidson,Nashville,11/17/2022 12:36:00 PM,2,0,0,36.148940,-86.667200,ELM HILL PIKE,,,,144.00,Feet,East,NELSON PL,,,,0.00,N,Not at Intersection, ,Non-Junction,None,,,         ,Seth,Vaughn,Clear,Front to Rear,no,no,no,yes,no,False
103502805,BELLE MEADE POLICE DEPT,22-0280,Davidson,Belle Meade,11/18/2022 8:30:00 PM,1,0,0,36.105520,-86.868230,LEAKE AV,,,,0.00,,,HARDING PKE,,,,0.00,Y,T-Intersection, ,Intersection,None,,,         ,Keith,Samol,Clear,Not Collision with Motor Vehicle in Transport,no,no,no,no,no,False
103503710,METROPOLITAN NASHVILLE POLICE DEPT,20220579363,Davidson,Nashville,11/16/2022 8:54:00 AM,2,0,0,36.136040,-86.800950,21ST AVS,,,,110.00,Feet,North,ACKLEN AV,,,,0.00,N,Not at Intersection,N,Non-Junction,None,,,         ,Earl,Davis,Clear,Angle,no,no,no,no,no,Campus
103507910,METROPOLITAN NASHVILLE POLICE DEPT,20220571776,Davidson,Madison,11/19/2022 1:00:00 AM,4,0,0,36.276930,-86.796290,STATE HWY 45,,,,38.00,Feet,West,HICKORY HILLS BLVD,,,,0.00,N,Not at Intersection,N,Non-Junction,None,,,         ,John,Robish,Clear,Front to Rear,no,no,no,no,no,False
103491540,METROPOLITAN NASHVILLE POLICE DEPT,20220596528,Davidson,Nashville,11/26/2022 12:10:00 AM,1,1,0,36.161010,-86.775620,3RD AVS,,,,218.00,Feet,North,SHELBY ST PEDESTRIAN BRIDGE GR,,,,0.00,N,Not at Intersection,N,Non-Junction,None,,,         ,Zachariah,Souza,Clear,Not Collision with Motor Vehicle in Transport,yes,no,no,no,yes,False
103491611,METROPOLITAN NASHVILLE POLICE DEPT,20220596649,Davidson,Nashville,11/26/2022 12:00:00 AM,2,1,0,36.084160,-86.705890,LINBAR DR,,,,0.00,,,HARDING PL,,,,0.00,Y,Four-Way,N,Intersection,None,,,         ,John,Braxton,Clear,Angle,no,no,no,no,yes,False
103491612,METROPOLITAN NASHVILLE POLICE DEPT,20220596594,Davidson,Nashville,11/26/2022 1:15:00 AM,2,0,0,36.055010,-86.642410,ZELIDA AV,,,,0.00,,,BELL RD,,,,0.00,Y,Four-Way,N,Intersection,None,,,         ,Douglas,Meringer,Clear,Angle,no,no,no,no,yes,False
103491721,METROPOLITAN NASHVILLE POLICE DEPT,20220596703,Davidson,Nashville,11/26/2022 5:15:00 AM,2,0,0,36.086860,-86.695950,HARDING PL,,,,0.00,Feet,East,METROPLEX DR,,,,0.00,N,Not at Intersection,N,Non-Junction,None,,,         ,Gregory,Scott,Clear,Angle,no,no,no,no,no,False
103491731,METROPOLITAN NASHVILLE POLICE DEPT,20220596712,Davidson,Nashville,11/26/2022 5:36:00 AM,2,1,0,36.155590,-86.771070,LEA AV,,,,0.00,,,2ND AVS,,,,0.00,Y,Four-Way,N,Intersection,None,,,         ,Mena,Mahros,Clear,"Sideswipe, Same Direction",no,no,no,no,no,False
103491734,METROPOLITAN NASHVILLE POLICE DEPT,20220596693,Davidson,Nashville,11/26/2022 4:56:00 AM,3,0,0,36.062530,-86.691290,BRENDA LN,,,,278.00,Feet,North,BRENDA CIR,,,,0.00,N,Not at Intersection,N,Non-Junction,None,,,         ,Holly,Davis,Clear,Angle,no,no,no,no,no,False
103491748,METROPOLITAN NASHVILLE POLICE DEPT,20220596780,Davidson,Antioch,11/26/2022 12:00:00 AM,2,1,0,36.044330,-86.612200,MOUNTAIN SPRINGS RD,,,,970.00,Feet,East,KESTENBAUM CT,,,,0.00,N,Not at Intersection,N,Non-Junction,None,,,         ,James,Gilliam,Fog,"Sideswipe, Same Direction",no,no,no,no,no,False
103491754,METROPOLITAN NASHVILLE POLICE DEPT,20220596773,Davidson,OTHER,11/26/2022 12:00:00 AM,1,0,0,36.079880,-86.581760,SMITH SPRINGS RD,,,,320.00,Feet,East,MILBRIDGE DR,,,,0.00,N,Not at Intersection,N,Non-Junction,Unknown,,,         ,Timothy,Ward,Clear,Not Collision with Motor Vehicle in Transport,no,no,no,no,yes,False
103491761,METROPOLITAN NASHVILLE POLICE DEPT,20220596792,Davidson,Nashville,11/26/2022 7:15:00 AM,1,1,0,36.255150,-86.749690,DUE WEST AVN,,,,211.00,Feet,East,DUE WEST VALLEY DR,,,,0.00,N,Not at Intersection,N,Non-Junction,None,,,         ,Justan,Vance,Clear,Not Collision with Motor Vehicle in Transport,no,no,no,no,no,False
103491837,METROPOLITAN NASHVILLE POLICE DEPT,20220596878,Davidson,Nashville,11/26/2022 8:57:00 AM,2,0,0,36.156010,-86.788850,13TH AVS,,,,0.00,,,GEORGE L DAVIS BLVD,,,,0.00,Y,Four-Way, ,Intersection,None,,,         ,Johan,Kinberg,Cloudy,Angle,no,no,no,no,no,False
103491847,METROPOLITAN NASHVILLE POLICE DEPT,20220596819,Davidson,Nashville,11/26/2022 12:00:00 AM,1,0,0,36.169490,-86.778650,GAY ST,,,,0.00,,,1ST AVN,,,,0.00,Y,T-Intersection,N,Intersection,Construction Zone,Intermittent Moving Work,Activity Area,         ,Daniel,Russett,Clear,Not Collision with Motor Vehicle in Transport,no,no,no,no,yes,False
103491877,METROPOLITAN NASHVILLE POLICE DEPT,20220596905,Davidson,Nashville,11/26/2022 10:09:00 AM,2,0,0,36.151990,-86.837020,42ND AVN,,,,142.00,Feet,South,CHARLOTTE AV,,,,0.00,N,Not at Intersection, ,,None,,,         ,Jonathan,Phipps,,,no,no,no,yes,no,False
103491936,METROPOLITAN NASHVILLE POLICE DEPT,20220596781,Davidson,Nashville,11/26/2022 12:00:00 AM,1,0,0,36.180310,-86.746740,ORDWAY PL,,,,375.00,Feet,East,N 12TH ST,,,,0.00,N,Not at Intersection,N,Non-Junction,None,,,         ,Goran,Manojlovic,Clear,Not Collision with Motor Vehicle in Transport,no,no,no,no,yes,False
103492012,METROPOLITAN NASHVILLE POLICE DEPT,20220597051,Davidson,Nashville,11/26/2022 12:27:00 PM,2,0,0,36.198260,-86.827010,BUENA VISTA PKE,,,,0.00,,,CURTIS ST,,,,0.00,Y,T-Intersection,N,Non-Junction,None,,,         ,Sean,Herman,Clear,Front to Rear,no,no,no,no,no,False
103492013,METROPOLITAN NASHVILLE POLICE DEPT,20220596985,Davidson,Nashville,11/26/2022 10:55:00 AM,2,0,0,36.231600,-86.781520,EWING DR,,,,0.00,Feet,,BRICK CHURCH PKE,,,,0.00,Y,Four-Way, ,Intersection,None,,,         ,Benjamin,Williams,Clear,Front to Rear,no,no,no,no,no,False
103492099,METROPOLITAN NASHVILLE POLICE DEPT,20220597024,Davidson,Nashville,11/26/2022 12:00:00 AM,2,0,0,36.075090,-86.737720,WAUFORD DR,,,,115.00,Feet,West,SHADESCREST DR,,,,0.00,N,Not at Intersection, ,Non-Junction,None,,,         ,Bianca,Crawford,Clear,Unknown,no,no,no,no,yes,False
103492122,METROPOLITAN NASHVILLE POLICE DEPT,20220597003,Davidson,Nashville,11/26/2022 11:16:00 AM,2,1,0,36.176580,-86.770320,SPRING ST,,,,0.00,Feet,East,DICKERSON PKE,,,,0.00,N,Not at Intersection,N,Non-Junction,None,,,         ,Rico,Hunt,Clear,Front to Rear,no,no,no,no,no,False
103492280,METROPOLITAN NASHVILLE POLICE DEPT,20220597242,Davidson,Nashville,11/26/2022 3:40:00 PM,2,0,0,36.160980,-86.760250,I 24,,,,0.00,,,,,,,49.40,N,Not at Intersection,N,Non-Junction,None,,,         ,Daniel,Tomlinson,Rain,"Sideswipe, Same Direction",no,no,no,no,yes,False
103492305,METROPOLITAN NASHVILLE POLICE DEPT,20220597357,Davidson,Nashville,11/26/2022 12:00:00 AM,1,0,0,36.072840,-86.645830,RICE RD,,,,351.00,Feet,East,EDGE O LAKE DR,,,,0.00,N,Not at Intersection,N,Non-Junction,None,,,         ,Derek,Garcia,Rain,Not Collision with Motor Vehicle in Transport,no,no,no,no,no,False
103492307,METROPOLITAN NASHVILLE POLICE DEPT,20220597248,Davidson,Nashville,11/26/2022 3:57:00 PM,2,1,0,36.072090,-86.699360,WILLARD DR,,,,353.00,Feet,West,EAST RIDGE DR,,,,0.00,N,Not at Intersection,N,Non-Junction,None,,,         ,Adam,Kauffman,Cloudy,"Sideswipe, Opposite Direction",no,no,no,no,no,False
103492308,METROPOLITAN NASHVILLE POLICE DEPT,20220596967,Davidson,Antioch,11/26/2022 10:00:00 AM,2,0,0,36.042520,-86.607120,HOBSON PKE,,,,206.00,Feet,West,MURFREESBORO PKE,,,,0.00,N,Not at Intersection,N,Non-Junction,None,,,         ,Michael,Hones,Clear,Front to Rear,no,no,no,no,yes,False