master_record_number,agency,agency_tracking_number,county,city,collision_date,vehicles_involved,number_injured,number_dead,latitude,longitude,roadway_name,roadway_suffix,roadway_number,roadway_local_id,distance_from_reference,miles-feet_indicator,direction_from_reference,intersection_road_name,intersection_road_name_suffix,intersection_road_number,intersection_local_id,mile_marker,intersection_indicator,intersect_type,interchange_related_indicator,relation_to_junction,work_zone_type,construction_maintenance_zone,construction_maintenance_zone_location,fatal_case_number,officer_first_name,officer_last_name,weather_condition(s),manner_of_crash,pedestrian,bicycle,scooter,parking,hitrun,mou
103492310,METROPOLITAN NASHVILLE POLICE DEPT,20220597398,Davidson,Nashville,11/26/2022 5:50:00 PM,2,3,0,36.059070,-86.716220,TUSCULUM RD,,,,0.00,,,NOLENSVILLE PKE,,,,0.00,Y,Four-Way,N,Intersection,None,,,         ,Nadine,Klemenz,Rain,Angle,no,no,no,no,no,False
103492311,METROPOLITAN NASHVILLE POLICE DEPT,20220597319,Davidson,Nashville,11/26/2022 5:07:00 PM,1,1,0,36.163060,-86.664000,COLONIAL CIR,,,,0.00,Feet,East,DONELSON PKE,,,,0.00,N,Not at Intersection,N,"Driveway, Alley Access, etc",None,,,         ,Joshua,Zambrano-Vera,Cloudy,Not Collision with Motor Vehicle in Transport,no,no,no,no,no,False
103492312,METROPOLITAN NASHVILLE POLICE DEPT,20220597425,Davidson,Nashville,11/26/2022 4:37:00 PM,1,0,0,36.148590,-86.653200,MCCRORY CREEK RD,,,,234.00,Feet,North,HONEYBROOK DR,,,,0.00,N,Not at Intersection,N,Non-Junction,None,,,         ,Brandon,Chapman,Clear,Not Collision with Motor Vehicle in Transport,no,no,no,no,no,False
103492317,METROPOLITAN NASHVILLE POLICE DEPT,20220597401,Davidson,Nashville,11/26/2022 12:00:00 AM,2,0,0,36.205280,-86.633390,BONNAFAIR DR,,,,196.00,Feet,North,BONNAHURST DR,,,,0.00,N,Not at Intersection,N,Non-Junction,None,,,         ,Esther,Poysti,Rain,Angle,no,no,no,no,no,False
103492323,METROPOLITAN NASHVILLE POLICE DEPT,20220597473,Davidson,Nashville,11/26/2022 12:00:00 AM,2,0,0,36.043300,-86.640800,MT VIEW RD,,,,0.00,,,BABY RUTH LN,,,,0.00,Y,T-Intersection,N,Non-Junction,None,,,         ,Derek,Garcia,Rain,"Sideswipe, Opposite Direction",no,no,no,no,yes,False
103492336,METROPOLITAN NASHVILLE POLICE DEPT,20220597453,Davidson,Nashville,11/26/2022 6:27:00 PM,2,0,0,36.050960,-86.859670,HILLSBORO PKE,,,,252.00,Feet,South,BRIDLEWAY TRL,,,,0.00,N,Not at Intersection,N,Non-Junction,None,,,         ,Blake,Langford,Rain,Front to Rear,no,no,no,no,no,False
103492383,METROPOLITAN NASHVILLE POLICE DEPT,20220597496,Davidson,Nashville,11/26/2022 12:00:00 AM,2,0,0,36.178650,-86.605080,OLD HICKORY BLVD,,,,41.00,Feet,South,I40 E EXT RAMP,,,,0.00,N,Not at Intersection, ,Non-Junction,None,,,         ,Esther,Poysti,Rain,Front to Rear,no,no,no,no,no,False
103492391,METROPOLITAN NASHVILLE POLICE DEPT,20220597563,Davidson,Nashville,11/26/2022 6:39:00 PM,2,0,0,36.053590,-86.738420,MCMURRAY DR,,,,0.00,,,ASHMORE DR,,,,0.00,Y,T-Intersection,Y,Intersection-Related,None,,,         ,Nicholas,Hoffmann,Rain,Angle,no,no,no,no,no,False
103492396,METROPOLITAN NASHVILLE POLICE DEPT,20220597549,Davidson,Nashville,11/26/2022 7:54:00 PM,2,0,0,36.089870,-86.650460,MURFREESBORO PKE,,,,250.00,Feet,North,RANSOM PL,,,,0.00,N,Not at Intersection, ,Non-Junction,None,,,         ,Adam,Kauffman,Rain,Front to Rear,no,no,no,no,no,False
103492405,METROPOLITAN NASHVILLE POLICE DEPT,20220597613,Davidson,Goodlettsville,11/26/2022 8:44:00 PM,1,0,0,36.292330,-86.694870,MYATT DR,,,,562.00,Feet,North,EDENWOLD RD,,,,0.00,N,Not at Intersection,N,Non-Junction,None,,,         ,Kaleigh,Pearce,Clear,Not Collision with Motor Vehicle in Transport,no,no,no,no,no,False
103492408,METROPOLITAN NASHVILLE POLICE DEPT,20220597617,Davidson,Nashville,11/26/2022 8:54:00 PM,2,1,0,36.054260,-86.673890,I 24,,,,0.00,,,,,,,58.35,N,Not at Intersection,N,Non-Junction,None,,,         ,Steven,Bowler,Rain,Not Collision with Motor Vehicle in Transport,no,no,no,no,no,False
103492426,METROPOLITAN NASHVILLE POLICE DEPT,20220597591,Davidson,Nashville,11/26/2022 8:25:00 PM,2,1,0,36.064690,-86.628590,HAMILTON CHURCH RD,,,,49.00,Feet,South,MURFREESBORO PKE,,,,0.00,N,Not at Intersection,N,Non-Junction,None,,,         ,Nadine,Klemenz,Rain,Front to Rear,no,no,no,no,no,False
103492435,METROPOLITAN NASHVILLE POLICE DEPT,20220597492,Davidson,Nashville,11/26/2022 7:10:00 PM,1,1,0,36.230090,-86.742160,BROADMOOR DR,,,,124.00,Feet,West,STANVID DR,,,,0.00,N,Not at Intersection,N,Non-Junction,None,,,         ,Zachary,Carter,Rain,Not Collision with Motor Vehicle in Transport,no,no,no,no,no,False
103492441,METROPOLITAN NASHVILLE POLICE DEPT,20220597632,Davidson,Nashville,11/26/2022 12:00:00 AM,2,2,0,36.047550,-86.655930,HICKORY HOLLOW PKWY,,,,0.00,,,BELL RD,,,,0.00,Y,Four-Way,N,Intersection,None,,,         ,John,Braxton,Rain,Angle,no,no,no,no,no,False
103492443,METROPOLITAN NASHVILLE POLICE DEPT,20220597677,Davidson,Nashville,11/26/2022 9:03:00 PM,2,0,0,36.084160,-86.705890,LINBAR DR,,,,0.00,,,HARDING PL,,,,0.00,Y,Four-Way, ,Non-Junction,None,,,         ,Jason,Lyons,Rain,Angle,no,no,no,no,no,False
103492445,METROPOLITAN NASHVILLE POLICE DEPT,20220597486,Davidson,Nashville,11/26/2022 6:50:00 PM,2,1,0,36.200950,-86.739940,GALLATIN PKE,,,,0.00,,,BURCHWOOD AV,,,,0.00,Y,T-Intersection,N,Intersection-Related,None,,,         ,Ty,Cummings,"Cloudy, Rain",Angle,no,no,no,no,no,False
103492472,METROPOLITAN NASHVILLE POLICE DEPT,20220597686,Davidson,Nashville,11/26/2022 9:44:00 PM,1,0,0,36.217070,-86.709690,MCGAVOCK PKE,,,,289.00,Feet,North,HEMLOCK AV,,,,0.00,N,Not at Intersection, ,,None,,,         ,Jordan,Knight,,,no,no,no,no,no,False
103492482,METROPOLITAN NASHVILLE POLICE DEPT,20220597618,Davidson,Nashville,11/26/2022 12:00:00 AM,2,2,0,36.040320,-86.660280,CANE RIDGE RD,,,,177.00,Feet,North,BELL HOLLOW APTS PVTDR,,,,0.00,N,Not at Intersection,N,Non-Junction,None,,,         ,Taylor,Blackwelder,Rain,"Sideswipe, Same Direction",no,no,no,no,yes,False
103492490,METROPOLITAN NASHVILLE POLICE DEPT,20220597227,Davidson,Nashville,11/26/2022 3:41:00 PM,2,0,0,36.149360,-86.861290,CHARLOTTE PKE,,,,416.00,Feet,West,OCEOLA AV,,,,0.00,N,Not at Intersection,N,Non-Junction,None,,,         ,Robert,Higgins,Clear,Angle,no,no,no,no,no,False
103492492,METROPOLITAN NASHVILLE POLICE DEPT,20220597312,Davidson,Not in City Limit,11/26/2022 3:15:00 PM,2,0,0,36.263670,-86.687140,ARCHWOOD DR,,,,3.00,Feet,North,STATE RT 45,,,,0.00,N,Not at Intersection,N,Non-Junction,None,,,         ,Kendric,Catron,Clear,Other,no,no,no,no,no,False
103492493,METROPOLITAN NASHVILLE POLICE DEPT,20220597772,Davidson,Nashville,11/26/2022 12:00:00 AM,1,0,0,36.073690,-86.734650,BLACKMAN RD,,,,136.00,Feet,South,OVERCREST DR,,,,0.00,N,Not at Intersection,N,Non-Junction,None,,,         ,Aaron,Brumley,Rain,Not Collision with Motor Vehicle in Transport,no,no,no,no,no,False
103492494,METROPOLITAN NASHVILLE POLICE DEPT,20220597528,Davidson,Nashville,11/26/2022 7:26:00 PM,2,0,0,36.166820,-86.779400,3RD AVN,,,,22.00,Feet,South,CHARLOTTE AV,,,,0.00,N,Not at Intersection,N,Non-Junction,None,,,         ,Ralph,Gault,"Cloudy, Rain","Sideswipe, Same Direction",no,no,no,no,yes,False
103492497,METROPOLITAN NASHVILLE POLICE DEPT,20220597313,Davidson,Nashville,11/26/2022 5:03:00 PM,4,1,0,36.141140,-86.717820,I 40,,,,0.00,,,,,,,213.25,N,Not at Intersection,N,Non-Junction,None,,,         ,William,Boler,Rain,Front to Rear,no,no,no,no,no,False
103492498,METROPOLITAN NASHVILLE POLICE DEPT,20220597701,Davidson,Nashville,11/26/2022 9:40:00 PM,2,0,0,36.076880,-86.694550,I 24,,,,0.00,,,,,,,56.45,N,Not at Intersection, ,Non-Junction,None,,,         ,Phillip,Lovell,Rain,Angle,no,no,no,no,no,False
103492499,METROPOLITAN NASHVILLE POLICE DEPT,20220597713,Davidson,Nashville,11/26/2022 10:05:00 PM,2,1,0,36.063480,-86.627030,MURFREESBORO PKE,,,,641.00,Feet,South,HAMILTON CHURCH RD,,,,0.00,N,Not at Intersection,N,Non-Junction,None,,,         ,Michael,Overberg,Clear,HeadOn,no,no,no,no,yes,False
103492542,METROPOLITAN NASHVILLE POLICE DEPT,20220597842,Davidson,Nashville,11/26/2022 11:19:00 PM,1,0,0,36.150090,-86.748340,I 40,,,,0.00,,,,,,,211.70,N,Not at Intersection,N,Non-Junction,None,,,         ,Kody,Littles,Rain,Not Collision with Motor Vehicle in Transport,no,no,no,no,no,False
103492543,METROPOLITAN NASHVILLE POLICE DEPT,20220597589,Davidson,Nashville,11/26/2022 8:25:00 PM,1,1,0,36.087960,-86.691020,HARDING PL,,,,399.00,Feet,East,ANTIOCH PKE,,,,0.00,N,Not at Intersection,N,Non-Junction,None,,,         ,Dean,Ferrari,Rain,Not Collision with Motor Vehicle in Transport,no,no,no,yes,no,False
103492554,METROPOLITAN NASHVILLE POLICE DEPT,20220597062,Davidson,Nashville,11/26/2022 12:35:00 PM,3,0,0,36.102910,-86.730360,SOUTHLAKE DR,,,,189.00,Feet,South,SOUTHLAKE CT,,,,0.00,N,Not at Intersection,N,Non-Junction,None,,,         ,Parker,Vegas,Clear,Front to Rear,no,no,no,no,no,False
103492557,METROPOLITAN NASHVILLE POLICE DEPT,20220597916,Davidson,Nashville,11/27/2022 12:18:00 AM,1,0,0,36.141960,-86.712700,I 40,,,,0.00,,,,,,,214.00,N,Not at Intersection,N,Non-Junction,None,,,         ,Sean,Fitzmaurice,,Not Collision with Motor Vehicle in Transport,no,no,no,no,yes,False
103492573,METROPOLITAN NASHVILLE POLICE DEPT,20220597829,Davidson,Nashville,11/26/2022 12:00:00 AM,1,0,0,36.191860,-86.780160,I 65,,,,0.00,,,,,,,86.30,N,Not at Intersection,Y,Entrance/Exit Ramp Related,None,,,         ,Jakub,Boyke,"Cloudy, Rain",Not Collision with Motor Vehicle in Transport,no,no,no,no,yes,False
103492583,METROPOLITAN NASHVILLE POLICE DEPT,20220597980,Davidson,Nashville,11/27/2022 1:08:00 AM,1,0,0,36.143870,-86.700190,I 40,,,,0.00,,,,,,,214.70,N,Not at Intersection,N,Non-Junction,None,,,         ,Jeffrey,Palomino-Gonzalez,,Not Collision with Motor Vehicle in Transport,no,no,no,no,no,False
103492584,METROPOLITAN NASHVILLE POLICE DEPT,20220597826,Davidson,Nashville,11/26/2022 11:15:00 PM,1,0,0,36.237870,-86.629800,FELLOWSHIP LN,,,,332.00,Feet,East,OLD HICKORY BLVD,,,,0.00,N,Not at Intersection, ,Non-Junction,None,,,         ,Zacarias,Brito Jr.,Clear,Not Collision with Motor Vehicle in Transport,no,no,no,yes,no,False
103492585,METROPOLITAN NASHVILLE POLICE DEPT,20220597898,Davidson,Nashville,11/26/2022 11:58:00 PM,2,0,0,36.095690,-86.718750,CATHY JO CT,,,,169.00,Feet,South,CATHY JO CIR,,,,0.00,N,Not at Intersection,N,Non-Junction,None,,,         ,Jerrod,Kalinsky,Rain,Rear to Rear,no,no,no,no,no,False
103492588,METROPOLITAN NASHVILLE POLICE DEPT,20220597884,Davidson,Nashville,11/26/2022 12:00:00 AM,2,1,0,36.205890,-86.768610,E TRINITY LN,,,,0.00,,,DICKERSON PKE,,,,0.00,Y,T-Intersection,N,Non-Junction,None,,,         ,Vincent,McCrary,Rain,Front to Rear,no,no,no,no,no,False
103492591,METROPOLITAN NASHVILLE POLICE DEPT,20220597981,Davidson,Nashville,11/27/2022 1:09:00 AM,1,0,0,36.224810,-86.774510,I 65,,,,0.00,,,,,,,88.55,N,Not at Intersection,N,Non-Junction,None,,,         ,William,Hudson,Rain,Not Collision with Motor Vehicle in Transport,no,no,no,no,no,False
103492593,METROPOLITAN NASHVILLE POLICE DEPT,20220597942,Davidson,Nashville,11/27/2022 12:35:00 AM,1,1,0,36.154630,-86.779160,LAFAYETTE ST,,,,0.00,,,8TH AVS,,,,0.00,Y,Roundabout,N,Intersection,None,,,         ,Zachary,Cooper,Rain,Not Collision with Motor Vehicle in Transport,no,no,no,no,no,False
103492603,METROPOLITAN NASHVILLE POLICE DEPT,20220598027,Davidson,Nashville,11/27/2022 1:05:00 AM,1,0,0,36.154490,-86.759270,I40 E ENT RAMP,,,,0.00,Feet,East,I 40,,,,0.00,N,Not at Intersection, ,Entrance/Exit Ramp Related,None,,,         ,Timothy,Lehnert,,Not Collision with Motor Vehicle in Transport,no,no,no,no,no,False
103492605,METROPOLITAN NASHVILLE POLICE DEPT,20220597910,Davidson,Nashville,11/26/2022 11:21:00 PM,2,0,0,36.153270,-86.769560,2ND AVS,,,,0.00,,,ASH ST,,,,0.00,Y,T-Intersection,N,Intersection-Related,None,,,         ,Blake,Lutz,Rain,Angle,no,no,no,no,no,False
103492606,METROPOLITAN NASHVILLE POLICE DEPT,20220598045,Davidson,Nashville,11/27/2022 1:50:00 AM,2,0,0,36.183340,-86.748580,GALLATIN AV,,,,6.00,Feet,South,W EASTLAND AV,,,,0.00,N,Not at Intersection,Y,Non-Junction,None,,,         ,Nicholas,Cochran,Rain,Front to Rear,no,no,no,no,yes,False
103492608,METROPOLITAN NASHVILLE POLICE DEPT,20220597920,Davidson,Nashville,11/27/2022 12:00:00 AM,1,0,0,36.172860,-86.768740,I24 W EXT RAMP,,,,0.00,Feet,East,I 24,,,,0.00,N,Not at Intersection,N,Non-Junction,None,,,         ,Devyn,Hollinsworth,Rain,Not Collision with Motor Vehicle in Transport,no,no,no,no,no,False
103492624,METROPOLITAN NASHVILLE POLICE DEPT,20220597827,Davidson,Nashville,11/26/2022 11:10:00 PM,3,0,0,36.173350,-86.763980,MAIN ST,,,,13.00,Feet,West,YEAMAN PL,,,,0.00,N,Not at Intersection,N,Non-Junction,None,,,         ,Jordan,Knight,"Cloudy, Rain",Angle,no,no,no,no,no,False
103492625,METROPOLITAN NASHVILLE POLICE DEPT,20220598104,Davidson,Nashville,11/27/2022 2:55:00 AM,1,1,0,36.177830,-86.615020,JAMES KAY LN,,,,364.00,Feet,West,DODSON CHAPEL RD,,,,0.00,N,Not at Intersection,Y,Entrance/Exit Ramp Related,None,,,         ,Timothy,Lehnert,,Not Collision with Motor Vehicle in Transport,no,no,no,no,no,False
103492629,METROPOLITAN NASHVILLE POLICE DEPT,20220598100,Davidson,Nashville,11/27/2022 2:49:00 AM,2,1,0,36.194740,-86.775570,I 65,,,,0.00,,,,,,,86.50,N,Not at Intersection,N,Entrance/Exit Ramp Related,None,,,         ,Vincent,McCrary,Rain,"Sideswipe, Same Direction",no,no,no,no,yes,False
103492632,METROPOLITAN NASHVILLE POLICE DEPT,20220598145,Davidson,Nashville,11/27/2022 3:50:00 AM,1,0,0,36.192300,-86.777100,I 65,,,,0.00,,,,,,,86.50,N,Not at Intersection,N,Non-Junction,None,,,         ,Matthew,Jorgensen,Rain,Not Collision with Motor Vehicle in Transport,no,no,no,no,no,False
103492638,METROPOLITAN NASHVILLE POLICE DEPT,20220598159,Davidson,Nashville,11/27/2022 3:41:00 AM,1,0,0,36.076180,-86.694120,I 24,,,,0.00,,,,,,,56.50,N,Not at Intersection,N,Non-Junction,None,,,         ,Jason,Lyons,Rain,Not Collision with Motor Vehicle in Transport,no,no,no,no,no,False
103492641,METROPOLITAN NASHVILLE POLICE DEPT,20220598110,Davidson,Nashville,11/27/2022 12:00:00 AM,1,1,0,36.088370,-86.702080,I24 E EXT RAMP,,,,0.00,Feet,East,I 24,,,,0.00,N,Not at Intersection,N,Non-Junction,None,,,         ,John,Braxton,Rain,Not Collision with Motor Vehicle in Transport,no,no,no,no,no,False
103492657,METROPOLITAN NASHVILLE POLICE DEPT,20220598152,Davidson,Nashville,11/27/2022 2:57:00 AM,1,0,0,36.088370,-86.702080,I24 E EXT RAMP,,,,0.00,Feet,East,I 24,,,,0.00,N,Not at Intersection,N,Non-Junction,None,,,         ,Amanda,Hanna,Rain,Not Collision with Motor Vehicle in Transport,no,no,no,no,no,False
103492670,METROPOLITAN NASHVILLE POLICE DEPT,20220598146,Davidson,Nashville,11/26/2022 5:10:00 PM,2,0,0,36.201810,-86.776580,I 65,,,,0.00,,,,,,,87.00,N,Not at Intersection,N,Non-Junction,None,,,         ,Lynsey,Fish,"Cloudy, Rain",Front to Rear,no,no,no,no,yes,False
103492671,METROPOLITAN NASHVILLE POLICE DEPT,20220598166,Davidson,Nashville,11/27/2022 4:10:00 AM,1,1,0,36.130160,-86.715560,MURFREESBORO PKE,,,,351.00,Feet,West,MILLWOOD DR,,,,0.00,N,Not at Intersection,N,Non-Junction,None,,,         ,Sean,Fitzmaurice,,Not Collision with Motor Vehicle in Transport,no,no,no,no,no,False
103492672,METROPOLITAN NASHVILLE POLICE DEPT,20220597812,Davidson,Antioch,11/26/2022 11:02:00 PM,2,2,0,36.015890,-86.620110,OLD HICKORY BLVD,,,,123.00,Feet,North,I24 W EXT RAMP,,,,0.00,N,Not at Intersection,N,Non-Junction,None,,,         ,Lisa,Beck,Rain,Angle,no,no,no,no,no,False
103492674,METROPOLITAN NASHVILLE POLICE DEPT,20220597726,Davidson,Nashville,11/26/2022 10:13:00 PM,2,1,0,36.158840,-86.791800,I 40,,,,0.00,,,,,,,208.15,N,Not at Intersection,N,Non-Junction,None,,,         ,Dillon,Deleacaes,Rain,Front to Rear,no,no,no,no,no,False
103492675,METROPOLITAN NASHVILLE POLICE DEPT,20220598053,Davidson,Nashville,11/27/2022 1:51:00 AM,3,0,0,36.151880,-86.795520,BROADWAY,,,,96.00,Feet,South,18TH AVS,,,,0.00,N,Not at Intersection,N,Non-Junction,None,,,         ,Dillon,Deleacaes,Rain,Unknown,no,no,no,no,yes,False
103492684,METROPOLITAN NASHVILLE POLICE DEPT,20220598140,Davidson,Nashville,11/27/2022 3:40:00 AM,1,0,0,36.173220,-86.812960,HAMMOND DR,,,,0.00,,,23RD AVN,,,,0.00,Y,T-Intersection,N,Intersection-Related,None,,,         ,Martin,Brown,Rain,Not Collision with Motor Vehicle in Transport,no,no,no,yes,no,False
103492810,METROPOLITAN NASHVILLE POLICE DEPT,20220598384,Davidson,Nashville,11/27/2022 12:00:00 AM,2,1,0,36.143310,-86.687510,I 40,,,,0.00,,,,,,,215.40,N,Not at Intersection,N,Non-Junction,None,,,         ,Clayton,Smith,Cloudy,Front to Rear,no,no,no,no,no,False
103492829,METROPOLITAN NASHVILLE POLICE DEPT,20220598353,Davidson,Nashville,11/27/2022 3:30:00 AM,1,0,0,36.088860,-86.702390,I 24,,,,0.00,,,,,,,55.50,N,Not at Intersection, ,,None,,,         ,David,Rehm,,,no,no,no,no,no,False
103492871,METROPOLITAN NASHVILLE POLICE DEPT,20220598501,Davidson,Nashville,11/27/2022 10:25:00 AM,2,2,0,36.144330,-86.816530,31ST AVN,,,,107.00,Feet,South,POSTON AV,,,,0.00,N,Not at Intersection,N,Non-Junction,None,,,         ,Kyle,Kinsman,Clear,HeadOn,no,no,no,no,no,Campus
103492882,METROPOLITAN NASHVILLE POLICE DEPT,20220598481,Davidson,Nashville,11/27/2022 10:05:00 AM,2,0,0,36.161280,-86.760330,I 24,,,,0.00,,,,,,,49.40,N,Not at Intersection,N,Non-Junction,None,,,         ,Theodore,Kenney,Cloudy,Front to Rear,no,no,no,no,no,False
103492891,METROPOLITAN NASHVILLE POLICE DEPT,20220598525,Davidson,Not in City Limit,11/27/2022 12:00:00 AM,1,0,0,35.990670,-86.671650,BURKITT RD,,,,426.00,Feet,East,CANONBURY DR,,,,0.00,N,Not at Intersection,N,Non-Junction,None,,,         ,James,Gilliam,Clear,Not Collision with Motor Vehicle in Transport,no,no,no,no,yes,False
103493024,METROPOLITAN NASHVILLE POLICE DEPT,20220598624,Davidson,Not in City Limit,11/27/2022 12:54:00 PM,2,0,0,36.309030,-86.824200,I 24,,,,0.00,,,,,,,37.80,N,Not at Intersection,N,Non-Junction,None,,,         ,Judah,Parker,Cloudy,Front to Rear,no,no,no,no,no,False
103493043,METROPOLITAN NASHVILLE POLICE DEPT,20220598632,Davidson,Not in City Limit,11/27/2022 1:11:00 PM,1,1,0,36.080580,-86.953470,COLEY DAVIS CT,,,,98.00,Feet,West,COLEY DAVIS RD,,,,0.00,N,Not at Intersection,N,Non-Junction,None,,,         ,Stacia,Getz,Cloudy,Not Collision with Motor Vehicle in Transport,yes,no,no,yes,yes,False
103493132,METROPOLITAN NASHVILLE POLICE DEPT,20220598535,Davidson,Nashville,11/27/2022 11:04:00 AM,3,3,0,36.124510,-86.727810,I 24,,,,0.00,,,,,,,52.60,N,Not at Intersection,N,Non-Junction,None,,,         ,Zachary,Wilbanks,Cloudy,"Sideswipe, Same Direction",no,no,no,no,no,False
103493137,METROPOLITAN NASHVILLE POLICE DEPT,20220598683,Davidson,Nashville,11/27/2022 2:24:00 PM,2,0,0,36.156650,-86.787330,BROADWAY,,,,62.00,Feet,East,12TH AVS,,,,0.00,N,Not at Intersection, ,,None,,,         ,Charles,Large,,,no,no,no,yes,no,False
103493143,METROPOLITAN NASHVILLE POLICE DEPT,20220598709,Davidson,Nashville,11/27/2022 2:10:00 PM,2,0,0,36.136470,-86.788550,12TH AVS,,,,119.00,Feet,North,WEDGEWOOD AV,,,,0.00,N,Not at Intersection,N,Non-Junction,Construction Zone,Lane Shift-Crossover,Activity Area,         ,Michael,Moss,Cloudy,Angle,no,no,no,no,yes,False
103493207,METROPOLITAN NASHVILLE POLICE DEPT,20220598751,Davidson,Nashville,11/27/2022 12:00:00 PM,2,0,0,36.067410,-86.692610,APACHE TRL,,,,73.00,Feet,West,HICKORY LAKE APTS PVTDR,,,,0.00,N,Not at Intersection,N,Non-Junction,None,,,         ,Alan,Wynkoop,Clear,Front to Rear,no,no,no,no,no,False
103493210,METROPOLITAN NASHVILLE POLICE DEPT,20220598790,Davidson,Nashville,11/27/2022 4:10:00 PM,2,0,0,36.161200,-86.773890,SHELBY ST PEDESTRIAN BRIDGE GR,,,,0.00,,,,,,,0.00,,Not at Intersection,N,OtherLocation,None,,,         ,Zachary,Cooper,Cloudy,Unknown,no,no,no,yes,yes,False
103493231,METROPOLITAN NASHVILLE POLICE DEPT,20220598830,Davidson,Nashville,11/27/2022 4:40:00 PM,1,0,0,36.247140,-86.835270,CLARKSVILLE PKE,,,,231.00,Feet,West,DRY FORK RD,,,,0.00,N,Not at Intersection,N,Non-Junction,None,,,         ,Tyler,Edwards,Rain,Not Collision with Motor Vehicle in Transport,no,no,no,no,no,False
103493232,METROPOLITAN NASHVILLE POLICE DEPT,20220598787,Davidson,Nashville,11/27/2022 3:55:00 PM,1,0,0,36.221740,-86.851410,DRAKES BRANCH RD,,,,72.00,Feet,North,JUDD DR,,,,0.00,N,Not at Intersection,N,Non-Junction,None,,,         ,Rachel,Susee,"Cloudy, Rain",Not Collision with Motor Vehicle in Transport,no,no,no,no,yes,False
103493250,METROPOLITAN NASHVILLE POLICE DEPT,20220598843,Davidson,Nashville,11/27/2022 4:10:00 PM,2,0,0,36.280730,-86.732800,I 65,,,,0.00,,,,,,,93.40,N,Not at Intersection, ,Non-Junction,None,,,         ,Brandon,Lopez,Cloudy,Front to Rear,no,no,no,no,no,False
103493261,GOODLETTSVILLE POLICE DEPT,22-35946,Davidson,Goodlettsville,11/27/2022 4:30:00 PM,2,0,0,36.314930,-86.713660,US HWY 31W,,,,21.00,Feet,South,RIVERGATE PKWY,,,,0.00,N,Not at Intersection,N,Non-Junction,None,,,         ,George,Henry,Rain,Angle,no,no,no,no,no,False
103493265,THP District 3 - Nashville,322099499,Davidson,Nashville,11/26/2022 9:50:00 AM,1,0,0,36.089410,-86.702820,I 24,,,,0.00,,,,,,,55.40,N,Not at Intersection,N,Non-Junction,None,,,         ,Keith,Velez,Clear,Not Collision with Motor Vehicle in Transport,no,no,no,no,no,False
103493266,GOODLETTSVILLE POLICE DEPT,22-35950,Davidson,Goodlettsville,11/27/2022 5:40:00 PM,3,1,0,36.314890,-86.710940,RIVERGATE PKWY,,,,0.00,,,DONALD ST,,,,0.00,Y,Four-Way,N,Non-Junction,None,,,         ,Dequionta,Rucker,Clear,Angle,no,no,no,no,no,False
103493269,METROPOLITAN NASHVILLE POLICE DEPT,20220598894,Davidson,Nashville,11/27/2022 5:56:00 PM,2,2,0,36.132220,-86.894610,CHARLOTTE PKE,,,,159.00,Feet,East,I40 E ENT RAMP,,,,0.00,N,Not at Intersection,N,Non-Junction,None,,,         ,Ryan,Thomas,Cloudy,Front to Rear,no,no,no,no,no,False
103493273,METROPOLITAN NASHVILLE POLICE DEPT,20220598887,Davidson,Nashville,11/27/2022 5:50:00 PM,2,1,0,36.152920,-86.765560,I 40,,,,0.00,,,,,,,210.60,N,Not at Intersection,N,Non-Junction,None,,,         ,Zachary,Cooper,Cloudy,Front to Rear,no,no,no,no,no,False
103493274,METROPOLITAN NASHVILLE POLICE DEPT,20220598887,Davidson,Nashville,11/27/2022 5:45:00 PM,2,1,0,36.152920,-86.765560,I 40,,,,0.00,,,,,,,210.60,N,Not at Intersection,N,Non-Junction,None,,,         ,Blake,Curry,Clear,Front to Rear,no,no,no,no,no,False
103493308,METROPOLITAN NASHVILLE POLICE DEPT,20220598976,Davidson,Nashville,11/27/2022 7:09:00 PM,2,0,0,36.205260,-86.776610,I 65,,,,0.00,,,,,,,87.20,N,Not at Intersection, ,Non-Junction,None,,,         ,Craig,Paschetti,Clear,Front to Rear,no,no,no,no,no,False
103493319,METROPOLITAN NASHVILLE POLICE DEPT,20220598928,Davidson,Nashville,11/27/2022 6:11:00 PM,2,1,0,36.167660,-86.778480,JAMES ROBERTSON PKWY,,,,42.00,Feet,East,2ND AVN,,,,0.00,N,Not at Intersection,N,Non-Junction,None,,,         ,Zachary,Cooper,Cloudy,Front to Rear,no,no,no,no,no,False
103493320,THP District 3 - Nashville,322099546,Davidson,Nashville,11/26/2022 12:14:00 PM,2,0,0,36.053540,-86.673020,I 24,,,,0.00,,,,,,,58.45,N,Not at Intersection,N,Non-Junction,None,,,         ,Jason,Murray,Clear,Front to Rear,no,no,no,no,yes,False