master_record_number,agency,agency_tracking_number,county,city,collision_date,vehicles_involved,number_injured,number_dead,latitude,longitude,roadway_name,roadway_suffix,roadway_number,roadway_local_id,distance_from_reference,miles-feet_indicator,direction_from_reference,intersection_road_name,intersection_road_name_suffix,intersection_road_number,intersection_local_id,mile_marker,intersection_indicator,intersect_type,interchange_related_indicator,relation_to_junction,work_zone_type,construction_maintenance_zone,construction_maintenance_zone_location,fatal_case_number,officer_first_name,officer_last_name,weather_condition(s),manner_of_crash,pedestrian,bicycle,scooter,parking,hitrun,mou
103495434,METROPOLITAN NASHVILLE POLICE DEPT,2022-0603248,Davidson,Not in City Limit,11/29/2022 7:08:00 PM,1,0,0,36.363200,-86.784400,GREER RD,,,,1604.00,Feet,South,GREER RD PVTDR,,,,0.00,N,Not at Intersection,N,Non-Junction,None,,,         ,Joshua,Dodge,Rain,Not Collision with Motor Vehicle in Transport,no,no,no,no,no,False
103495497,METROPOLITAN NASHVILLE POLICE DEPT,20220603180,Davidson,Nashville,11/29/2022 6:33:00 PM,2,0,0,36.077310,-86.739120,HARDING PL,,,,282.00,Feet,East,BINKLEY DR,,,,0.00,N,Not at Intersection,N,Non-Junction,None,,,         ,Jacob,Robbins,Rain,Angle,no,no,no,no,no,False
103495519,METROPOLITAN NASHVILLE POLICE DEPT,20220603044,Davidson,Nashville,11/29/2022 4:25:00 PM,2,0,0,36.123010,-86.909250,I 40,,,,0.00,,,,,,,200.30,N,Not at Intersection,N,Non-Junction,None,,,         ,Gael,Sobon,Rain,"Sideswipe, Same Direction",no,no,no,no,yes,False
103495527,METROPOLITAN NASHVILLE POLICE DEPT,20220603376,Davidson,Nashville,11/29/2022 9:16:00 PM,2,0,0,36.176480,-86.645560,LEBANON PKE,,,,3.00,Feet,North,MEDICAL DR,,,,0.00,N,Not at Intersection,N,Non-Junction,None,,,         ,Ryan,Malone,Rain,Angle,no,no,no,no,no,False
103495528,METROPOLITAN NASHVILLE POLICE DEPT,20220603210,Davidson,Nashville,11/29/2022 7:00:00 PM,3,1,0,36.120340,-86.746910,PEACHTREE ST,,,,208.00,Feet,East,WICKSON AV,,,,0.00,N,Not at Intersection,N,Non-Junction,None,,,         ,Andre,Williams,Clear,Front to Rear,no,no,no,no,no,False
103495553,METROPOLITAN NASHVILLE POLICE DEPT,20220603175,Davidson,Nashville,11/29/2022 6:24:00 PM,2,1,0,36.129910,-86.901400,CHARLOTTE PKE,,,,193.00,Feet,West,CABOT DR,,,,0.00,N,Not at Intersection,N,Non-Junction,None,,,         ,Steven,Begley,Rain,Angle,no,no,no,no,no,False
103495558,METROPOLITAN NASHVILLE POLICE DEPT,20220603303,Davidson,Nashville,11/29/2022 8:15:00 PM,2,1,0,36.248050,-86.720330,GALLATIN PKES,,,,0.00,,,DUE WEST AVE,,,,0.00,Y,Four-Way,N,Intersection,None,,,         ,Jacob,Frederick,Clear,Front to Rear,no,no,no,no,yes,False
103495560,METROPOLITAN NASHVILLE POLICE DEPT,20220603397,Davidson,Nashville,11/29/2022 7:00:00 PM,2,0,0,36.038650,-86.647990,I24 E EXT RAMP,,,,0.00,Feet,East,I 24,,,,0.00,N,Not at Intersection, ,Non-Junction,None,,,         ,Jack,Burke,Rain,"Sideswipe, Same Direction",no,no,no,no,no,False
103495563,METROPOLITAN NASHVILLE POLICE DEPT,20220603461,Davidson,Nashville,11/29/2022 9:53:00 PM,1,0,0,36.141970,-86.677710,I 40,,,,0.00,,,,,,,216.00,N,Not at Intersection, ,Entrance/Exit Ramp Related,None,,,         ,Craig,Amabile,Rain,Not Collision with Motor Vehicle in Transport,no,no,no,no,no,False
103495564,METROPOLITAN NASHVILLE POLICE DEPT,20220603479,Davidson,Goodlettsville,11/29/2022 12:00:00 AM,2,0,0,36.287750,-86.725910,I 65,,,,0.00,,,,,,,94.00,N,Not at Intersection, ,Non-Junction,None,,,         ,Thomas,Denenea,Rain,"Sideswipe, Same Direction",no,no,no,no,no,False
103495573,METROPOLITAN NASHVILLE POLICE DEPT,20220603631,Davidson,Nashville,11/29/2022 11:13:00 PM,1,0,0,36.082310,-86.697850,I 24,,,,0.00,,,,,,,56.00,N,Not at Intersection,N,Non-Junction,None,,,         ,Alex,DiBernardo,Rain,Not Collision with Motor Vehicle in Transport,no,no,no,no,no,False
103495575,METROPOLITAN NASHVILLE POLICE DEPT,20220603460,Davidson,Nashville,11/29/2022 12:00:00 AM,3,0,0,36.104870,-86.742120,NOLENSVILLE PKE,,,,145.00,Feet,South,RADNOR ST,,,,0.00,N,Not at Intersection,N,Non-Junction,None,,,         ,Clayton,Cox,Rain,Front to Rear,no,no,no,no,yes,False
103495582,METROPOLITAN NASHVILLE POLICE DEPT,20220603597,Davidson,Nashville,11/29/2022 10:21:00 PM,2,0,0,36.161130,-86.792840,CHARLOTTE AV,,,,53.00,Feet,West,GEORGE L DAVIS BLVD,,,,0.00,N,Not at Intersection, ,Non-Junction,None,,,         ,Matthew,Hogan,Rain,"Sideswipe, Opposite Direction",no,no,no,no,yes,False
103495587,METROPOLITAN NASHVILLE POLICE DEPT,20220603574,Davidson,Nashville,11/29/2022 10:42:00 PM,1,1,0,36.246760,-86.802160,KNIGHT DR,,,,782.00,Feet,North,BRICK CHURCH LN,,,,0.00,N,Not at Intersection,N,Non-Junction,None,,,         ,Tyler,Jordan,"Cloudy, Rain",Not Collision with Motor Vehicle in Transport,no,no,no,no,no,False
103495591,METROPOLITAN NASHVILLE POLICE DEPT,20220-603628,Davidson,Nashville,11/29/2022 11:12:00 PM,1,1,0,36.229670,-86.698540,BRILEY PKWYN,,,,926.00,Feet,South,BRILEY PKWYW,,,,0.00,N,Not at Intersection,N,Non-Junction,None,,,         ,Joshua,McGarvey,Rain,Not Collision with Motor Vehicle in Transport,no,no,no,no,no,False
103495592,METROPOLITAN NASHVILLE POLICE DEPT,20220603570,Davidson,Nashville,11/29/2022 9:13:00 PM,2,0,0,36.145510,-86.626190,BELL RD,,,,3.00,Feet,North,LINCOYA BAY DR,,,,0.00,N,Not at Intersection,N,Non-Junction,None,,,         ,Alex,Mendoza-Aguilera,Rain,Angle,no,no,no,no,yes,False
103495597,METROPOLITAN NASHVILLE POLICE DEPT,20220603748,Davidson,Nashville,11/30/2022 12:06:00 AM,1,0,0,36.141810,-86.672410,I 40,,,,0.00,,,,,,,216.25,N,Not at Intersection,N,Non-Junction,None,,,         ,Patrick,Deau,Rain,Not Collision with Motor Vehicle in Transport,no,no,no,no,yes,False
103495599,METROPOLITAN NASHVILLE POLICE DEPT,20220603379,Davidson,Nashville,11/29/2022 9:19:00 PM,1,0,0,36.096370,-86.643610,SMITH SPRINGS RD,,,,774.00,Feet,West,UNA RECREATION RD,,,,0.00,N,Not at Intersection, ,Non-Junction,None,,,         ,Rami,Rouhi,Rain,Not Collision with Motor Vehicle in Transport,no,no,no,no,no,False
103495601,METROPOLITAN NASHVILLE POLICE DEPT,20220603244,Davidson,Nashville,11/29/2022 7:33:00 PM,3,1,0,36.054520,-86.725230,MCMURRAY DR,,,,29.00,Feet,East,AMALIE DR,,,,0.00,N,Not at Intersection,N,Non-Junction,None,,,         ,Gabriel,Hamilton,"Cloudy, Rain",Front to Rear,no,no,no,no,no,False
103495617,METROPOLITAN NASHVILLE POLICE DEPT,20220603437,Davidson,Nashville,11/29/2022 9:40:00 PM,1,1,0,36.149030,-86.798830,BROADWAY,,,,0.00,,,,,,,0.00,,,N,Non-Junction,None,,,         ,Dakota,Davis,Rain,Not Collision with Motor Vehicle in Transport,no,no,no,no,no,Campus
103495622,METROPOLITAN NASHVILLE POLICE DEPT,20220603604,Davidson,Nashville,11/29/2022 10:50:00 PM,1,0,0,36.083440,-86.689090,EZELL PKE,,,,3.00,Feet,North,ANTIOCH PKE,,,,0.00,N,Not at Intersection,N,Non-Junction,None,,,         ,Autumn,Manning,Rain,Not Collision with Motor Vehicle in Transport,no,no,no,no,no,False
103495626,METROPOLITAN NASHVILLE POLICE DEPT,20220603790,Davidson,Nashville,11/30/2022 12:34:00 AM,1,0,0,36.047080,-86.777110,I 65,,,,0.00,,,,,,,75.25,N,Not at Intersection,N,Non-Junction,None,,,         ,Tony,Mingsing,Rain,Not Collision with Motor Vehicle in Transport,no,no,no,no,no,False
103495628,METROPOLITAN NASHVILLE POLICE DEPT,20220603809,Davidson,Nashville,11/29/2022 10:42:00 PM,2,0,0,36.045420,-86.658750,BELL RD,,,,106.00,Feet,West,I24 W ENT RAMP,,,,0.00,N,Not at Intersection,N,Non-Junction,None,,,         ,Kurt,Lewton,Rain,"Sideswipe, Same Direction",no,no,no,no,yes,False
103495632,METROPOLITAN NASHVILLE POLICE DEPT,20220603921,Davidson,Old Hickory,11/30/2022 12:00:00 AM,1,0,0,36.263960,-86.649720,ELLISTON ST,,,,58.00,Feet,South,DONELSON AV,,,,0.00,N,Not at Intersection,N,Non-Junction,None,,,         ,Nelson,Hemingway,Rain,Not Collision with Motor Vehicle in Transport,no,no,no,yes,yes,False
103495635,METROPOLITAN NASHVILLE POLICE DEPT,20220603822,Davidson,Nashville,11/30/2022 12:00:00 AM,1,1,0,36.120570,-86.727010,I 24,,,,0.00,,,,,,,52.85,N,Not at Intersection,N,Non-Junction,None,,,         ,Jack,Burke,Rain,Not Collision with Motor Vehicle in Transport,no,no,no,no,no,False
103495638,METROPOLITAN NASHVILLE POLICE DEPT,20220603523,Davidson,Nashville,11/29/2022 9:04:00 PM,2,0,0,36.073870,-86.623510,ANDERSON RD,,,,0.00,,,OWENDALE DR,,,,0.00,Y,Four-Way,N,Intersection,None,,,         ,Bridget,Griepentrog,Rain,Front to Rear,no,no,no,no,no,False
103495646,METROPOLITAN NASHVILLE POLICE DEPT,20220603619,Davidson,Nashville,11/29/2022 10:51:00 PM,1,0,0,36.043520,-86.630900,OLD FRANKLIN RD,,,,0.00,Feet,East,MT VIEW RD,,,,0.00,N,Not at Intersection,N,"Driveway, Alley Access, etc",None,,,         ,William,Williams,Rain,Not Collision with Motor Vehicle in Transport,no,no,no,no,no,False
103495648,METROPOLITAN NASHVILLE POLICE DEPT,20220604007,Davidson,Not in City Limit,11/30/2022 12:00:00 AM,1,1,0,36.020350,-86.627410,I 24,,,,0.00,,,,,,,62.00,N,Not at Intersection,N,Non-Junction,None,,,         ,Jack,Burke,Rain,Not Collision with Motor Vehicle in Transport,no,no,no,no,no,False
103495657,METROPOLITAN NASHVILLE POLICE DEPT,20220603708,Davidson,Nashville,11/29/2022 11:38:00 PM,3,1,0,36.189200,-86.775390,I 24,,,,0.00,,,,,,,47.05,N,Not at Intersection,Y,Non-Junction,None,,,         ,Peter,Kinsey,Rain,Other,no,no,no,no,no,False
103495675,METROPOLITAN NASHVILLE POLICE DEPT,20220604084,Davidson,Madison,11/30/2022 3:55:00 AM,1,0,0,36.263240,-86.698270,E OLD HICKORY BLVD,,,,14.00,Feet,East,LOMBARDIA LN,,,,0.00,N,Not at Intersection, ,Non-Junction,None,,,         ,William,Hudson,Clear,Not Collision with Motor Vehicle in Transport,no,no,no,no,no,False
103495699,METROPOLITAN NASHVILLE POLICE DEPT,20220603697,Davidson,Nashville,11/29/2022 7:10:00 PM,2,0,0,36.079400,-86.621830,OWENDALE DR,,,,157.00,Feet,South,LERA JONES DR,,,,0.00,N,Not at Intersection, ,Non-Junction,None,,,         ,Bridget,Griepentrog,Rain,"Sideswipe, Opposite Direction",no,no,no,no,yes,False
103495713,METROPOLITAN NASHVILLE POLICE DEPT,20220604102,Davidson,Antioch,11/30/2022 4:39:00 AM,2,3,0,36.059400,-86.599650,HAMILTON CHURCH RD,,,,640.00,Feet,West,HOBSON PKE,,,,0.00,N,Not at Intersection,Y,Non-Junction,None,,,         ,Lisa,Beck,Cloudy,Angle,no,no,no,no,no,False
103495718,METROPOLITAN NASHVILLE POLICE DEPT,20220604201,Davidson,Not in City Limit,11/30/2022 6:10:00 AM,2,1,0,36.319740,-86.849190,I 24,,,,0.00,,,,,,,36.00,N,Not at Intersection,N,Non-Junction,None,,,         ,Matthew,Jorgensen,Clear,Front to Rear,no,no,no,no,no,False
103495741,METROPOLITAN NASHVILLE POLICE DEPT,20220602856,Davidson,Nashville,11/29/2022 3:05:00 PM,2,2,0,36.175390,-86.758750,MAIN ST,,,,26.00,Feet,East,N 8TH ST,,,,0.00,N,Not at Intersection,N,Non-Junction,None,,,         ,William,Clemons,Rain,Angle,no,no,no,no,no,False
103495742,METROPOLITAN NASHVILLE POLICE DEPT,20220604229,Davidson,Not in City Limit,11/30/2022 5:35:00 AM,1,0,0,36.325900,-86.916050,CLARKSVILLE PKE,,,,290.00,Feet,West,HARPER RD,,,,0.00,N,Not at Intersection, ,Non-Junction,None,,,         ,Jordan,Vrbas,Cloudy,Not Collision with Motor Vehicle in Transport,no,no,no,no,no,False
103495743,METROPOLITAN NASHVILLE POLICE DEPT,20220604313,Davidson,Nashville,11/30/2022 7:18:00 AM,2,0,0,36.138030,-86.805050,BLAKEMORE AV,,,,0.00,,,24TH AVS,,,,0.00,Y,Four-Way, ,Intersection,None,,,         ,Earl,Davis,Clear,Angle,no,no,no,no,no,Campus
103495746,METROPOLITAN NASHVILLE POLICE DEPT,20220604159,Davidson,Antioch,11/30/2022 12:00:00 AM,2,2,0,36.035990,-86.611130,HOBSON PKE,,,,38.00,Feet,North,OLD HICKORY BLVD,,,,0.00,N,Not at Intersection,N,Non-Junction,None,,,         ,Jack,Burke,Rain,"Sideswipe, Opposite Direction",no,no,no,no,no,False
103495753,METROPOLITAN NASHVILLE POLICE DEPT,20220604192,Davidson,Not in City Limit,11/30/2022 6:05:00 AM,2,1,0,36.318370,-86.842400,I 24,,,,0.00,,,,,,,36.40,N,Not at Intersection,N,Non-Junction,None,,,         ,Ryan,Caulfield,Clear,Front to Rear,no,no,no,no,no,False
103495773,METROPOLITAN NASHVILLE POLICE DEPT,20220604386,Davidson,Antioch,11/30/2022 7:51:00 AM,2,2,0,36.037540,-86.610780,HOBSON PKE,,,,611.00,Feet,North,OLD HICKORY BLVD,,,,0.00,N,Not at Intersection,N,Non-Junction,None,,,         ,Joe,Hooper,Clear,Front to Rear,no,no,no,no,no,False
103495794,METROPOLITAN NASHVILLE POLICE DEPT,20220604379,Davidson,Nashville,11/30/2022 7:48:00 AM,1,0,0,36.165590,-86.696890,LEBANON PKE,,,,31.00,Feet,East,DONELSON HILLS DR,,,,0.00,N,Not at Intersection,N,Non-Junction,None,,,         ,Terry,Denton,Clear,Not Collision with Motor Vehicle in Transport,no,no,no,no,no,False
103495795,METROPOLITAN NASHVILLE POLICE DEPT,20220604506,Davidson,Nashville,11/29/2022 10:30:00 PM,2,0,0,36.232930,-86.757180,MAPLEWOOD TRC,,,,430.00,Feet,West,HILLSIDE RD,,,,0.00,N,Not at Intersection,N,Non-Junction,None,,,         ,Jarret,Sonnenberg,Unknown,Unknown,no,no,no,yes,yes,False
103495800,METROPOLITAN NASHVILLE POLICE DEPT,20220604208,Davidson,Nashville,11/30/2022 6:15:00 AM,2,1,0,36.030250,-86.612610,LOGISTICS WAY,,,,0.00,,,OLD HICKORY BLVD,,,,0.00,Y,T-Intersection,N,Intersection,None,,,         ,Leonard,Cato,Clear,Angle,no,no,no,no,no,False
103495818,METROPOLITAN NASHVILLE POLICE DEPT,20220604562,Davidson,Goodlettsville,11/30/2022 9:28:00 AM,1,0,0,36.290130,-86.723290,I 65,,,,0.00,,,,,,,94.20,N,Not at Intersection, ,Non-Junction,None,,,         ,Christopher,Littles,Clear,Not Collision with Motor Vehicle in Transport,no,no,no,no,no,False
103495820,GOODLETTSVILLE POLICE DEPT,22-36249,Davidson,Goodlettsville,11/30/2022 7:45:00 AM,2,0,0,36.322290,-86.712710,STATE HWY 174,,,,172.00,Feet,East,US HWY 31W,,,,0.00,N,Not at Intersection,N,Non-Junction,None,,,         ,George,Henry,Clear,Front to Rear,no,no,no,no,no,False
103495824,GOODLETTSVILLE POLICE DEPT,22-36251,Davidson,Goodlettsville,11/30/2022 7:57:00 AM,3,1,0,36.337950,-86.717530,US HWY 31W,,,,94.00,Feet,South,OLD SPRINGFIELD PIKE,,,,0.00,N,Not at Intersection,N,Non-Junction,None,,,         ,Jeffrey,Petty,Clear,Front to Rear,no,no,no,no,no,False
103495825,METROPOLITAN NASHVILLE POLICE DEPT,20220604264,Davidson,Nashville,11/30/2022 6:52:00 AM,2,1,0,36.088510,-86.650230,MURFREESBORO PKE,,,,205.00,Feet,East,RANSOM PL,,,,0.00,N,Not at Intersection,N,Non-Junction,None,,,         ,Eric,Burford,Clear,Angle,no,no,no,yes,no,False
103495832,METROPOLITAN NASHVILLE POLICE DEPT,20220604519,Davidson,Nashville,11/30/2022 8:56:00 AM,2,0,0,36.145570,-86.776980,I 65,,,,0.00,,,,,,,82.20,N,Not at Intersection, ,Entrance/Exit Ramp Related,None,,,         ,Earl,Davis,Clear,Front to Rear,no,no,no,no,no,False
103495851,METROPOLITAN NASHVILLE POLICE DEPT,20220604485,Davidson,Nashville,11/30/2022 8:42:00 AM,2,1,0,36.070920,-86.635130,MURFREESBORO PKE,,,,467.00,Feet,South,BELL RD,,,,0.00,N,Not at Intersection,N,OtherLocation,None,,,         ,Stanley,Collins,Clear,Not Collision with Motor Vehicle in Transport,no,no,no,yes,no,False
103495854,METROPOLITAN NASHVILLE POLICE DEPT,20220604381,Davidson,Nashville,11/30/2022 7:43:00 AM,2,0,0,36.151800,-86.678310,ELM HILL PKE,,,,387.00,Feet,West,EMERY DR,,,,0.00,N,Not at Intersection,N,Non-Junction,None,,,         ,Michael,Brooks,Clear,Front to Rear,no,no,no,no,no,False
103495855,METROPOLITAN NASHVILLE POLICE DEPT,20220604498,Davidson,Nashville,11/30/2022 8:08:00 AM,1,1,0,36.155240,-86.759990,I40 E ENT RAMP,,,,0.00,,,I 40,,,,0.00,Y,Y-Intersection,Y,Entrance/Exit Ramp Related,None,,,         ,Michael,Brooks,Clear,Not Collision with Motor Vehicle in Transport,no,no,no,no,yes,False
103495864,METROPOLITAN NASHVILLE POLICE DEPT,20220604626,Davidson,Nashville,11/30/2022 8:49:00 AM,2,0,0,36.187930,-86.794360,I 65,,,,0.00,,,,,,,85.45,N,Not at Intersection,N,Non-Junction,None,,,         ,Jordan,Vrbas,Clear,Angle,no,no,no,no,yes,False
103495886,METROPOLITAN NASHVILLE POLICE DEPT,20220604515,Davidson,Nashville,11/30/2022 8:50:00 AM,2,0,0,36.077090,-86.725560,NOLENSVILLE PKE,,,,0.00,,,WALLACE RD,,,,0.00,Y,Four-Way,N,Intersection,None,,,         ,Todd,Watson,Clear,Angle,no,no,no,no,no,False
103495904,METROPOLITAN NASHVILLE POLICE DEPT,20220604557,Davidson,Nashville,11/30/2022 9:10:00 AM,2,0,0,36.121740,-86.750580,I440 E EXT RAMP,,,,0.00,,,NOLENSVILLE PKE,,,,0.00,Y,T-Intersection, ,,None,,,         ,Earl,Davis,,,no,no,no,no,no,False
103495934,METROPOLITAN NASHVILLE POLICE DEPT,20220604765,Davidson,Nashville,11/30/2022 11:29:00 AM,2,1,0,36.155930,-86.629750,STEWARTS FERRY PKE,,,,497.00,Feet,East,I40 W EXT RAMP,,,,0.00,N,Not at Intersection,N,Non-Junction,None,,,         ,Ian,Hammond,Clear,"Sideswipe, Same Direction",no,no,no,no,no,False
103495958,METROPOLITAN NASHVILLE POLICE DEPT,20220604533,Davidson,Nashville,11/30/2022 9:06:00 AM,2,0,0,36.151960,-86.768150,I40 W EXT RAMP,,,,0.00,,,I 40,,,,0.00,Y,Four-Way,N,Entrance/Exit Ramp Related,None,,,         ,Michael,Brooks,Clear,Front to Rear,no,no,no,no,yes,False
103495959,METROPOLITAN NASHVILLE POLICE DEPT,20220604591,Davidson,Nashville,11/30/2022 9:46:00 AM,4,0,0,36.230900,-86.781570,BRICK CHURCH PKE,,,,258.00,Feet,South,EWING LN,,,,0.00,N,Not at Intersection,N,Non-Junction,None,,,         ,Broderick,Jones,Clear,Front to Rear,no,no,no,no,yes,False
103495960,METROPOLITAN NASHVILLE POLICE DEPT,20220604699,Davidson,Nashville,11/27/2022 4:59:00 PM,2,0,0,36.034710,-86.707740,CEDARVIEW DR,,,,132.00,Feet,West,CEDARMONT DR,,,,0.00,N,Not at Intersection, ,Non-Junction,None,,,         ,Timothy,McVey,Unknown,"Sideswipe, Same Direction",no,no,no,no,yes,False
103496022,METROPOLITAN NASHVILLE POLICE DEPT,20220604897,Davidson,Nashville,11/28/2022 5:00:00 PM,2,0,0,36.143900,-86.631770,NOBLE VALLEY DR,,,,493.00,Feet,North,ELM HILL PKE,,,,0.00,N,Not at Intersection,N,Non-Junction,None,,,         ,Michael,Brooks,Unknown,Unknown,no,no,no,no,yes,False
103496026,METROPOLITAN NASHVILLE POLICE DEPT,20220604886,Davidson,Nashville,11/30/2022 12:34:00 PM,1,0,0,36.053230,-86.690210,TUSCULUM RD,,,,126.00,Feet,East,OLD TUSCULUM RD,,,,0.00,N,Not at Intersection,N,Non-Junction,None,,,         ,Christopher,Mikles,Clear,Not Collision with Motor Vehicle in Transport,no,no,no,no,no,False
103496029,METROPOLITAN NASHVILLE POLICE DEPT,20220604796,Davidson,Nashville,11/30/2022 11:50:00 AM,2,0,0,36.190670,-86.763760,EVANSTON AV,,,,0.00,,,LISCHEY AV,,,,0.00,Y,T-Intersection,N,Intersection-Related,None,,,         ,Ian,Wilson,Clear,Front to Rear,no,no,no,no,yes,False
103496039,METROPOLITAN NASHVILLE POLICE DEPT,20220604858,Davidson,Nashville,11/30/2022 12:29:00 PM,2,0,0,36.248050,-86.720330,GALLATIN PKES,,,,0.00,,,DUE WEST AVE,,,,0.00,Y,Four-Way,N,Intersection,None,,,         ,Christopher,Littles,Clear,Angle,no,no,no,no,no,False
103496069,VANDERBILT UNIVERSITY POLICE,20220604800,Davidson,Nashville,11/30/2022 11:20:00 AM,1,0,0,36.146120,-86.804310,WEST SIDE ROW,,,,14.00,Feet,North,VANDERBILT PL PVTDR,,,,0.00,N,Not at Intersection, ,SharedUsePathOrTrail,None,,,         ,Zyaira,Lewis,,Not Collision with Motor Vehicle in Transport,no,no,no,yes,no,Campus
103496079,METROPOLITAN NASHVILLE POLICE DEPT,20220604461,Davidson,Nashville,11/30/2022 8:30:00 AM,2,0,0,36.091970,-86.684990,HARDING PL,,,,112.00,Feet,East,MCGAVOCK PKE,,,,0.00,N,Not at Intersection, ,Non-Junction,None,,,         ,Tyler,Heckaman,Clear,Front to Rear,no,no,no,no,no,False
103496080,METROPOLITAN NASHVILLE POLICE DEPT,20220604753,Davidson,Nashville,11/30/2022 11:05:00 AM,2,0,0,36.167150,-86.779610,3RD AVN,,,,0.00,,,JAMES ROBERTSON PKWY,,,,0.00,Y,Four-Way,N,Intersection,None,,,         ,Shawn,Taylor,Clear,Angle,no,no,no,no,no,False
103496085,TENNESSEE STATE UNIVERSITY ,36693,Davidson,Nashville,11/28/2022 11:15:00 AM,2,0,0,36.165290,-86.826520,33RD AVN,,,,202.00,Feet,North,ALAMEDA ST,,,,0.00,N,Not at Intersection, ,OtherLocation,None,,,         ,Robert,Taylor,Clear,"Sideswipe, Same Direction",no,no,no,yes,no,False
103496105,METROPOLITAN NASHVILLE POLICE DEPT,20220604991,Davidson,Nashville,11/30/2022 1:45:00 PM,1,1,0,36.228030,-86.846260,BRILEY PKWYE,,,,1088.00,Feet,East,BRILEY PKWYW,,,,0.00,N,Not at Intersection,N,Non-Junction,None,,,         ,Jordan,Vrbas,Clear,Not Collision with Motor Vehicle in Transport,no,no,no,no,no,False
103496109,METROPOLITAN NASHVILLE POLICE DEPT,20220604830,Davidson,Nashville,11/30/2022 12:10:00 PM,2,0,0,36.147860,-86.793610,MUSIC SQW,,,,225.00,Feet,South,CHET ATKINS PL,,,,0.00,N,Not at Intersection,N,Non-Junction,None,,,         ,Earl,Davis,Clear,"Sideswipe, Same Direction",no,no,no,no,no,False
103496111,METROPOLITAN NASHVILLE POLICE DEPT,20220604752,Davidson,Nashville,11/30/2022 7:26:00 AM,2,0,0,36.155010,-86.779630,8TH AVS,,,,0.00,Feet,,KOREAN VETERANS BLVD,,,,0.00,Y,Roundabout,N,Intersection,None,,,         ,Phillip,Murphy,Clear,Angle,no,no,no,no,no,False
103496118,METROPOLITAN NASHVILLE POLICE DEPT,20220604907,Davidson,Nashville,11/30/2022 11:15:00 AM,2,0,0,36.157930,-86.791610,14TH AVN,,,,0.00,,,CHURCH ST,,,,0.00,Y,Four-Way,N,Intersection,None,,,         ,Earl,Davis,Clear,Angle,no,no,no,no,yes,False
103496119,METROPOLITAN NASHVILLE POLICE DEPT,20220604997,Davidson,Nashville,11/30/2022 1:44:00 PM,2,0,0,36.134200,-86.727100,I 24,,,,0.00,,,,,,,52.00,N,Not at Intersection,N,Non-Junction,None,,,         ,Todd,Watson,Clear,Front to Rear,no,no,no,no,no,False
103496137,METROPOLITAN NASHVILLE POLICE DEPT,20220604946,Davidson,Nashville,11/30/2022 1:21:00 PM,2,0,0,36.175020,-86.771470,I 24,,,,0.00,,,,,,,48.00,N,Not at Intersection, ,,None,,,         ,Byron,Carter,,,no,no,no,no,no,False
103496144,METROPOLITAN NASHVILLE POLICE DEPT,20220604941,Davidson,Nashville,11/30/2022 12:22:00 PM,2,0,0,36.130640,-86.801810,21ST AVS,,,,45.00,Feet,North,BLAIR BLVD,,,,0.00,N,Not at Intersection,N,OtherLocation,None,,,         ,Earl,Davis,Clear,"Sideswipe, Same Direction",no,no,no,no,yes,False
103496158,METROPOLITAN NASHVILLE POLICE DEPT,20220602701,Davidson,Nashville,11/29/2022 1:15:00 PM,2,0,0,36.172340,-86.797550,REV DR ENOCH JONES BLVD,,,,174.00,Feet,East,11TH AVN,,,,0.00,N,Not at Intersection,N,Non-Junction,None,,,         ,Jean,McCormack,Clear,"Sideswipe, Same Direction",no,no,no,no,yes,False
103496167,METROPOLITAN NASHVILLE POLICE DEPT,20220604967,Davidson,Nashville,11/30/2022 11:51:00 AM,2,0,0,36.109300,-86.808750,BENHAM AV,,,,500.00,Feet,North,GLEN ECHO RD,,,,0.00,N,Not at Intersection, ,,None,,,         ,Earl,Davis,,,no,no,no,no,no,False
103496191,METROPOLITAN NASHVILLE POLICE DEPT,20220605235,Davidson,Nashville,11/30/2022 2:55:00 PM,2,0,0,36.206080,-86.771100,W TRINITY LN,,,,0.00,,,LUCAS LN,,,,0.00,Y,T-Intersection, ,Intersection,None,,,         ,Justen,Ogle,Clear,Front to Rear,no,no,no,no,no,False
103496195,METROPOLITAN NASHVILLE POLICE DEPT,20220605189,Davidson,Nashville,11/30/2022 3:25:00 PM,2,0,0,36.124520,-86.847210,WOODMONT BLVD,,,,209.00,Feet,South,WHITE BRIDGE PKE,,,,0.00,N,Not at Intersection,N,Non-Junction,None,,,         ,Heather,Fox,Clear,Angle,no,no,no,no,no,False
103496205,METROPOLITAN NASHVILLE POLICE DEPT,20220605119,Davidson,Nashville,11/30/2022 1:20:00 PM,2,0,0,36.136700,-86.699370,BRILEY PKWY,,,,201.00,Feet,South,BRILEY PKWYN,,,,0.00,N,Not at Intersection,N,Non-Junction,None,,,         ,Tyler,Hall,Clear,"Sideswipe, Same Direction",yes,no,no,yes,yes,False
103496222,METROPOLITAN NASHVILLE POLICE DEPT,20220605037,Davidson,Nashville,11/30/2022 2:07:00 PM,1,1,0,36.077180,-86.733910,HARDING PL,,,,45.00,Feet,East,OVERCREST DR,,,,0.00,N,Not at Intersection,N,Non-Junction,None,,,         ,Earl,Davis,Clear,Not Collision with Motor Vehicle in Transport,no,no,no,no,no,False