master_record_number,agency,agency_tracking_number,county,city,collision_date,vehicles_involved,number_injured,number_dead,latitude,longitude,roadway_name,roadway_suffix,roadway_number,roadway_local_id,distance_from_reference,miles-feet_indicator,direction_from_reference,intersection_road_name,intersection_road_name_suffix,intersection_road_number,intersection_local_id,mile_marker,intersection_indicator,intersect_type,interchange_related_indicator,relation_to_junction,work_zone_type,construction_maintenance_zone,construction_maintenance_zone_location,fatal_case_number,officer_first_name,officer_last_name,weather_condition(s),manner_of_crash,pedestrian,bicycle,scooter,parking,hitrun,mou
103496263,METROPOLITAN NASHVILLE POLICE DEPT,20220605327,Davidson,Nashville,11/30/2022 4:52:00 PM,2,1,0,36.122000,-86.753520,I 440,,,,0.00,,,I 440,,,,0.00,Y,OTHER,N,Non-Junction,None,,,         ,Steven,Powers,Clear,Front to Rear,no,no,no,no,no,False
103496268,METROPOLITAN NASHVILLE POLICE DEPT,20220605350,Davidson,Nashville,11/30/2022 5:00:00 PM,2,0,0,36.156050,-86.788740,BROADWAY,,,,38.00,Feet,East,GEORGE L DAVIS BLVD,,,,0.00,N,Not at Intersection,N,Non-Junction,None,,,         ,Brent,Morris,Clear,Front to Rear,no,no,no,no,yes,False
103496272,METROPOLITAN NASHVILLE POLICE DEPT,20220605353,Davidson,Nashville,11/30/2022 5:07:00 PM,1,1,0,36.111690,-86.700970,SCHOOL LN,,,,0.00,,,MCGAVOCK PKE,,,,0.00,Y,T-Intersection,N,Intersection,None,,,         ,Joseph,Hurst,Clear,Not Collision with Motor Vehicle in Transport,no,no,no,no,yes,False
103496287,METROPOLITAN NASHVILLE POLICE DEPT,20220605367,Davidson,Not in City Limit,11/30/2022 5:10:00 PM,2,0,0,36.063060,-86.941810,OLD HARDING PKE,,,,343.00,Feet,West,HARPETH PKWYW,,,,0.00,N,Not at Intersection, ,Non-Junction,None,,,         ,James,McDugle,Clear,Front to Rear,no,no,no,no,no,False
103496289,METROPOLITAN NASHVILLE POLICE DEPT,20220605183,Davidson,Nashville,11/30/2022 3:29:00 PM,2,0,0,36.049680,-86.743490,EDMONDSON PKE,,,,2.00,Feet,South,ASHLAWN PL,,,,0.00,N,Not at Intersection, ,Non-Junction,None,,,         ,Eric,Modransky,Clear,Front to Rear,no,no,no,no,no,False
103496298,METROPOLITAN NASHVILLE POLICE DEPT,20220605487,Davidson,Nashville,11/30/2022 6:17:00 PM,2,0,0,36.087930,-86.692610,ANTIOCH PKE,,,,217.00,Feet,North,HARDING PL,,,,0.00,N,Not at Intersection,N,Non-Junction,None,,,         ,Joseph,Hurst,Clear,Front to Rear,no,no,no,no,yes,False
103496300,METROPOLITAN NASHVILLE POLICE DEPT,20220605377,Davidson,Nashville,11/30/2022 5:15:00 PM,2,0,0,36.169990,-86.772710,S 1ST ST,,,,0.00,,,MAIN ST,,,,0.00,Y,Four-Way, ,Intersection,None,,,         ,Daniel,Tomlinson,Clear,Front to Rear,no,no,no,no,no,False
103496301,METROPOLITAN NASHVILLE POLICE DEPT,20220605395,Davidson,Madison,11/30/2022 5:39:00 PM,2,0,0,36.262370,-86.681060,E OLD HICKORY BLVD,,,,0.00,Feet,,RIO VISTA DR,,,,0.00,Y,T-Intersection, ,Intersection-Related,None,,,         ,Kyle,Eicholtz,Clear,Angle,no,no,no,no,no,False
103496307,METROPOLITAN NASHVILLE POLICE DEPT,20220605374,Davidson,Nashville,11/30/2022 5:15:00 PM,2,1,0,36.185640,-86.761470,CLEVELAND ST,,,,154.00,Feet,East,N 6TH ST,,,,0.00,N,Not at Intersection,N,Non-Junction,None,,,         ,Justen,Ogle,Clear,Front to Rear,no,no,no,no,no,False
103496308,VANDERBILT UNIVERSITY POLICE,20220748117,Davidson,Nashville,11/30/2022 5:22:00 PM,3,0,0,36.141200,-86.814560,VANDERBILT PL,,,,30.00,Feet,West,31ST AVS,,,,0.00,N,Not at Intersection, ,Non-Junction,None,,,         ,Zyaira,Lewis,,Rear to Side,no,no,no,no,yes,Campus
103496328,VANDERBILT UNIVERSITY POLICE,20220605329,Davidson,Nashville,11/30/2022 12:00:00 AM,2,0,0,36.141930,-86.800760,MEDICAL CENTER DR,,,,0.00,,,,,,,0.00,,, ,Non-Junction,None,,,         ,James,McDaniel,Unknown,Unknown,no,no,no,yes,yes,Campus
103496350,METROPOLITAN NASHVILLE POLICE DEPT,20220605485,Davidson,Nashville,11/30/2022 6:28:00 PM,2,3,0,36.124560,-86.700030,SATURN DR,,,,0.00,,,VULTEE BLVD,,,,0.00,Y,Four-Way,N,Intersection,None,,,         ,Joshua,Zambrano-Vera,Clear,Angle,no,no,no,no,no,False
103496354,METROPOLITAN NASHVILLE POLICE DEPT,20220605570,Davidson,Nashville,11/30/2022 7:15:00 PM,2,0,0,36.087540,-86.691960,HARDING PL,,,,0.00,,,,,,,0.00,,,N,Intersection-Related,None,,,         ,Joseph,Hurst,Clear,"Sideswipe, Same Direction",no,no,no,no,no,False
103496356,METROPOLITAN NASHVILLE POLICE DEPT,20220605212,Davidson,Nashville,11/30/2022 1:46:00 PM,2,0,0,36.130300,-86.837780,HARDING PKE,,,,0.00,,,CHEROKEE RD,,,,0.00,Y,T-Intersection,N,Intersection-Related,None,,,         ,Andrew,McCarron,Clear,Front to Rear,no,no,no,no,yes,False
103496377,METROPOLITAN NASHVILLE POLICE DEPT,20220605279,Davidson,Nashville,11/30/2022 4:10:00 PM,2,1,0,36.255600,-86.706870,NEELYS BEND RD,,,,118.00,Feet,East,IDLEWILD AV,,,,0.00,N,Not at Intersection,N,Non-Junction,None,,,         ,Samantha,Ramos,Clear,Front to Rear,no,no,no,no,yes,False
103496379,METROPOLITAN NASHVILLE POLICE DEPT,20220605473,Davidson,Nashville,11/30/2022 6:24:00 PM,2,2,0,36.067810,-86.774210,FRANKLIN PKE,,,,117.00,Feet,South,EVANSDALE DR,,,,0.00,N,Not at Intersection,N,Non-Junction,None,,,         ,Tyler,Shanks,Clear,Front to Rear,no,no,no,no,no,False
103496380,METROPOLITAN NASHVILLE POLICE DEPT,20220605586,Davidson,Nashville,11/30/2022 6:14:00 PM,2,2,0,36.120430,-86.750610,MELROSE AV,,,,0.00,,,GRANDVIEW AV,,,,0.00,Y,T-Intersection,N,Intersection,None,,,         ,Steven,Powers,Clear,Angle,no,no,no,no,no,False
103496401,METROPOLITAN NASHVILLE POLICE DEPT,20220605527,Davidson,Nashville,11/30/2022 6:12:00 PM,2,0,0,36.055400,-86.675120,I 24,,,,0.00,,,,,,,58.25,N,Not at Intersection, ,AccelDecelLane,None,,,         ,Forrest,Tucker,Clear,Front to Rear,no,no,no,no,no,False
103496410,METROPOLITAN NASHVILLE POLICE DEPT,20220605457,Davidson,Nashville,11/30/2022 12:00:00 AM,2,1,0,36.198440,-86.620270,LEBANON PKE,,,,0.00,,,OLD HICKORY BLVD,,,,0.00,Y,Four-Way,N,Non-Junction,None,,,         ,Keenan,McCann,Clear,Front to Rear,no,no,no,no,no,False
103496411,METROPOLITAN NASHVILLE POLICE DEPT,20220605536,Davidson,Nashville,11/30/2022 7:00:00 PM,2,2,0,36.075450,-86.729400,EDMONDSON PKE,,,,810.00,Feet,East,MILNER DR,,,,0.00,N,Not at Intersection,N,Non-Junction,None,,,         ,Brady,Reynolds,Clear,Front to Rear,no,no,no,no,no,False
103496421,METROPOLITAN NASHVILLE POLICE DEPT,20220605580,Davidson,Antioch,11/30/2022 6:37:00 PM,2,0,0,36.047840,-86.612050,MURFREESBORO PKE,,,,1284.00,Feet,North,MOUNTAIN SPRINGS RD,,,,0.00,N,Not at Intersection, ,Non-Junction,None,,,         ,Nadine,Klemenz,Clear,"Sideswipe, Same Direction",no,no,no,no,yes,False
103496422,METROPOLITAN NASHVILLE POLICE DEPT,2022-0605670,Davidson,Nashville,11/30/2022 7:21:00 PM,2,0,0,36.110940,-86.745220,THOMPSON LN,,,,0.00,Feet,,NOLENSVILLE PKE,,,,0.00,Y,Four-Way, ,Intersection-Related,None,,,         ,Samuel,Corkins,Clear,"Sideswipe, Opposite Direction",no,no,no,no,yes,False
103496426,METROPOLITAN NASHVILLE POLICE DEPT,20220605385,Davidson,Nashville,11/30/2022 5:30:00 PM,2,2,0,36.106840,-86.744490,MEADE AV,,,,194.00,Feet,North,MORTON AV,,,,0.00,N,Not at Intersection,N,Non-Junction,None,,,         ,Eric,Modransky,Clear,Angle,no,no,no,no,no,False
103496486,METROPOLITAN NASHVILLE POLICE DEPT,20220605699,Davidson,Not in City Limit,11/30/2022 7:37:00 PM,2,1,0,36.263070,-86.711920,STATE RT 45,,,,0.00,Feet,West,GALLATIN PKEN,,,,0.00,N,Not at Intersection,N,Non-Junction,None,,,         ,Brandon,Lopez,Clear,Front to Rear,no,no,no,no,yes,False
103496491,METROPOLITAN NASHVILLE POLICE DEPT,20220605831,Davidson,Nashville,11/30/2022 2:43:00 PM,2,0,0,36.156770,-86.618260,BELL RD,,,,110.00,Feet,West,BELL RD PVTDR,,,,0.00,N,Not at Intersection,N,Non-Junction,None,,,         ,Jeffrey,Palomino-Gonzalez,Clear,Angle,no,no,no,no,yes,False
103496493,METROPOLITAN NASHVILLE POLICE DEPT,20220605662,Davidson,Nashville,11/30/2022 8:20:00 PM,3,4,0,36.033280,-86.641370,I 24,,,,0.00,,,,,,,60.70,N,Not at Intersection,N,Non-Junction,None,,,         ,Nadine,Klemenz,Clear,Front to Rear,no,no,no,no,no,False
103496514,METROPOLITAN NASHVILLE POLICE DEPT,20220605711,Davidson,Nashville,11/30/2022 9:10:00 PM,2,1,0,36.050280,-86.667780,I 24,,,,0.00,,,,,,,58.80,N,Not at Intersection,N,Non-Junction,Construction Zone,Work On Shoulder Or Median,Activity Area,         ,Keith,Parlato,Clear,Front to Rear,no,no,no,no,no,False
103496520,METROPOLITAN NASHVILLE POLICE DEPT,20220605548,Davidson,Nashville,11/30/2022 6:57:00 PM,2,0,0,36.105740,-86.815840,2105 BANDYWOOD DR,,,,139.00,Feet,South,ABBOTT MARTIN RD,,,,0.00,N,Not at Intersection,N,Non-Junction,None,,,         ,Jeremy,Huffine,Clear,Angle,no,no,no,yes,yes,False
103496525,METROPOLITAN NASHVILLE POLICE DEPT,20220605725,Davidson,Nashville,11/30/2022 12:00:00 AM,2,0,0,36.084830,-86.728190,NOLENSVILLE PKE,,,,0.00,,,PARAGON MILLS RD,,,,0.00,Y,Four-Way,Y,Intersection,None,,,         ,Clayton,Cox,Clear,Angle,no,no,no,no,no,False
103496526,METROPOLITAN NASHVILLE POLICE DEPT,20220605427,Davidson,Nashville,11/30/2022 5:48:00 PM,2,0,0,36.210900,-86.775760,I 65,,,,0.00,,,,,,,87.60,N,Not at Intersection, ,Non-Junction,None,,,         ,Joseph,Gonzales,Clear,Front to Rear,no,no,no,no,no,False
103496527,METROPOLITAN NASHVILLE POLICE DEPT,20220605736,Davidson,Nashville,11/30/2022 9:00:00 PM,2,0,0,36.176180,-86.756640,MAIN ST,,,,194.00,Feet,East,S 9TH ST,,,,0.00,N,Not at Intersection, ,,None,,,         ,Jarrett,Ipox,,,no,no,no,no,no,False
103496528,METROPOLITAN NASHVILLE POLICE DEPT,20220605855,Davidson,Antioch,11/30/2022 4:47:00 PM,2,0,0,36.068488,-86.585211,HOBSON,PIKE,SR1,,100.00,Feet,South,SMITH SPRINGS,PKWY,SR2,,0.00,N,Not at Intersection,N,Non-Junction,None,,,         ,William,Williams,Clear,"Sideswipe, Opposite Direction",no,no,no,no,no,False
103496535,METROPOLITAN NASHVILLE POLICE DEPT,20220605773,Davidson,Nashville,11/30/2022 5:00:00 PM,2,0,0,36.183350,-86.748570,GALLATIN AV,,,,0.00,,,W EASTLAND AV,,,,0.00,Y,T-Intersection,Y,Intersection,None,,,         ,Reuben,Hewit,Unknown,Front to Rear,no,no,no,no,yes,False
103496536,METROPOLITAN NASHVILLE POLICE DEPT,20220605584,Davidson,Nashville,11/30/2022 5:30:00 PM,2,0,0,36.045620,-86.706430,OLD HICKORY BLVD,,,,0.00,,,HICKORY VALLEY CONDOS PVTDR,,,,0.00,Y,T-Intersection,N,Intersection-Related,None,,,         ,Abdulkadir,Aden,Clear,Front to Rear,no,no,no,no,no,False
103496537,VANDERBILT UNIVERSITY POLICE,20220604285,Davidson,Nashville,11/30/2022 6:40:00 AM,2,0,0,36.141270,-86.812930,VANDERBILT PL,,,,0.00,,,,,,,0.00,,, ,,None,,,         ,Michael,Walker,,,no,no,no,yes,no,Campus
103496539,METROPOLITAN NASHVILLE POLICE DEPT,20220605972,Davidson,Nashville,11/30/2022 12:00:00 AM,1,0,0,36.154320,-86.742130,LEBANON PKE,,,,0.00,,,FESSLERS LN,,,,0.00,Y,T-Intersection,Y,Intersection,None,,,         ,Jacob,Snyder,Cloudy,Not Collision with Motor Vehicle in Transport,no,no,no,no,yes,False
103496541,METROPOLITAN NASHVILLE POLICE DEPT,20220605779,Davidson,Nashville,11/30/2022 9:15:00 PM,2,0,0,36.174600,-86.803290,14TH AVN,,,,43.00,Feet,South,UNDERWOOD ST,,,,0.00,N,Not at Intersection,N,Non-Junction,None,,,         ,Christopher,Cantrell,Clear,Front to Rear,no,no,no,no,yes,False
103496546,METROPOLITAN NASHVILLE POLICE DEPT,20220605691,Davidson,Nashville,11/30/2022 8:45:00 PM,3,0,0,36.086910,-86.648680,MURFREESBORO PKE,,,,0.00,Feet,,NASHBORO BLVD,,,,0.00,Y,Four-Way,N,Intersection,None,,,         ,Phillip,Burke,Clear,Angle,no,no,no,no,no,False
103496547,METROPOLITAN NASHVILLE POLICE DEPT,20220605929,Davidson,Nashville,11/30/2022 8:30:00 PM,3,0,0,36.045810,-86.667360,CEDAR POINTE PKWY,,,,328.00,Feet,North,BELL RD,,,,0.00,N,Not at Intersection,N,OtherLocation,None,,,         ,Kurt,Lewton,Clear,Angle,no,no,no,no,yes,False
103496568,METROPOLITAN NASHVILLE POLICE DEPT,20220605668,Davidson,Nashville,11/30/2022 7:50:00 PM,2,0,0,36.073900,-86.927240,HIGHWAY 70S,,,,0.00,,,WATERFORD CIR,,,,0.00,Y,T-Intersection,N,Non-Junction,None,,,         ,Gael,Sobon,Clear,Angle,no,no,no,no,yes,False
103496648,METROPOLITAN NASHVILLE POLICE DEPT,20220606164,Davidson,Nashville,12/1/2022 1:08:00 AM,2,1,0,36.134740,-86.784080,WEDGEWOOD AV,,,,0.00,,,HILLSIDE AV,,,,0.00,Y,T-Intersection,Y,Intersection,None,,,         ,Dallas,Johnson,Clear,Angle,no,no,no,no,no,False
103496692,METROPOLITAN NASHVILLE POLICE DEPT,2022-0606417,Davidson,Nashville,12/1/2022 12:00:00 AM,2,1,0,36.109080,-86.671670,DONELSON PKE,,,,233.00,Feet,South,KNAPP BLVD,,,,0.00,N,Not at Intersection,N,Non-Junction,None,,,         ,Joshua,McGarvey,Cloudy,"Sideswipe, Same Direction",no,no,no,no,no,False
103496702,GOODLETTSVILLE POLICE DEPT,22-36332,Davidson,Goodlettsville,12/1/2022 6:15:00 AM,2,0,0,36.324390,-86.703560,LONG HOLLOW PKE,,,,153.00,Feet,East,I65 N EXT RAMP,,,,0.00,N,Not at Intersection, ,Non-Junction,None,,,         ,Benny,Alexander,Clear,Front to Rear,no,no,no,no,no,False
103496712,METROPOLITAN NASHVILLE POLICE DEPT,20220606471,Davidson,Nashville,12/1/2022 5:46:00 AM,2,0,0,36.139560,-86.700310,BRILEY PKWY,,,,17.00,Feet,North,KAREN DR,,,,0.00,N,Not at Intersection, ,Non-Junction,None,,,         ,Joshua,Beauchesne,Clear,"Sideswipe, Same Direction",no,no,no,no,no,False
103496721,METROPOLITAN NASHVILLE POLICE DEPT,20220606483,Davidson,Nashville,12/1/2022 6:40:00 AM,2,0,0,36.086910,-86.648680,MURFREESBORO PKE,,,,0.00,Feet,West,NASHBORO BLVD,,,,0.00,N,Not at Intersection, ,Non-Junction,None,,,         ,Brian,Cavaliere,Clear,Front to Rear,no,no,no,no,no,False
103496725,METROPOLITAN NASHVILLE POLICE DEPT,20220606495,Davidson,Nashville,12/1/2022 6:55:00 AM,2,0,0,36.044890,-86.658540,I 24,,,,0.00,,,,,,,59.45,N,Not at Intersection,N,Non-Junction,None,,,         ,Patrick,Martin,Clear,Front to Rear,no,no,no,no,no,False
103496743,METROPOLITAN NASHVILLE POLICE DEPT,20220606492,Davidson,Nashville,12/1/2022 6:50:00 AM,2,0,0,36.040260,-86.780490,OLD HICKORY BLVD,,,,88.00,Feet,East,I65 N ENT RAMP,,,,0.00,N,Not at Intersection, ,Entrance/Exit Ramp Related,None,,,         ,Brent,Bauer,Cloudy,Angle,no,no,no,no,no,False
103496747,METROPOLITAN NASHVILLE POLICE DEPT,20220606573,Davidson,Nashville,12/1/2022 7:30:00 AM,1,0,0,36.165310,-86.783150,6TH AVN,,,,0.00,,,CHARLOTTE AV,,,,0.00,Y,T-Intersection, ,Intersection,None,,,         ,Shedie,Herbert III,Clear,Not Collision with Motor Vehicle in Transport,no,no,no,no,no,False
103496756,METROPOLITAN NASHVILLE POLICE DEPT,20220606639,Davidson,Nashville,12/1/2022 7:35:00 AM,2,0,0,36.114040,-86.811840,WOODMONT BLVD,,,,139.00,Feet,East,VALLEY BROOK RD,,,,0.00,N,Not at Intersection,N,Non-Junction,None,,,         ,Douglas,Atwood,Cloudy,Angle,no,no,no,no,no,False
103496766,METROPOLITAN NASHVILLE POLICE DEPT,20220606499,Davidson,Nashville,12/1/2022 6:50:00 AM,2,1,0,36.179540,-86.804160,11TH AVN,,,,9.00,Feet,East,ARTHUR AV,,,,0.00,N,Not at Intersection,N,Non-Junction,None,,,         ,Jean,McCormack,Clear,Angle,no,no,no,no,no,False
103496775,METROPOLITAN NASHVILLE POLICE DEPT,20220606545,Davidson,Nashville,12/1/2022 7:20:00 AM,2,1,0,36.176880,-86.776180,COWAN ST,,,,0.00,,,SPRING ST,,,,0.00,Y,Four-Way,N,Intersection,None,,,         ,Byron,Carter,Clear,Front to Rear,no,no,no,no,yes,False
103496790,METROPOLITAN NASHVILLE POLICE DEPT,20220606645,Davidson,Nashville,12/1/2022 8:01:00 AM,2,0,0,36.160690,-86.621510,I 40,,,,0.00,,,,,,,219.55,N,Not at Intersection, ,Non-Junction,None,,,         ,Cameron,Fritschie,Clear,Front to Rear,no,no,no,no,no,False
103496822,METROPOLITAN NASHVILLE POLICE DEPT,20220606797,Davidson,Goodlettsville,12/1/2022 12:00:00 AM,2,0,0,36.293490,-86.702120,GALLATIN PKEN,,,,145.00,Feet,North,ALTA LOMA RD,,,,0.00,N,Not at Intersection,N,Non-Junction,None,,,         ,Mark,Iovine,Clear,Front to Rear,no,no,no,no,yes,False
103496843,METROPOLITAN NASHVILLE POLICE DEPT,20220605666,Davidson,Antioch,11/30/2022 8:01:00 PM,4,0,0,36.016890,-86.619870,OLD HICKORY BLVD,,,,16.00,Feet,North,FIRESTONE PKWY,,,,0.00,N,Not at Intersection,N,Non-Junction,None,,,         ,Andre,Williams,Clear,Angle,no,no,no,no,yes,False
103496845,METROPOLITAN NASHVILLE POLICE DEPT,20220606728,Davidson,Nashville,12/1/2022 8:50:00 AM,3,0,0,36.199190,-86.751890,ELLINGTON PKWYS,,,,236.00,Feet,South,ONEIDA AV,,,,0.00,N,Not at Intersection,N,Non-Junction,None,,,         ,Ryan,Papp,Clear,Front to Rear,no,no,no,no,no,False
103496847,METROPOLITAN NASHVILLE POLICE DEPT,20220606679,Davidson,Nashville,12/1/2022 7:13:00 AM,2,0,0,36.077050,-86.735330,HARDING PL,,,,368.00,Feet,West,OVERCREST DR,,,,0.00,N,Not at Intersection,N,Non-Junction,None,,,         ,Brent,Bauer,Cloudy,"Sideswipe, Same Direction",no,no,no,no,yes,False
103496878,METROPOLITAN NASHVILLE POLICE DEPT,20220606617,Davidson,Nashville,12/1/2022 7:45:00 AM,2,0,0,36.194580,-86.830380,BUENA VISTA PKE,,,,0.00,,,RESHA LN,,,,0.00,Y,T-Intersection, ,Non-Junction,None,,,         ,Isaac,Wood,Clear,Angle,no,no,no,no,no,False
103496879,METROPOLITAN NASHVILLE POLICE DEPT,20220606665,Davidson,Antioch,12/1/2022 7:48:00 AM,2,0,0,36.022810,-86.664690,PETTUS RD,,,,866.00,Feet,South,PRESTON RD,,,,0.00,N,Not at Intersection,N,Non-Junction,None,,,         ,Timothy,McVey,Clear,Angle,no,no,no,no,no,False
103496880,METROPOLITAN NASHVILLE POLICE DEPT,20220606828,Davidson,Nashville,12/1/2022 9:52:00 AM,2,0,0,36.081100,-86.758360,HARDING PL,,,,0.00,,,TROUSDALE DR,,,,0.00,Y,OTHER, ,Non-Junction,None,,,         ,Christopher,Brown,Clear,"Sideswipe, Same Direction",no,no,no,no,no,False
103496883,METROPOLITAN NASHVILLE POLICE DEPT,20220606564,Davidson,Nashville,12/1/2022 6:55:00 AM,2,1,0,36.196590,-86.752500,ELLINGTON PKWYS,,,,75.00,Feet,East,ELLINGTON PKWYN,,,,0.00,N,Not at Intersection,N,Non-Junction,None,,,         ,Jeffery,Leiser,Clear,Front to Rear,no,no,no,no,no,False
103496884,METROPOLITAN NASHVILLE POLICE DEPT,20220606980,Davidson,Nashville,12/1/2022 11:20:00 AM,2,0,0,36.086770,-86.694460,HARDING PL,,,,442.00,Feet,East,METROPLEX DR,,,,0.00,N,Not at Intersection, ,,None,,,         ,Tavin,Emlund,,,no,no,no,no,no,False
103496890,METROPOLITAN NASHVILLE POLICE DEPT,20220606974,Davidson,Nashville,12/1/2022 11:15:00 AM,2,1,0,36.169800,-86.676300,LEBANON PKE,,,,99.00,Feet,West,PARK DR,,,,0.00,N,Not at Intersection,N,Non-Junction,None,,,         ,Larry,Benz,Clear,Angle,no,no,no,no,no,False
103496900,METROPOLITAN NASHVILLE POLICE DEPT,20220606995,Davidson,Nashville,12/1/2022 11:10:00 AM,2,0,0,36.113950,-86.810880,WOODMONT BLVD,,,,0.00,,,HILLSBORO PKE,,,,0.00,Y,Four-Way,N,Intersection,None,,,         ,Richard,Gilbert,Clear,Front to Rear,no,no,no,no,yes,False
103496924,METROPOLITAN NASHVILLE POLICE DEPT,20220606946,Davidson,Nashville,12/1/2022 11:00:00 AM,2,1,0,36.183350,-86.748570,GALLATIN AV,,,,0.00,Feet,East,W EASTLAND AV,,,,0.00,N,Not at Intersection,N,Non-Junction,None,,,         ,Goran,Manojlovic,Clear,Not Collision with Motor Vehicle in Transport,yes,no,no,yes,no,False
103496925,METROPOLITAN NASHVILLE POLICE DEPT,20220606474,Davidson,Nashville,12/1/2022 12:00:00 AM,2,0,0,36.107750,-86.927370,I 40,,,,0.00,,,,,,,198.90,N,Not at Intersection, ,Non-Junction,None,,,         ,Terence,Mitchell,Clear,"Sideswipe, Same Direction",no,no,no,no,yes,False
103496956,METROPOLITAN NASHVILLE POLICE DEPT,20220607027,Davidson,Nashville,12/1/2022 11:25:00 AM,3,0,0,36.233140,-86.758660,MAPLEWOOD TRC,,,,0.00,,,DICKERSON PKE,,,,0.00,Y,Four-Way,N,Intersection,None,,,         ,Ian,Wilson,Clear,Angle,no,no,no,no,no,False
103496960,METROPOLITAN NASHVILLE POLICE DEPT,20220607034,Davidson,Nashville,11/30/2022 2:35:00 PM,2,0,0,36.105810,-86.811300,RICHARD JONES RD,,,,0.00,,,,,,,0.00,,, ,Non-Junction,None,,,         ,Bianca,Crawford,Clear,Rear to Side,no,no,no,yes,yes,False
103496993,METROPOLITAN NASHVILLE POLICE DEPT,2022-0606837,Davidson,Nashville,12/1/2022 12:00:00 AM,2,0,0,36.172770,-86.700560,DEARBORN DR,,,,282.00,Feet,East,GRAEME DR,,,,0.00,N,Not at Intersection,N,Non-Junction,None,,,         ,Frank,Walker,Unknown,Unknown,no,no,no,no,yes,False
103497000,METROPOLITAN NASHVILLE POLICE DEPT,2022-0607073,Davidson,Nashville,12/1/2022 12:25:00 PM,2,2,0,36.156000,-86.798260,18TH AVN,,,,0.00,,,STATE ST,,,,0.00,Y,Four-Way,N,Intersection,None,,,         ,Po,Cheng,Clear,Other,no,no,no,no,no,False
103497007,METROPOLITAN NASHVILLE POLICE DEPT,20220607140,Davidson,Nashville,12/1/2022 1:11:00 PM,2,1,0,36.045630,-86.658520,I24 W ENT RAMP,,,,0.00,Feet,,I 24,,,,0.00,Y,Four-Way,N,Intersection-Related,None,,,         ,Tavin,Emlund,Clear,Angle,no,no,no,no,yes,False
103497016,METROPOLITAN NASHVILLE POLICE DEPT,20220607143,Davidson,Nashville,12/1/2022 12:58:00 PM,2,0,0,36.154710,-86.773120,4TH AVS,,,,0.00,,,LEA AV,,,,0.00,Y,Four-Way,N,Intersection,None,,,         ,Shedie,Herbert III,Clear,Angle,no,no,no,no,no,False
103497024,VANDERBILT UNIVERSITY POLICE,20220607176,Davidson,Nashville,12/1/2022 1:40:00 PM,2,0,0,36.110570,-86.766190,POWELL AV,,,,0.00,,,,,,,0.00,,, ,Non-Junction,None,,,         ,Karl,Haury,Clear,"Sideswipe, Opposite Direction",no,no,no,yes,no,OHO
103497026,BELLE MEADE POLICE DEPT,22-0285,Davidson,Belle Meade,11/26/2022 6:17:00 AM,1,1,0,36.121630,-86.852230,HARDING PKE,,,,364.00,Feet,West,LYNNWOOD BLVD,,,,0.00,N,Not at Intersection,N,Non-Junction,None,,,         ,Katelyn,Cloxton,Rain,Not Collision with Motor Vehicle in Transport,no,no,no,no,no,False
103497033,METROPOLITAN NASHVILLE POLICE DEPT,20220606730,Davidson,Nashville,12/1/2022 8:41:00 AM,2,0,0,36.235100,-86.758320,DICKERSON PKE,,,,0.00,Feet,East,HOMESTEAD RD,,,,0.00,N,Not at Intersection,N,Non-Junction,None,,,         ,Rico,Hunt,Clear,"Sideswipe, Same Direction",no,no,no,no,no,False
103497044,METROPOLITAN NASHVILLE POLICE DEPT,20220607212,Davidson,Nashville,12/1/2022 1:00:00 PM,1,0,0,36.223230,-86.761110,DICKERSON PKE,,,,220.00,Feet,South,SUNSET DR,,,,0.00,N,Not at Intersection,N,OtherLocation,None,,,         ,Ian,Wilson,Clear,Not Collision with Motor Vehicle in Transport,no,no,no,yes,yes,False
103497061,THP District 3 - Nashville,322101073,Davidson,Nashville,12/1/2022 9:50:00 AM,2,0,0,36.080680,-86.696610,I 24,,,,0.00,,,,,,,56.15,N,Not at Intersection,N,Non-Junction,None,,,         ,Matthew,Priest,Clear,Front to Rear,no,no,no,no,no,False
103497071,METROPOLITAN NASHVILLE POLICE DEPT,20220607234,Davidson,Nashville,12/1/2022 12:10:00 PM,2,0,0,36.153130,-86.721620,SPENCE LN,,,,214.00,Feet,South,LEBANON PKE,,,,0.00,N,Not at Intersection,N,Non-Junction,None,,,         ,Patrick,Lancaster,Clear,Unknown,no,no,no,yes,yes,False
103497108,VANDERBILT UNIVERSITY POLICE,20220607193,Davidson,Nashville,12/1/2022 1:21:00 PM,2,0,0,36.142220,-86.806620,25TH AVS,,,,166.00,Feet,South,HIGHLAND AV,,,,0.00,N,Not at Intersection, ,Non-Junction,None,,,         ,Zyaira,Lewis,,HeadOn,no,no,no,yes,no,Campus
103497140,METROPOLITAN NASHVILLE POLICE DEPT,20220607184,Davidson,Nashville,12/1/2022 1:49:00 PM,2,1,0,36.088880,-86.732400,NOLENSVILLE PKE,,,,558.00,Feet,South,ZOO RD,,,,0.00,N,Not at Intersection,N,Non-Junction,None,,,         ,Patrick,Martin,Clear,Front to Rear,no,no,no,no,no,False
103497144,METROPOLITAN NASHVILLE POLICE DEPT,20220607282,Davidson,Nashville,12/1/2022 2:20:00 PM,3,0,0,36.044220,-86.713130,NOLENSVILLE PKE,,,,10.00,Feet,South,BRENTWOOD EAST DR,,,,0.00,N,Not at Intersection,N,Non-Junction,None,,,         ,Richard,Gilbert,Clear,Front to Rear,no,no,no,no,no,False