master_record_number,agency,agency_tracking_number,county,city,collision_date,vehicles_involved,number_injured,number_dead,latitude,longitude,roadway_name,roadway_suffix,roadway_number,roadway_local_id,distance_from_reference,miles-feet_indicator,direction_from_reference,intersection_road_name,intersection_road_name_suffix,intersection_road_number,intersection_local_id,mile_marker,intersection_indicator,intersect_type,interchange_related_indicator,relation_to_junction,work_zone_type,construction_maintenance_zone,construction_maintenance_zone_location,fatal_case_number,officer_first_name,officer_last_name,weather_condition(s),manner_of_crash,pedestrian,bicycle,scooter,parking,hitrun,mou
103497173,METROPOLITAN NASHVILLE POLICE DEPT,20220607266,Davidson,Nashville,12/1/2022 2:33:00 PM,2,1,0,36.088260,-86.731700,NOLENSVILLE PKE,,,,666.00,Feet,North,ELYSIAN FIELDS CT,,,,0.00,N,Not at Intersection,N,"Driveway, Alley Access, etc",None,,,         ,Patrick,Martin,Clear,Angle,no,no,no,no,no,False
103497176,METROPOLITAN NASHVILLE POLICE DEPT,20220607255,Davidson,Nashville,12/1/2022 1:43:00 PM,2,0,0,36.173590,-86.602150,CENTRAL PKE,,,,0.00,,,OLD HICKORY BLVD,,,,0.00,Y,Four-Way,N,Intersection-Related,None,,,         ,Katelyn,Argeroplos,Clear,Front to Rear,no,no,no,no,yes,False
103497212,METROPOLITAN NASHVILLE POLICE DEPT,20220607366,Davidson,Nashville,12/1/2022 3:33:00 PM,2,0,0,36.125150,-86.742420,FOSTER AV,,,,84.00,Feet,South,GLENROSE AV,,,,0.00,N,Not at Intersection,N,Non-Junction,None,,,         ,Justin,Ramos,Clear,Front to Rear,no,no,no,no,no,False
103497214,METROPOLITAN NASHVILLE POLICE DEPT,20220607424,Davidson,Nashville,12/1/2022 4:04:00 PM,2,1,0,36.121710,-86.759400,I 440,,,,0.00,,,I 440,,,,0.00,Y,OTHER,N,Non-Junction,None,,,         ,Steven,Powers,Clear,Front to Rear,no,no,no,no,no,False
103497218,METROPOLITAN NASHVILLE POLICE DEPT,20220607328,Davidson,Nashville,12/1/2022 1:50:00 PM,2,0,0,36.229330,-86.758460,BROADMOOR DR,,,,242.00,Feet,East,DICKERSON PKE,,,,0.00,N,Not at Intersection,N,Non-Junction,None,,,         ,Adam,Warren,Clear,Angle,no,no,no,yes,yes,False
103497231,Nashville Airport Police,2022-05089,Davidson,Nashville,11/30/2022 12:00:00 AM,1,0,0,36.135920,-86.663600,DONELSON PKE N ENT RAMP,,,,0.00,,,DONELSON PKE,,,,0.00,Y,OTHER,N,Entrance/Exit Ramp Related,None,,,         ,Chevy,Estes,Clear,Not Collision with Motor Vehicle in Transport,no,no,no,no,no,False
103497232,METROPOLITAN NASHVILLE POLICE DEPT,20220607399,Davidson,Nashville,12/1/2022 3:00:00 PM,2,0,0,36.169160,-86.681600,LEBANON PKE,,,,239.00,Feet,East,FAIRWAY DR,,,,0.00,N,Not at Intersection,N,Non-Junction,None,,,         ,Evan,Grace,Clear,Front to Rear,no,no,no,no,yes,False
103497244,METROPOLITAN NASHVILLE POLICE DEPT,20220607428,Davidson,Nashville,12/1/2022 12:35:00 PM,2,0,0,36.149840,-86.706500,ELM TREE DR,,,,0.00,,,,,,,0.00,,,N,Non-Junction,None,,,         ,Brandon,Chapman,Clear,"Sideswipe, Opposite Direction",no,no,no,no,yes,False
103497273,METROPOLITAN NASHVILLE POLICE DEPT,20220607456,Davidson,Not in City Limit,12/1/2022 4:17:00 PM,2,1,0,36.261160,-86.757650,TUCKAHOE DR,,,,11.00,Feet,West,DICKERSON PKE,,,,0.00,N,Not at Intersection,N,Non-Junction,None,,,         ,Joshua,Dodge,Clear,Angle,no,no,no,no,yes,False
103497276,METROPOLITAN NASHVILLE POLICE DEPT,20220607562,Davidson,Nashville,12/1/2022 5:16:00 PM,2,0,0,36.110560,-86.767000,POWELL AV,,,,149.00,Feet,South,OLD POWELL AV,,,,0.00,N,Not at Intersection,N,OtherLocation,None,,,         ,Steven,Powers,Clear,Angle,no,no,no,yes,yes,False
103497279,METROPOLITAN NASHVILLE POLICE DEPT,20220607458,Davidson,Nashville,12/1/2022 4:20:00 PM,2,2,0,36.088690,-86.732180,NOLENSVILLE PKE,,,,652.00,Feet,South,ZOO RD,,,,0.00,N,Not at Intersection,N,Non-Junction,None,,,         ,Dylan,Chambers,Clear,Front to Rear,no,no,no,no,no,False
103497283,METROPOLITAN NASHVILLE POLICE DEPT,20220607490,Davidson,Nashville,12/1/2022 4:39:00 PM,2,1,0,36.187730,-86.686470,STONES RIVER GRNWY,,,,0.00,,,WAVE COUNTRY PVTDR,,,,0.00,Y,OTHER,N,Non-Junction,None,,,         ,Evan,Grace,Clear,Front to Rear,no,no,no,no,no,False
103497291,METROPOLITAN NASHVILLE POLICE DEPT,20220607524,Davidson,Nashville,12/1/2022 2:44:00 PM,2,0,0,36.183650,-86.797970,ROSA L PARKS BLVD,,,,54.00,Feet,North,I65 N EXT RAMP,,,,0.00,N,Not at Intersection, ,Entrance/Exit Ramp Related,None,,,         ,Kyle,Eaton,Clear,Angle,no,no,no,no,no,False
103497302,THP District 3 - Nashville,322101152,Davidson,Nashville,12/1/2022 1:50:00 PM,2,0,0,36.153860,-86.757120,I 40,,,,0.00,,,,,,,211.10,N,Not at Intersection, ,Non-Junction,None,,,         ,Lennart,Schaaf,Clear,Front to Rear,no,no,no,no,no,False
103497304,THP District 3 - Nashville,322101241,Davidson,Nashville,12/1/2022 4:31:00 PM,2,1,0,36.170450,-86.805570,I 40,,,,0.00,,,,,,,207.35,N,Not at Intersection,N,Non-Junction,None,,,         ,Lennart,Schaaf,Clear,Front to Rear,no,no,no,no,no,False
103497306,VANDERBILT UNIVERSITY POLICE,20220604710,Davidson,Nashville,11/30/2022 10:41:00 AM,2,0,0,36.107610,-86.765330,POWELL AV,,,,527.00,Feet,North,POWELL PL,,,,0.00,N,Not at Intersection, ,OtherLocation,None,,,         ,Anthony,Jones,Clear,Angle,no,no,no,yes,no,False
103497308,METROPOLITAN NASHVILLE POLICE DEPT,20220607641,Davidson,Nashville,12/1/2022 12:00:00 AM,2,0,0,36.215070,-86.590040,LEBANON PKE,,,,465.00,Feet,West,ANDREW JACKSON PKWY,,,,0.00,N,Not at Intersection,N,Non-Junction,None,,,         ,Esther,Poysti,Clear,Angle,no,no,no,no,yes,False
103497309,METROPOLITAN NASHVILLE POLICE DEPT,20220607516,Davidson,Nashville,12/1/2022 4:50:00 PM,2,0,0,36.206730,-86.719830,MCGAVOCK PKE,,,,319.00,Feet,East,HIDDEN TERRACE CT,,,,0.00,N,Not at Intersection, ,Non-Junction,None,,,         ,Trevor,Jones,Clear,Front to Rear,no,no,no,no,no,False
103497312,METROPOLITAN NASHVILLE POLICE DEPT,20220607365,Davidson,Nashville,12/1/2022 3:30:00 PM,1,0,0,36.173950,-86.784050,JUNIOR GILLIAM WAY,,,,0.00,,,3RD AVN,,,,0.00,Y,Four-Way, ,Intersection,Work Zone,,,         ,Daniel,Tomlinson,Clear,Not Collision with Motor Vehicle in Transport,no,no,no,no,no,False
103497327,METROPOLITAN NASHVILLE POLICE DEPT,20220607560,Davidson,Antioch,12/1/2022 5:17:00 PM,2,1,0,36.013040,-86.620890,I24 E EXT RAMP,,,,0.00,Feet,East,I 24,,,,0.00,N,Not at Intersection,N,Non-Junction,None,,,         ,Brandon,Simpkins,Clear,Front to Rear,no,no,no,no,no,False
103497333,METROPOLITAN NASHVILLE POLICE DEPT,20220607627,Davidson,Nashville,12/1/2022 5:27:00 PM,2,0,0,36.164810,-86.763660,I 24,,,,0.00,,,,,,,49.10,N,Not at Intersection, ,Non-Junction,None,,,         ,David,Snowden,Clear,"Sideswipe, Same Direction",no,no,no,no,no,False
103497344,METROPOLITAN NASHVILLE POLICE DEPT,20220607585,Davidson,Nashville,12/1/2022 5:08:00 PM,2,0,0,36.167810,-86.814570,I40 E EXT RAMP,,,,0.00,Feet,East,I 40,,,,0.00,N,Not at Intersection, ,Non-Junction,None,,,         ,Lucas,Thomas,Clear,Front to Rear,no,no,no,no,no,False
103497346,METROPOLITAN NASHVILLE POLICE DEPT,20220607625,Davidson,Nashville,12/1/2022 5:44:00 PM,2,1,0,36.172250,-86.650170,LEBANON PKE,,,,240.00,Feet,West,NAVE CT,,,,0.00,N,Not at Intersection,N,Non-Junction,None,,,         ,Stephen,Sciolinos,Clear,Front to Rear,no,no,no,no,yes,False
103497396,METROPOLITAN NASHVILLE POLICE DEPT,20220607811,Davidson,Not in City Limit,12/1/2022 5:05:00 PM,2,0,0,35.990070,-86.626220,BATTLE RD,,,,0.00,Feet,,BURKITT RD,,,,0.00,Y,T-Intersection, ,Intersection,None,,,         ,Nadine,Klemenz,Clear,Angle,no,no,no,no,no,False
103497398,METROPOLITAN NASHVILLE POLICE DEPT,20220607608,Davidson,Nashville,12/1/2022 5:35:00 PM,2,1,0,36.250320,-86.741290,I 65,,,,0.00,,,,,,,91.20,N,Not at Intersection,N,Non-Junction,None,,,         ,Samantha,Ramos,Clear,Front to Rear,no,no,no,no,no,False
103497419,METROPOLITAN NASHVILLE POLICE DEPT,20220607635,Davidson,Nashville,12/1/2022 5:55:00 PM,2,0,0,36.184670,-86.758280,CLEVELAND ST,,,,0.00,Feet,,N 9TH ST,,,,0.00,Y,Four-Way, ,Intersection-Related,None,,,         ,Benjamin,Kopriva,Clear,"Sideswipe, Same Direction",no,no,no,no,no,False
103497426,METROPOLITAN NASHVILLE POLICE DEPT,20220607535,Davidson,Nashville,12/1/2022 5:01:00 PM,2,0,0,36.246150,-86.779270,CHESAPEAKE DR,,,,0.00,,,BRICK CHURCH PKE,,,,0.00,Y,T-Intersection,N,Non-Junction,None,,,         ,Amanda,Topping,Clear,Angle,no,no,no,no,no,False
103497427,METROPOLITAN NASHVILLE POLICE DEPT,20220607632,Davidson,Nashville,12/1/2022 5:50:00 PM,2,0,0,36.247680,-86.778020,VILLAGE TRL,,,,0.00,,,BRICK CHURCH PKE,,,,0.00,Y,T-Intersection,N,Non-Junction,None,,,         ,Amanda,Topping,Clear,Angle,no,no,no,no,yes,False
103497455,METROPOLITAN NASHVILLE POLICE DEPT,20220607824,Davidson,Nashville,12/1/2022 4:45:00 PM,2,0,0,36.169440,-86.806900,JEFFERSON ST,,,,82.00,Feet,West,DR D B TODD JR BLVD,,,,0.00,N,Not at Intersection,N,Non-Junction,None,,,         ,Kyle,Eaton,Clear,Angle,no,no,no,no,yes,False
103497472,METROPOLITAN NASHVILLE POLICE DEPT,20220607860,Davidson,Not in City Limit,12/1/2022 8:05:00 PM,2,0,0,36.321020,-86.867890,EATONS CREEK RD,,,,126.00,Feet,West,GIFFORD PL,,,,0.00,N,Not at Intersection,N,Non-Junction,None,,,         ,Alex,Mann,Clear,Angle,no,no,no,no,no,False
103497482,METROPOLITAN NASHVILLE POLICE DEPT,20220607547,Davidson,Nashville,12/1/2022 5:10:00 PM,3,3,0,36.243960,-86.747790,I 65,,,,0.00,,,,,,,90.65,N,Not at Intersection,N,Non-Junction,None,,,         ,Angel,Vidrios,Clear,Front to Rear,no,no,no,no,no,False
103497494,METROPOLITAN NASHVILLE POLICE DEPT,20220607804,Davidson,Nashville,12/1/2022 5:20:00 PM,2,0,0,36.059960,-86.672110,BLUE HOLE RD,,,,0.00,,,ANTIOCH PKE,,,,0.00,Y,T-Intersection, ,Intersection,None,,,         ,Keith,Parlato,Clear,Angle,no,no,no,no,no,False
103497520,METROPOLITAN NASHVILLE POLICE DEPT,20220607854,Davidson,Nashville,12/1/2022 7:40:00 PM,4,0,0,36.249390,-86.719410,E PALESTINE AV,,,,0.00,Feet,East,GALLATIN PKES,,,,0.00,N,Not at Intersection,N,Non-Junction,None,,,         ,Samantha,Ramos,Clear,Front to Rear,no,no,no,no,no,False
103497524,METROPOLITAN NASHVILLE POLICE DEPT,2022067726,Davidson,Nashville,12/1/2022 3:30:00 PM,2,0,0,36.243890,-86.756580,SKYLINE MEMORIAL CT,,,,0.00,,,DICKERSON PKE,,,,0.00,Y,Four-Way, ,Non-Junction,None,,,         ,Kendric,Catron,Clear,Front to Rear,no,no,no,no,yes,False
103497528,METROPOLITAN NASHVILLE POLICE DEPT,20220607999,Davidson,Nashville,12/1/2022 9:40:00 PM,2,0,0,36.109590,-86.770430,I 65,,,,0.00,,,,,,,79.75,N,Not at Intersection,N,Non-Junction,None,,,         ,Ricardo,Cruz,Clear,Front to Rear,no,no,no,no,yes,False
103497609,METROPOLITAN NASHVILLE POLICE DEPT,20220608315,Davidson,Nashville,12/2/2022 12:02:00 AM,1,0,0,36.154480,-86.759250,I40 E ENT RAMP,,,,0.00,Feet,East,I 40,,,,0.00,N,Not at Intersection,N,Non-Junction,None,,,         ,Kevin,Steiner,Cloudy,Not Collision with Motor Vehicle in Transport,no,no,no,no,no,False
103497692,METROPOLITAN NASHVILLE POLICE DEPT,20220608505,Davidson,Nashville,12/2/2022 12:00:00 AM,1,1,0,36.112520,-86.746070,NOLENSVILLE PKE,,,,73.00,Feet,South,MCCLAIN AV,,,,0.00,N,Not at Intersection,N,Non-Junction,None,,,         ,John,Braxton,Clear,Not Collision with Motor Vehicle in Transport,no,no,no,no,no,False
103497698,METROPOLITAN NASHVILLE POLICE DEPT,20220608591,Davidson,Nashville,12/2/2022 4:40:00 AM,2,0,0,36.077150,-86.734090,OVERCREST DR,,,,0.00,,,HARDING PL,,,,0.00,Y,T-Intersection,Y,Intersection,None,,,         ,Ricardo,Cruz,Clear,Angle,no,no,no,no,yes,False
103497718,METROPOLITAN NASHVILLE POLICE DEPT,20220608494,Davidson,Nashville,12/2/2022 2:23:00 AM,2,1,0,36.129930,-86.715260,MURFREESBORO PKE,,,,231.00,Feet,West,MILLWOOD DR,,,,0.00,N,Not at Intersection,N,Non-Junction,None,,,         ,Mario,Diaz,Clear,Angle,no,no,no,no,no,False
103497795,METROPOLITAN NASHVILLE POLICE DEPT,20220608789,Davidson,Nashville,12/2/2022 7:33:00 AM,2,0,0,36.141940,-86.674260,I 40,,,,0.00,,,,,,,216.15,N,Not at Intersection, ,Non-Junction,Construction Zone,,,         ,Ronald,Bright,Rain,"Sideswipe, Same Direction",no,no,no,no,no,False
103497796,METROPOLITAN NASHVILLE POLICE DEPT,20220608735,Davidson,Nashville,12/2/2022 7:12:00 AM,2,0,0,36.087970,-86.692630,ANTIOCH PKE,,,,232.00,Feet,North,HARDING PL,,,,0.00,N,Not at Intersection, ,Non-Junction,None,,,         ,Benjamin,Tasto,"Cloudy, Rain",Rear to Rear,no,no,no,yes,no,False
103497802,METROPOLITAN NASHVILLE POLICE DEPT,20220608836,Davidson,Nashville,12/2/2022 7:59:00 AM,2,0,0,36.127180,-86.707440,THOMPSON PL,,,,58.00,Feet,West,PATRICIA DR,,,,0.00,N,Not at Intersection, ,Non-Junction,None,,,         ,Joshua,Beauchesne,Clear,Front to Rear,no,no,no,no,yes,False
103497808,METROPOLITAN NASHVILLE POLICE DEPT,20220608754,Davidson,Nashville,12/2/2022 7:02:00 AM,2,0,0,36.140150,-86.728160,I 24,,,,0.00,,,,,,,51.40,N,Not at Intersection,N,Non-Junction,None,,,         ,Cameron,Fritschie,Clear,"Sideswipe, Same Direction",no,no,no,no,yes,False
103497825,METROPOLITAN NASHVILLE POLICE DEPT,20220608820,Davidson,Nashville,12/2/2022 7:40:00 AM,2,0,0,36.023840,-86.630880,I 24,,,,0.00,,,,,,,61.70,N,Not at Intersection, ,Non-Junction,None,,,         ,Dennis,Diesel,Clear,Front to Rear,no,no,no,no,no,False
103497848,METROPOLITAN NASHVILLE POLICE DEPT,20220608850,Davidson,Nashville,12/2/2022 8:00:00 AM,2,3,0,36.180930,-86.773900,DICKERSON PKE ENT RAMP,,,,0.00,Feet,,I 24,,,,0.00,Y,Four-Way,N,Intersection-Related,None,,,         ,Ryan,Papp,Clear,Angle,no,no,no,no,no,False
103497855,METROPOLITAN NASHVILLE POLICE DEPT,20220608791,Davidson,Not in City Limit,12/2/2022 7:30:00 AM,2,0,0,36.252730,-86.969420,LITTLE MARROWBONE RD,,,,0.00,,,,,,,0.00,,,N,Non-Junction,None,,,         ,Chase,Harriman,Clear,Rear to Rear,no,no,no,yes,no,False
103497861,THP District 3 - Nashville,322100805,Davidson,Nashville,11/30/2022 2:45:00 PM,2,1,0,36.140870,-86.817430,WEST END AV,,,,0.00,,,ACKLEN PARK DR,,,,0.00,Y,T-Intersection,N,Intersection-Related,None,,,         ,Nicholas,Lang,Clear,Front to Rear,no,no,no,no,no,False
103497868,METROPOLITAN NASHVILLE POLICE DEPT,20220607658,Davidson,Nashville,12/1/2022 6:13:00 PM,2,2,0,36.074740,-86.920110,HIGHWAY 70S,,,,43.00,Feet,West,BELLE FOREST SHOPPING CENTER P,,,,0.00,N,Not at Intersection,N,Non-Junction,None,,,         ,Terence,Mitchell,Clear,Angle,no,no,no,no,no,False
103497885,METROPOLITAN NASHVILLE POLICE DEPT,20220608899,Davidson,Nashville,12/2/2022 5:36:00 AM,1,1,0,36.151970,-86.848570,CHARLOTTE AV,,,,0.00,,,51ST AVN,,,,0.00,Y,Four-Way,N,Intersection,None,,,         ,Cory,Bean,Clear,Not Collision with Motor Vehicle in Transport,yes,no,no,no,yes,False
103497886,METROPOLITAN NASHVILLE POLICE DEPT,20220608940,Davidson,Nashville,12/2/2022 7:39:00 AM,1,0,0,36.116505,-86.798416,,,I440 W,,0.00,,West,,,,,3.00,N,Not at Intersection,N,Non-Junction,None,,,         ,Michael,Do,Cloudy,Not Collision with Motor Vehicle in Transport,no,no,no,no,no,False
103497891,METROPOLITAN NASHVILLE POLICE DEPT,20220608954,Davidson,Nashville,12/2/2022 9:11:00 AM,2,0,0,36.206320,-86.768390,US HWY 31W,,,,143.00,Feet,North,E TRINITY LN,,,,0.00,N,Not at Intersection,N,Non-Junction,None,,,         ,Wesley,Young,Clear,Angle,no,no,no,no,no,False
103497915,METROPOLITAN NASHVILLE POLICE DEPT,20220608992,Davidson,Nashville,12/2/2022 9:28:00 AM,1,0,0,36.162230,-86.774360,1ST AVS,,,,0.00,,,BROADWAY,,,,0.00,Y,T-Intersection, ,Intersection,None,,,         ,Michael,Douglas,Cloudy,Not Collision with Motor Vehicle in Transport,no,no,no,no,no,False
103497919,METROPOLITAN NASHVILLE POLICE DEPT,20220609069,Davidson,Nashville,12/2/2022 10:07:00 AM,2,0,0,36.144980,-86.766550,CHESTNUT ST,,,,10.00,Feet,East,4TH AVS,,,,0.00,N,Not at Intersection, ,,None,,,         ,Bianca,Crawford,,,no,no,no,no,no,False
103497921,METROPOLITAN NASHVILLE POLICE DEPT,20220609066,Davidson,Nashville,12/2/2022 10:10:00 AM,2,0,0,36.202250,-86.776850,I 65,,,,0.00,,,,,,,87.00,N,Not at Intersection,N,Non-Junction,None,,,         ,Chase,Harriman,Cloudy,Front to Rear,no,no,no,no,yes,False
103497922,METROPOLITAN NASHVILLE POLICE DEPT,20220609185,Davidson,Nashville,12/2/2022 10:02:00 AM,1,0,0,36.199920,-86.825360,BUENA VISTA PKE,,,,345.00,Feet,East,MATTIE ST,,,,0.00,N,Not at Intersection,N,"Driveway, Alley Access, etc",None,,,         ,Ronald,Bright,Cloudy,Not Collision with Motor Vehicle in Transport,no,no,no,yes,no,False
103497923,METROPOLITAN NASHVILLE POLICE DEPT,20220609105,Davidson,Nashville,12/2/2022 10:30:00 AM,1,1,0,36.172630,-86.769830,INTERSTATE DR,,,,0.00,,,HOWERTON ST,,,,0.00,Y,T-Intersection,N,Non-Junction,None,,,         ,Garrett,Short,Clear,Not Collision with Motor Vehicle in Transport,yes,no,no,no,no,False
103497927,METROPOLITAN NASHVILLE POLICE DEPT,20220609197,Davidson,Nashville,12/2/2022 10:53:00 AM,2,0,0,36.184070,-86.798380,I 65,,,,0.00,,,,,,,85.10,N,Not at Intersection, ,Non-Junction,None,,,         ,Zachary,Akers,Cloudy,"Sideswipe, Same Direction",no,no,no,no,no,False
103497929,METROPOLITAN NASHVILLE POLICE DEPT,20220608665,Davidson,Nashville,12/2/2022 6:20:00 AM,3,0,0,36.180290,-86.771160,TREUTLAND AV,,,,186.00,Feet,East,N 2ND ST,,,,0.00,N,Not at Intersection,N,Non-Junction,None,,,         ,Miranda,Vaughn,Cloudy,Angle,no,no,no,no,no,False
103497968,METROPOLITAN NASHVILLE POLICE DEPT,20220609202,Davidson,Nashville,12/2/2022 11:32:00 AM,2,0,0,36.193660,-86.831220,CLARKSVILLE PKE,,,,0.00,,,BUENA VISTA PKE,,,,0.00,Y,Four-Way, ,Intersection-Related,Construction Zone,,,         ,Ryan,Caulfield,Cloudy,Front to Rear,no,no,no,no,no,False
103497973,METROPOLITAN NASHVILLE POLICE DEPT,20220609160,Davidson,Nashville,12/2/2022 11:00:00 AM,2,0,0,36.134020,-86.726920,I24E,,,,54.00,Feet,East,I24 E ENT RAMP,,,,0.00,N,Not at Intersection,N,Non-Junction,None,,,         ,Ashley,Kelley,Clear,Front to Rear,no,no,no,no,no,False
103497974,METROPOLITAN NASHVILLE POLICE DEPT,20220609137,Davidson,Nashville,12/2/2022 10:30:00 AM,1,0,0,36.150790,-86.877350,HENRY FORD DR,,,,0.00,,,,,,,0.00,,,N,Non-Junction,None,,,         ,Cory,Bean,Cloudy,Not Collision with Motor Vehicle in Transport,no,no,no,no,no,False
103498019,METROPOLITAN NASHVILLE POLICE DEPT,20220609232,Davidson,Nashville,12/2/2022 11:39:00 AM,2,1,0,36.037400,-86.786570,FRANKLIN PKE,,,,0.00,Feet,East,OLD HICKORY BLVD,,,,0.00,N,Not at Intersection,N,Non-Junction,None,,,         ,Michael,Do,Cloudy,"Sideswipe, Opposite Direction",no,no,no,no,no,False
103498033,METROPOLITAN NASHVILLE POLICE DEPT,20220609322,Davidson,Nashville,12/2/2022 1:00:00 PM,2,0,0,36.252840,-86.717060,GALLATIN PKES,,,,156.00,Feet,South,MADISON SQ,,,,0.00,N,Not at Intersection, ,,None,,,         ,Brian,Otto,,,no,no,no,no,no,False
103498077,METROPOLITAN NASHVILLE POLICE DEPT,20220609212,Davidson,Nashville,12/2/2022 11:30:00 AM,2,0,0,36.122410,-86.775810,FRANKLIN PKE,,,,0.00,,,HORNER AV,,,,0.00,Y,T-Intersection,N,Intersection-Related,None,,,         ,Christopher,Brown,Cloudy,Angle,no,no,no,no,no,False
103498141,METROPOLITAN NASHVILLE POLICE DEPT,20220609357,Davidson,Nashville,12/2/2022 1:20:00 PM,2,1,0,36.151060,-86.854180,CHARLOTTE AV,,,,24.00,Feet,West,RICHLAND CREEK SHOPPING CENTER,,,,0.00,N,Not at Intersection,N,Non-Junction,None,,,         ,Cory,Bean,Cloudy,Front to Rear,no,no,no,no,yes,False
103498193,METROPOLITAN NASHVILLE POLICE DEPT,20220609451,Davidson,Nashville,12/2/2022 2:11:00 PM,1,0,0,36.065320,-86.685420,I 24,,,,0.00,,,,,,,57.35,N,Not at Intersection, ,Non-Junction,None,,,         ,Christopher,Mikles,Cloudy,Not Collision with Motor Vehicle in Transport,no,no,no,no,no,False
103498209,METROPOLITAN NASHVILLE POLICE DEPT,20220609349,Davidson,Nashville,12/2/2022 12:12:00 PM,2,0,0,36.158850,-86.845060,MICHIGAN AV,,,,0.00,,,48TH AVN,,,,0.00,Y,Four-Way,N,Intersection,None,,,         ,Nickolas,Andrews,Cloudy,Angle,no,no,no,no,no,False
103498215,METROPOLITAN NASHVILLE POLICE DEPT,20220609244,Davidson,Nashville,12/2/2022 12:00:00 PM,2,0,0,36.140850,-86.719490,I 40,,,,0.00,,,,,,,213.35,N,Not at Intersection,N,Non-Junction,None,,,         ,Cameron,Fritschie,Cloudy,Front to Rear,no,no,no,no,yes,False
103498217,METROPOLITAN NASHVILLE POLICE DEPT,20220609471,Davidson,Nashville,12/2/2022 2:30:00 PM,2,1,0,36.262790,-86.704430,E OLD HICKORY BLVD,,,,1.00,Feet,West,DELAWARE AV,,,,0.00,N,Not at Intersection,N,Non-Junction,None,,,         ,Alexander,Hartle,Clear,Angle,no,no,no,no,no,False
103498234,METROPOLITAN NASHVILLE POLICE DEPT,20220609415,Davidson,Nashville,12/2/2022 1:20:00 PM,2,0,0,36.134400,-86.726910,I24E,,,,91.00,Feet,North,I24 E ENT RAMP,,,,0.00,N,Not at Intersection,N,Non-Junction,None,,,         ,Ashley,Kelley,Clear,Front to Rear,no,no,no,no,no,False
103498253,METROPOLITAN NASHVILLE POLICE DEPT,20220609422,Davidson,Nashville,12/2/2022 1:00:00 PM,2,0,0,36.081100,-86.758360,HARDING PL,,,,0.00,,,TROUSDALE DR,,,,0.00,Y,Four-Way, ,Non-Junction,None,,,         ,Travis,Garcia,Clear,Front to Rear,no,no,no,no,no,False
103498258,METROPOLITAN NASHVILLE POLICE DEPT,20220609360,Davidson,Nashville,12/2/2022 1:14:00 PM,2,0,0,36.136200,-86.876820,HILLWOOD BLVD,,,,0.00,Feet,East,FLEETWOOD DR,,,,0.00,N,Not at Intersection,N,Non-Junction,None,,,         ,Deon,Prather,Cloudy,Angle,no,no,no,no,no,False
103498262,METROPOLITAN NASHVILLE POLICE DEPT,20220609423,Davidson,Nashville,12/2/2022 1:51:00 PM,2,1,0,36.143460,-86.687370,I 40,,,,0.00,,,,,,,215.40,N,Not at Intersection,N,Non-Junction,None,,,         ,Cameron,Fritschie,Cloudy,Front to Rear,no,no,no,no,no,False
103498263,METROPOLITAN NASHVILLE POLICE DEPT,20220609492,Davidson,Nashville,12/2/2022 1:51:00 PM,2,1,0,36.143460,-86.687370,I 40,,,,0.00,,,,,,,215.40,N,Not at Intersection,N,Non-Junction,None,,,         ,Cameron,Fritschie,Cloudy,Front to Rear,no,no,no,no,no,False
103498264,METROPOLITAN NASHVILLE POLICE DEPT,20220609511,Davidson,Nashville,12/2/2022 3:00:00 PM,2,1,0,36.170810,-86.688840,BRILEY PKWYS,,,,105.00,Feet,South,BRILEY PKWY S EXT RAMP,,,,0.00,N,Not at Intersection,N,Non-Junction,None,,,         ,Patrick,Lancaster,Cloudy,"Sideswipe, Same Direction",no,no,no,no,no,False
103498265,METROPOLITAN NASHVILLE POLICE DEPT,20220609406,Davidson,Nashville,12/2/2022 1:46:00 PM,2,2,0,36.211450,-86.923380,ASHLAND CITY HWY,,,,694.00,Feet,West,OLD HICKORY BLVD,,,,0.00,N,Not at Intersection,N,Non-Junction,None,,,         ,Alexandra,Wall,Cloudy,"Sideswipe, Opposite Direction",no,no,no,no,no,False
103498283,METROPOLITAN NASHVILLE POLICE DEPT,20220609409,Davidson,Nashville,12/2/2022 1:40:00 PM,2,0,0,36.191420,-86.786830,I 65,,,,0.00,,,,,,,85.90,N,Not at Intersection, ,Non-Junction,None,,,         ,Dennis,Diesel,Clear,Front to Rear,no,no,no,no,no,False
103498289,METROPOLITAN NASHVILLE POLICE DEPT,20220607624,Davidson,Nashville,12/1/2022 5:45:00 PM,2,2,0,36.237930,-86.785900,I 24,,,,0.00,,,,,,,43.40,N,Not at Intersection,N,Entrance/Exit Ramp Related,None,,,         ,Mary,Zoetvelt,Clear,"Sideswipe, Same Direction",no,no,no,no,no,False
103498317,METROPOLITAN NASHVILLE POLICE DEPT,20220609563,Davidson,Nashville,12/2/2022 4:03:00 PM,2,0,0,36.187990,-86.821560,ED TEMPLE BLVD,,,,0.00,,,ROSA L PARKS BLVD,,,,0.00,Y,Four-Way, ,Intersection,None,,,         ,Madison,Rolon,Cloudy,Front to Rear,no,no,no,no,no,False
103498334,METROPOLITAN NASHVILLE POLICE DEPT,20220609619,Davidson,Nashville,12/2/2022 4:23:00 PM,2,1,0,36.144380,-86.694880,I 40,,,,0.00,,,,,,,215.00,N,Not at Intersection,N,Non-Junction,None,,,         ,Evan,Grace,Rain,Front to Rear,no,no,no,no,no,False
103498361,METROPOLITAN NASHVILLE POLICE DEPT,20220609549,Davidson,Not in City Limit,12/2/2022 3:24:00 PM,3,0,0,36.075990,-86.981560,I 40,,,,0.00,,,,,,,194.75,N,Not at Intersection, ,Non-Junction,None,,,         ,Stacia,Getz,Clear,Front to Rear,no,no,no,no,no,False