master_record_number,agency,agency_tracking_number,county,city,collision_date,vehicles_involved,number_injured,number_dead,latitude,longitude,roadway_name,roadway_suffix,roadway_number,roadway_local_id,distance_from_reference,miles-feet_indicator,direction_from_reference,intersection_road_name,intersection_road_name_suffix,intersection_road_number,intersection_local_id,mile_marker,intersection_indicator,intersect_type,interchange_related_indicator,relation_to_junction,work_zone_type,construction_maintenance_zone,construction_maintenance_zone_location,fatal_case_number,officer_first_name,officer_last_name,weather_condition(s),manner_of_crash,pedestrian,bicycle,scooter,parking,hitrun,mou
103498392,GOODLETTSVILLE POLICE DEPT,22-36520,Davidson,Goodlettsville,12/2/2022 4:56:00 PM,2,2,0,36.323080,-86.699440,NORTHCREEK BLVD,,,,0.00,,,NORTHGATE CIR,,,,0.00,Y,T-Intersection,N,Intersection,None,,,         ,Rico,Jones,Rain,Angle,no,no,no,no,no,False
103498394,METROPOLITAN NASHVILLE POLICE DEPT,20220609532,Davidson,Nashville,12/2/2022 3:05:00 PM,1,0,0,36.172460,-86.727430,HUNTLEIGH DR,,,,241.00,Feet,West,RIVERSIDE DR,,,,0.00,N,Not at Intersection,N,Non-Junction,None,,,         ,Anancia,Lunsford,Cloudy,Not Collision with Motor Vehicle in Transport,no,no,no,no,no,False
103498395,METROPOLITAN NASHVILLE POLICE DEPT,20220609482,Davidson,Nashville,12/2/2022 2:32:00 PM,1,0,0,36.171960,-86.591670,CENTRAL PKE,,,,0.00,,,VALLEY GROVE DR,,,,0.00,Y,T-Intersection,N,Non-Junction,None,,,         ,Katelyn,Argeroplos,Clear,Not Collision with Motor Vehicle in Transport,no,no,no,no,no,False
103498409,METROPOLITAN NASHVILLE POLICE DEPT,20220609582,Davidson,Nashville,12/2/2022 3:30:00 PM,2,0,0,36.109390,-86.769870,I 65,,,,0.00,,,,,,,79.70,N,Not at Intersection,N,Non-Junction,None,,,         ,Nicholas,Carroll,Clear,Front to Rear,no,no,no,no,yes,False
103498437,METROPOLITAN NASHVILLE POLICE DEPT,20220609733,Davidson,Nashville,12/2/2022 5:22:00 PM,2,0,0,36.090330,-86.626500,SMITH SPRINGS RD,,,,0.00,,,BELL RD,,,,0.00,Y,Four-Way, ,Non-Junction,None,,,         ,Zacarias,Brito Jr.,Rain,Front to Rear,no,no,no,no,no,False
103498442,METROPOLITAN NASHVILLE POLICE DEPT,20220609659,Davidson,Nashville,12/2/2022 12:00:00 AM,2,0,0,36.044940,-86.659750,I24 E ENT RAMP,,,,0.00,Feet,,I 24,,,,0.00,Y,Four-Way, ,Intersection,None,,,         ,Taylor,Blackwelder,Clear,"Sideswipe, Same Direction",no,no,no,no,no,False
103498460,METROPOLITAN NASHVILLE POLICE DEPT,20220609605,Davidson,Nashville,12/2/2022 3:36:00 PM,2,0,0,36.160280,-86.778880,BROADWAY,,,,147.00,Feet,West,5TH AVS,,,,0.00,N,Not at Intersection,N,Non-Junction,None,,,         ,Zachary,Cooper,Cloudy,"Sideswipe, Same Direction",no,no,no,no,no,False
103498464,METROPOLITAN NASHVILLE POLICE DEPT,20220609547,Davidson,Nashville,12/2/2022 3:24:00 PM,2,0,0,36.157830,-86.861630,BRILEY PKWYN,,,,185.00,Feet,North,BRILEY PKWY N ENT RAMP,,,,0.00,N,Not at Intersection,N,Non-Junction,None,,,         ,Blake,Langford,Cloudy,"Sideswipe, Same Direction",no,no,no,no,no,False
103498489,METROPOLITAN NASHVILLE POLICE DEPT,20220609752,Davidson,Nashville,12/2/2022 6:45:00 PM,2,0,0,36.191340,-86.809770,MIDDLE ST,,,,144.00,Feet,South,JENNINGS ST,,,,0.00,N,Not at Intersection, ,Non-Junction,None,,,         ,Madison,Rolon,Clear,Rear to Side,no,no,no,no,no,False
103498493,METROPOLITAN NASHVILLE POLICE DEPT,20220609698,Davidson,Nashville,12/2/2022 5:17:00 PM,2,0,0,36.155590,-86.771070,LEA AV,,,,0.00,,,2ND AVS,,,,0.00,Y,Four-Way,N,Intersection,None,,,         ,Zachary,Cooper,Rain,Angle,no,no,no,no,no,False
103498494,METROPOLITAN NASHVILLE POLICE DEPT,20220609668,Davidson,Nashville,12/2/2022 12:00:00 AM,1,1,0,36.234980,-86.703350,BRILEY PKWYW,,,,934.00,Feet,South,BRILEY PKWYE,,,,0.00,N,Not at Intersection,N,Non-Junction,None,,,         ,Amanda,Topping,Rain,Not Collision with Motor Vehicle in Transport,no,no,no,no,no,False
103498497,GOODLETTSVILLE POLICE DEPT,22-36526,Davidson,Goodlettsville,12/2/2022 6:10:00 PM,1,0,0,36.322470,-86.710960,LONG HOLLOW PKE,,,,206.00,Feet,East,TWO MILE PKE,,,,0.00,N,Not at Intersection,N,Non-Junction,None,,,         ,Noah,Werner,Rain,Not Collision with Motor Vehicle in Transport,no,no,no,no,no,False
103498506,METROPOLITAN NASHVILLE POLICE DEPT,20220609773,Davidson,Nashville,12/2/2022 6:05:00 PM,3,0,0,36.092040,-86.651760,MURFREESBORO PKE,,,,321.00,Feet,North,BRITISH WOODS DR,,,,0.00,N,Not at Intersection,N,Non-Junction,None,,,         ,Alan,Wynkoop,Rain,Front to Rear,no,no,no,no,yes,False
103498508,METROPOLITAN NASHVILLE POLICE DEPT,20220609814,Davidson,Nashville,12/2/2022 6:52:00 PM,1,0,0,36.152590,-86.842100,46TH AVN,,,,0.00,,,,,,,0.00,,,N,Non-Junction,None,,,         ,Blake,Langford,Cloudy,Not Collision with Motor Vehicle in Transport,no,no,no,yes,yes,False
103498526,METROPOLITAN NASHVILLE POLICE DEPT,20220609758,Davidson,Nashville,12/2/2022 12:00:00 AM,2,0,0,36.208260,-86.789030,W TRINITY LN,,,,49.00,Feet,West,OLD MATTHEWS RD,,,,0.00,N,Not at Intersection, ,Non-Junction,None,,,         ,Wallace,Seay III,Rain,Angle,no,no,no,no,no,False
103498527,METROPOLITAN NASHVILLE POLICE DEPT,20220609805,Davidson,Nashville,12/2/2022 4:38:00 PM,2,0,0,36.115670,-86.780780,I65 ENT RAMP,,,,0.00,,East,I 440,,,,0.00,N,Not at Intersection, ,Non-Junction,None,,,         ,Nicholas,Hoffmann,"Cloudy, Rain",Front to Rear,no,no,no,no,no,False
103498528,METROPOLITAN NASHVILLE POLICE DEPT,20220609804,Davidson,Nashville,12/2/2022 5:55:00 PM,2,0,0,36.112110,-86.772360,I65 S ENT RAMP,,,,0.00,Feet,East,I 65,,,,0.00,N,Not at Intersection, ,,None,,,         ,Flynn,Ireland,,,no,no,no,no,no,False
103498532,METROPOLITAN NASHVILLE POLICE DEPT,20220609651,Davidson,Nashville,12/2/2022 4:38:00 PM,2,0,0,36.156580,-86.787480,12TH AVS,,,,0.00,,,BROADWAY,,,,0.00,Y,Four-Way,N,Intersection,None,,,         ,Daniel,Tomlinson,"Cloudy, Rain",Angle,no,no,no,no,no,False
103498538,METROPOLITAN NASHVILLE POLICE DEPT,20220609782,Davidson,Nashville,12/2/2022 6:26:00 PM,2,0,0,36.167120,-86.765100,I 24,,,,0.00,,,,,,,48.90,N,Not at Intersection, ,Non-Junction,None,,,         ,Benjamin,Kopriva,Cloudy,Front to Rear,no,no,no,no,no,False
103498550,METROPOLITAN NASHVILLE POLICE DEPT,20220609884,Davidson,Nashville,12/2/2022 12:00:00 AM,1,1,0,36.198700,-86.626210,BONNACROFT DR,,,,586.00,Feet,South,BONNAOAKS DR,,,,0.00,N,Not at Intersection,N,Non-Junction,None,,,         ,Esther,Poysti,Rain,Not Collision with Motor Vehicle in Transport,yes,no,no,no,yes,False
103498571,METROPOLITAN NASHVILLE POLICE DEPT,20220609825,Davidson,Nashville,12/2/2022 12:00:00 AM,1,1,0,36.156730,-86.787140,BROADWAY,,,,326.00,Feet,West,11TH AVN,,,,0.00,N,Not at Intersection,N,Non-Junction,None,,,         ,Gabriel,Centeno,Rain,Not Collision with Motor Vehicle in Transport,yes,no,no,no,yes,False
103498576,METROPOLITAN NASHVILLE POLICE DEPT,20220609899,Davidson,Nashville,12/2/2022 7:05:00 PM,2,1,0,36.077790,-86.657430,UNA ANTIOCH PKE,,,,174.00,Feet,West,OAKWOOD FOREST DR,,,,0.00,N,Not at Intersection,N,Non-Junction,None,,,         ,Andrew,Ellis,Cloudy,Other,no,no,no,no,yes,False
103498577,METROPOLITAN NASHVILLE POLICE DEPT,20220609799,Davidson,Nashville,12/2/2022 6:30:00 PM,2,0,0,36.069450,-86.633500,MURFREESBORO PKE,,,,997.00,Feet,North,FOREST VIEW DR,,,,0.00,N,Not at Intersection,N,Non-Junction,None,,,         ,John,McDonnell,Cloudy,Angle,no,no,no,no,no,False
103498583,METROPOLITAN NASHVILLE POLICE DEPT,20220609926,Davidson,Nashville,12/2/2022 8:19:00 PM,2,0,0,36.174130,-86.761970,MAIN ST,,,,277.00,Feet,East,N 6TH ST,,,,0.00,N,Not at Intersection, ,Non-Junction,None,,,         ,Daniel,Carney,Rain,Angle,no,no,no,no,no,False
103498621,METROPOLITAN NASHVILLE POLICE DEPT,20220609772,Davidson,Nashville,12/2/2022 6:18:00 PM,2,0,0,36.142580,-86.681410,I 40,,,,0.00,,,,,,,215.75,N,Not at Intersection, ,Non-Junction,None,,,         ,Ryan,Wright,,Front to Rear,no,no,no,no,no,False
103498622,METROPOLITAN NASHVILLE POLICE DEPT,20220609985,Davidson,Nashville,12/2/2022 4:48:00 PM,1,0,0,36.142000,-86.641000,ELM HILL PKE,,,,106.00,Feet,East,PATIO DR,,,,0.00,N,Not at Intersection,N,Non-Junction,None,,,         ,Jeffrey,Palomino-Gonzalez,Rain,Not Collision with Motor Vehicle in Transport,no,no,no,no,no,False
103498639,METROPOLITAN NASHVILLE POLICE DEPT,20220609977,Davidson,Nashville,12/2/2022 12:00:00 AM,2,0,0,36.150350,-86.762250,CHARLES E DAVIS BLVD,,,,227.00,Feet,South,CANNON ST,,,,0.00,N,Not at Intersection,N,Non-Junction,None,,,         ,Jacob,Snyder,,Angle,no,no,no,no,yes,False
103498657,METROPOLITAN NASHVILLE POLICE DEPT,20220609877,Davidson,Goodlettsville,12/2/2022 7:40:00 PM,2,0,0,36.292930,-86.702480,GALLATIN PKEN,,,,85.00,Feet,South,RIVERGATE STATION PVTDR,,,,0.00,N,Not at Intersection, ,Non-Junction,None,,,         ,Samantha,Ramos,Clear,Front to Rear,no,no,no,no,no,False
103498658,METROPOLITAN NASHVILLE POLICE DEPT,20220609694,Davidson,Nashville,12/2/2022 5:15:00 PM,2,0,0,36.141950,-86.816230,32ND AVS,,,,0.00,,,WEST END AV,,,,0.00,Y,T-Intersection,N,Non-Junction,None,,,         ,Brady,Reynolds,Rain,Angle,no,no,no,no,no,Campus
103498668,METROPOLITAN NASHVILLE POLICE DEPT,20220609903,Davidson,Nashville,12/2/2022 7:25:00 PM,2,0,0,36.143200,-86.874200,CHARLOTTE PKE,,,,0.00,Feet,,CHARLOTTE ROAD CIR,,,,0.00,Y,T-Intersection,Y,Intersection,None,,,         ,Benjamin,Mincer,Rain,Front to Rear,no,no,no,no,yes,False
103498672,METROPOLITAN NASHVILLE POLICE DEPT,20220610071,Davidson,Nashville,12/2/2022 5:00:00 PM,2,0,0,36.149040,-86.667630,NELSON PL,,,,9.00,Feet,South,ELM HILL PKE,,,,0.00,N,Not at Intersection, ,Non-Junction,None,,,         ,Timothy,Lehnert,Rain,Angle,no,no,no,no,yes,False
103498694,METROPOLITAN NASHVILLE POLICE DEPT,20220609908,Davidson,Nashville,12/2/2022 8:30:00 PM,2,0,0,36.140610,-86.721610,I 40,,,,0.00,,,,,,,213.45,N,Not at Intersection, ,Non-Junction,None,,,         ,Ryan,Wright,Clear,"Sideswipe, Same Direction",no,no,no,no,no,False
103498705,METROPOLITAN NASHVILLE POLICE DEPT,20220609971,Davidson,Nashville,12/2/2022 8:57:00 PM,2,0,0,36.154990,-86.788210,13TH AVS,,,,16.00,Feet,North,MCGAVOCK ST,,,,0.00,N,Not at Intersection, ,Non-Junction,None,,,         ,Tre,Marlowe,Rain,Front to Rear,no,no,no,no,no,False
103498730,METROPOLITAN NASHVILLE POLICE DEPT,20220639735,Davidson,Goodlettsville,12/2/2022 5:25:00 PM,2,0,0,36.298210,-86.698100,GALLATIN PKEN,,,,515.00,Feet,East,RIVERGATE PKWY,,,,0.00,N,Not at Intersection,N,Non-Junction,None,,,         ,Austin,Bronstrad,Rain,Front to Rear,no,no,no,no,yes,False
103498738,METROPOLITAN NASHVILLE POLICE DEPT,20220610163,Davidson,Nashville,12/2/2022 5:45:00 PM,2,0,0,36.250830,-86.742580,DUE WEST AVN,,,,117.00,Feet,North,OLD DUE WEST AV,,,,0.00,N,Not at Intersection,N,Non-Junction,None,,,         ,Samantha,Ramos,Clear,HeadOn,no,no,no,no,yes,False
103498739,METROPOLITAN NASHVILLE POLICE DEPT,20220610068,Davidson,Nashville,12/2/2022 10:00:00 PM,3,3,0,36.205890,-86.768610,E TRINITY LN,,,,0.00,,,DICKERSON PKE,,,,0.00,Y,Four-Way,Y,Intersection,None,,,         ,Trevor,Jones,Clear,Angle,no,no,no,no,yes,False
103498740,METROPOLITAN NASHVILLE POLICE DEPT,20220610062,Davidson,Nashville,12/2/2022 9:47:00 PM,1,0,0,36.038970,-86.698830,OLD HICKORY BLVD,,,,672.00,Feet,South,GREEN TIMBERS DR,,,,0.00,N,Not at Intersection,N,Non-Junction,None,,,         ,Andre,Williams,Clear,Not Collision with Motor Vehicle in Transport,no,no,no,no,yes,False
103498745,THP District 3 - Nashville,322101353,Davidson,Nashville,12/1/2022 9:06:00 PM,2,0,0,36.118650,-86.726080,I 24,,,,0.00,,,,,,,53.00,N,Not at Intersection, ,Non-Junction,None,,,         ,Robert,Bennett,Cloudy,"Sideswipe, Same Direction",no,no,no,no,yes,False
103498748,THP District 3 - Nashville,322101910,Davidson,Not in City Limit,12/2/2022 9:39:00 PM,3,0,0,36.279560,-86.802110,I 24,,,,0.00,,,,,,,40.30,N,Not at Intersection,N,Non-Junction,None,,,         ,Robert,Bennett,Cloudy,Front to Rear,no,no,no,no,no,False
103498749,THP District 3 - Nashville,322101885,Davidson,Nashville,12/2/2022 8:19:00 PM,2,0,0,36.139960,-86.730440,I 24,,,,0.00,,,,,,,51.40,N,Not at Intersection, ,Non-Junction,None,,,         ,Robert,Bennett,Cloudy,Front to Rear,no,no,no,no,no,False
103498751,METROPOLITAN NASHVILLE POLICE DEPT,20220610095,Davidson,Not in City Limit,12/2/2022 9:50:00 PM,2,0,0,36.273740,-86.796240,I 24,,,,0.00,,,,,,,40.80,N,Not at Intersection, ,Non-Junction,None,,,         ,Austin,Bronstrad,Rain,Front to Rear,no,no,no,no,no,False
103498758,METROPOLITAN NASHVILLE POLICE DEPT,20220609573,Davidson,Nashville,12/2/2022 2:45:00 PM,2,0,0,36.376570,-86.748680,BAKER STATION RD,,,,0.00,,,SPRINGFIELD HWY,,,,0.00,Y,T-Intersection,N,Intersection,None,,,         ,Mary,Zoetvelt,Cloudy,Angle,no,no,no,no,yes,False
103498764,METROPOLITAN NASHVILLE POLICE DEPT,20220609962,Davidson,Nashville,12/2/2022 9:14:00 PM,6,1,0,36.208080,-86.735200,GALLATIN PKE,,,,63.00,Feet,North,IVERSON AV,,,,0.00,N,Not at Intersection,N,Non-Junction,None,,,         ,Nicholas,Cochran,Rain,Angle,no,no,no,no,no,False
103498768,METROPOLITAN NASHVILLE POLICE DEPT,20220610177,Davidson,Nashville,12/2/2022 11:00:00 PM,1,0,0,36.060900,-86.924340,HARPETH BEND DR,,,,577.00,Feet,South,HAMPSHIRE PL,,,,0.00,N,Not at Intersection, ,Non-Junction,None,,,         ,Nicholaus,George,Rain,Unknown,no,no,no,no,no,False
103498787,METROPOLITAN NASHVILLE POLICE DEPT,20220610207,Davidson,Nashville,12/2/2022 9:49:00 PM,2,1,0,36.125160,-86.733230,I24 E ENT RAMP,,,,0.00,Feet,East,I 440,,,,0.00,N,Not at Intersection,N,Non-Junction,None,,,         ,Phillip,Lovell,Rain,Front to Rear,no,no,no,no,yes,False
103498797,METROPOLITAN NASHVILLE POLICE DEPT,20220610270,Davidson,Not in City Limit,12/2/2022 9:50:00 PM,1,0,0,36.303130,-86.806770,LICKTON PKE,,,,78.00,Feet,South,CROCKER SPRINGS RD,,,,0.00,N,Not at Intersection,N,Non-Junction,None,,,         ,John,Robish,"Cloudy, Rain",Not Collision with Motor Vehicle in Transport,no,no,no,no,no,False
103498800,METROPOLITAN NASHVILLE POLICE DEPT,20220610304,Davidson,Nashville,12/3/2022 12:00:00 AM,2,0,0,36.151520,-86.751980,I 40,,,,0.00,,,,,,,211.45,N,Not at Intersection,N,Non-Junction,None,,,         ,Jacob,Snyder,"Cloudy, Rain","Sideswipe, Same Direction",no,no,no,no,no,False
103498809,METROPOLITAN NASHVILLE POLICE DEPT,20220610287,Davidson,Nashville,12/2/2022 11:43:00 PM,2,0,0,36.153230,-86.793990,17TH AVE S,,,,0.00,,,US HWY 431,,,,0.00,Y,Four-Way, ,Intersection,None,,,         ,Jack,Pfeiffer,Rain,Angle,no,no,no,no,no,False
103498819,METROPOLITAN NASHVILLE POLICE DEPT,20220610464,Davidson,Nashville,12/3/2022 12:45:00 AM,1,0,0,36.087410,-86.647590,NASHBORO BLVD,,,,368.00,Feet,East,MURFREESBORO PKE,,,,0.00,N,Not at Intersection,N,Non-Junction,None,,,         ,Torry,Hill,Clear,Unknown,no,no,no,no,yes,False
103498820,METROPOLITAN NASHVILLE POLICE DEPT,20220610272,Davidson,Nashville,12/2/2022 11:40:00 PM,1,5,0,36.073310,-86.808460,GRANNY WHITE PKE,,,,293.00,Feet,West,TRAVELERS RIDGE DR,,,,0.00,N,Not at Intersection,N,Non-Junction,None,,,         ,Mitchell,Cook,"Cloudy, Rain",Not Collision with Motor Vehicle in Transport,no,no,no,no,no,False
103498822,METROPOLITAN NASHVILLE POLICE DEPT,20220610169,Davidson,Nashville,12/2/2022 10:40:00 PM,2,0,0,36.045950,-86.675330,BELL RD,,,,299.00,Feet,West,BLUE HOLE RD,,,,0.00,N,Not at Intersection,N,Non-Junction,None,,,         ,Nadine,Klemenz,Rain,Angle,no,no,no,no,no,False
103498825,METROPOLITAN NASHVILLE POLICE DEPT,20220610469,Davidson,Nashville,12/3/2022 1:50:00 AM,2,0,0,36.090540,-86.762800,I 65,,,,0.00,,,,,,,78.40,N,Not at Intersection,N,Non-Junction,None,,,         ,Ricardo,Cruz,Clear,Angle,no,no,no,no,yes,False
103498832,METROPOLITAN NASHVILLE POLICE DEPT,20220610519,Davidson,Nashville,12/3/2022 3:01:00 AM,1,0,0,36.080210,-86.697680,LINBAR DR,,,,924.00,Feet,South,LUNA DR,,,,0.00,N,Not at Intersection, ,Non-Junction,None,,,         ,Autumn,Manning,Rain,Not Collision with Motor Vehicle in Transport,no,no,no,no,no,False
103498835,METROPOLITAN NASHVILLE POLICE DEPT,20220610475,Davidson,Nashville,12/3/2022 2:10:00 AM,1,0,0,36.157550,-86.626120,I 40,,,,0.00,,,,,,,219.20,N,Not at Intersection,N,Non-Junction,None,,,         ,Connor,Hosey,Rain,Not Collision with Motor Vehicle in Transport,no,no,no,no,no,False
103498857,METROPOLITAN NASHVILLE POLICE DEPT,20220610526,Davidson,Nashville,12/3/2022 3:22:00 AM,2,0,0,36.080810,-86.698070,LINBAR DR,,,,858.00,Feet,West,LUNA DR,,,,0.00,N,Not at Intersection,N,Non-Junction,None,,,         ,John,Braxton,Rain,HeadOn,no,no,no,no,no,False
103498859,METROPOLITAN NASHVILLE POLICE DEPT,20220610532,Davidson,Nashville,12/3/2022 3:28:00 AM,2,1,0,36.153900,-86.625640,STEWARTS FERRY PKE,,,,0.00,Feet,,PERCY PRIEST DR,,,,0.00,Y,Four-Way,N,Intersection,None,,,         ,Jeffrey,Palomino-Gonzalez,Rain,Angle,no,no,no,no,no,False
103498861,METROPOLITAN NASHVILLE POLICE DEPT,20220609927,Davidson,Nashville,12/2/2022 8:38:00 PM,1,1,0,36.124890,-86.728860,I24 E ENT RAMP,,,,0.00,Feet,East,I 440,,,,0.00,N,Not at Intersection,N,Non-Junction,None,,,         ,Dean,Ferrari,Clear,Not Collision with Motor Vehicle in Transport,no,no,no,no,no,False
103498862,METROPOLITAN NASHVILLE POLICE DEPT,20220610240,Davidson,Nashville,12/2/2022 10:50:00 PM,2,0,0,36.177060,-86.764750,ELLINGTON PKWY N ENT RAMP,,,,0.00,,,ELLINGTON PKWYS,,,,0.00,Y,OTHER,Y,Entrance/Exit Ramp Related,None,,,         ,Jarrett,Ipox,Rain,Front to Rear,no,no,no,no,yes,False
103498868,METROPOLITAN NASHVILLE POLICE DEPT,20220610553,Davidson,Nashville,12/3/2022 4:13:00 AM,1,1,0,36.170760,-86.767410,I24 W ENT RAMP,,,,0.00,Feet,East,I 24,,,,0.00,N,Not at Intersection,N,Non-Junction,None,,,         ,Ronald,Conner,Rain,Not Collision with Motor Vehicle in Transport,no,no,no,no,no,False
103498870,METROPOLITAN NASHVILLE POLICE DEPT,20220610154,Davidson,Nashville,12/2/2022 10:39:00 PM,2,2,0,36.087870,-86.920730,OLD HICKORY BLVD,,,,0.00,Feet,,THE RESERVE PVTDR,,,,0.00,Y,Four-Way,N,Intersection,None,,,         ,Fady,Aziz,Rain,Front to Rear,no,no,no,no,no,False
103498871,METROPOLITAN NASHVILLE POLICE DEPT,20220610520,Davidson,Nashville,12/3/2022 3:00:00 AM,1,2,0,36.142770,-86.765960,HOUSTON ST,,,,47.00,Feet,East,PILLOW ST,,,,0.00,N,Not at Intersection,N,Non-Junction,None,,,         ,Ernie,Wilson,Rain,Not Collision with Motor Vehicle in Transport,yes,no,no,no,yes,False
103498874,METROPOLITAN NASHVILLE POLICE DEPT,20220610516,Davidson,Nashville,12/3/2022 12:00:00 AM,2,2,0,36.044950,-86.659750,I24 E ENT RAMP,,,,0.00,,,I 24,,,,0.00,Y,Four-Way,Y,Entrance/Exit Ramp Related,None,,,         ,Kristopher,Sharpe,Clear,Angle,no,no,no,no,no,False
103498876,METROPOLITAN NASHVILLE POLICE DEPT,20220610576,Davidson,Nashville,12/3/2022 4:30:00 AM,2,0,0,36.118310,-86.700320,BRILEY PKWY S EXT RAMP,,,,0.00,Feet,East,BRILEY PKWYS,,,,0.00,N,Not at Intersection,N,Non-Junction,None,,,         ,Mario,Diaz,Rain,"Sideswipe, Opposite Direction",no,no,no,no,no,False
103498881,METROPOLITAN NASHVILLE POLICE DEPT,20220610499,Davidson,Nashville,12/3/2022 2:40:00 AM,2,1,0,36.048480,-86.664670,I 24,,,,0.00,,,,,,,59.00,N,Not at Intersection,N,Non-Junction,None,,,         ,Jason,Lyons,Rain,Front to Rear,no,no,no,no,no,False
103498882,METROPOLITAN NASHVILLE POLICE DEPT,20220610381,Davidson,Not in City Limit,12/3/2022 12:52:00 AM,1,0,0,36.106160,-86.929470,I 40,,,,0.00,,,,,,,198.75,N,Not at Intersection,N,Non-Junction,None,,,         ,Fady,Aziz,Rain,Unknown,no,no,no,no,yes,False
103498883,METROPOLITAN NASHVILLE POLICE DEPT,20220610551,Davidson,Nashville,12/3/2022 3:25:00 AM,2,0,0,36.087200,-86.692770,HARDING PL,,,,184.00,Feet,West,ANTIOCH PKE,,,,0.00,N,Not at Intersection,Y,Non-Junction,None,,,         ,Autumn,Manning,Rain,"Sideswipe, Same Direction",no,no,no,no,yes,False
103498885,METROPOLITAN NASHVILLE POLICE DEPT,20220610091,Davidson,Nashville,12/2/2022 5:30:00 PM,2,0,0,36.104510,-86.741940,NOLENSVILLE PKE,,,,154.00,Feet,North,MCIVER ST,,,,0.00,N,Not at Intersection, ,Non-Junction,None,,,         ,Clayton,Cox,Clear,Rear to Rear,no,no,no,yes,yes,False
103498913,METROPOLITAN NASHVILLE POLICE DEPT,20220610579,Davidson,Nashville,12/3/2022 4:33:00 AM,2,0,0,36.150000,-86.748170,I 40,,,,0.00,,,,,,,211.70,N,Not at Intersection, ,Non-Junction,None,,,         ,Timothy,Lehnert,Rain,Front to Rear,no,no,no,no,no,False
103498915,METROPOLITAN NASHVILLE POLICE DEPT,20220610563,Davidson,Nashville,12/3/2022 12:00:00 AM,3,4,0,36.149030,-86.746430,I 40,,,,0.00,,,,,,,211.85,N,Not at Intersection,N,Non-Junction,None,,,         ,Ashley,Kappenmacher,"Cloudy, Rain",Other,no,no,no,no,no,False
103498918,METROPOLITAN NASHVILLE POLICE DEPT,20220610323,Davidson,Nashville,12/2/2022 11:30:00 PM,2,0,0,36.169050,-86.772240,S 1ST ST,,,,0.00,Feet,,WOODLAND ST,,,,0.00,Y,Four-Way,N,Intersection-Related,None,,,         ,Kevin,Steiner,Rain,Front to Rear,no,no,no,no,yes,False
103498926,METROPOLITAN NASHVILLE POLICE DEPT,20220610502,Davidson,Nashville,12/3/2022 2:44:00 AM,1,2,0,36.154310,-86.777790,PEABODY ST,,,,0.00,,,7TH AVS,,,,0.00,Y,T-Intersection,N,Non-Junction,None,,,         ,Mena,Mahros,Rain,Not Collision with Motor Vehicle in Transport,no,no,no,no,no,False
103498928,METROPOLITAN NASHVILLE POLICE DEPT,20220610606,Davidson,Nashville,12/3/2022 4:38:00 AM,2,0,0,36.084160,-86.705890,LINBAR DR,,,,0.00,,,HARDING PL,,,,0.00,Y,Four-Way, ,Intersection,None,,,         ,Matthew,Mrowiec,Unknown,Angle,no,no,no,no,no,False
103498929,METROPOLITAN NASHVILLE POLICE DEPT,20220610596,Davidson,Nashville,12/3/2022 12:00:00 AM,4,0,0,36.146710,-86.742840,I 40,,,,0.00,,,,,,,212.10,N,Not at Intersection,N,Non-Junction,None,,,         ,Jacob,Snyder,Rain,Front to Rear,no,no,no,no,no,False
103498959,METROPOLITAN NASHVILLE POLICE DEPT,20220610705,Davidson,Nashville,12/3/2022 7:41:00 AM,1,0,0,36.192300,-86.777100,I 65,,,,0.00,,,,,,,86.50,N,Not at Intersection, ,Non-Junction,None,,,         ,Cody,Oliphant,Cloudy,Not Collision with Motor Vehicle in Transport,no,no,no,no,no,False
103498974,METROPOLITAN NASHVILLE POLICE DEPT,20220610731,Davidson,Nashville,12/3/2022 8:10:00 AM,2,0,0,36.046500,-86.713400,NOLENSVILLE PKE,,,,413.00,Feet,North,OLD HICKORY BLVD,,,,0.00,N,Not at Intersection, ,Non-Junction,None,,,         ,Sekou,Samassi,Clear,Angle,no,no,no,no,no,False
103498978,METROPOLITAN NASHVILLE POLICE DEPT,20220610659,Davidson,Nashville,12/3/2022 12:00:00 AM,2,0,0,36.149030,-86.746430,I 40,,,,0.00,,,,,,,211.85,N,Not at Intersection,N,Non-Junction,None,,,         ,Zera,Ntahonirukiye,Cloudy,"Sideswipe, Same Direction",no,no,no,no,yes,False
103498988,METROPOLITAN NASHVILLE POLICE DEPT,20220610717,Davidson,Nashville,12/3/2022 7:56:00 AM,2,0,0,36.179920,-86.643880,LEBANON PKE,,,,0.00,,,DANYACREST DR,,,,0.00,Y,Four-Way, ,Intersection,None,,,         ,Yaroslav,Holodkov,Clear,Angle,no,no,no,no,no,False
103498990,METROPOLITAN NASHVILLE POLICE DEPT,20220610640,Davidson,Nashville,12/3/2022 6:48:00 AM,3,3,0,36.039920,-86.649970,I 24,,,,0.00,,,,,,,60.00,N,Not at Intersection,N,Non-Junction,None,,,         ,Casey,Lopez,Cloudy,HeadOn,no,no,no,no,no,False
103498991,METROPOLITAN NASHVILLE POLICE DEPT,20220610742,Davidson,Nashville,12/2/2022 8:30:00 PM,2,0,0,36.198960,-86.738730,DELMAS AV,,,,398.00,Feet,West,BRONTE AV,,,,0.00,N,Not at Intersection,N,Non-Junction,None,,,         ,Joseph,Galante,Cloudy,Angle,no,no,no,no,yes,False