master_record_number,agency,agency_tracking_number,county,city,collision_date,vehicles_involved,number_injured,number_dead,latitude,longitude,roadway_name,roadway_suffix,roadway_number,roadway_local_id,distance_from_reference,miles-feet_indicator,direction_from_reference,intersection_road_name,intersection_road_name_suffix,intersection_road_number,intersection_local_id,mile_marker,intersection_indicator,intersect_type,interchange_related_indicator,relation_to_junction,work_zone_type,construction_maintenance_zone,construction_maintenance_zone_location,fatal_case_number,officer_first_name,officer_last_name,weather_condition(s),manner_of_crash,pedestrian,bicycle,scooter,parking,hitrun,mou
103499011,METROPOLITAN NASHVILLE POLICE DEPT,20220610807,Davidson,Madison,12/3/2022 6:34:00 AM,1,0,0,36.282830,-86.747700,DICKERSON PKE,,,,92.00,Feet,South,DICKERSON PKES,,,,0.00,N,Not at Intersection, ,,None,,,         ,Melina,Tamborella,,,no,no,no,no,no,False
103499013,METROPOLITAN NASHVILLE POLICE DEPT,20220610816,Davidson,Nashville,12/3/2022 6:36:00 AM,1,0,0,36.055370,-86.662680,MT VIEW RD,,,,733.00,Feet,West,KEVINWOOD CT,,,,0.00,N,Not at Intersection,N,Non-Junction,None,,,         ,Darrin,Hardin,"Cloudy, Rain",Not Collision with Motor Vehicle in Transport,no,no,no,no,yes,False
103499015,METROPOLITAN NASHVILLE POLICE DEPT,20220610619,Davidson,Nashville,12/3/2022 4:35:00 AM,2,0,0,36.051750,-86.670270,I 24,,,,0.00,,,,,,,58.65,N,Not at Intersection,N,Non-Junction,None,,,         ,Dennis,Diesel,"Cloudy, Rain",Front to Rear,no,no,no,no,no,False
103499017,METROPOLITAN NASHVILLE POLICE DEPT,20220610741,Davidson,Nashville,12/3/2022 7:00:00 AM,1,0,0,36.052170,-86.621590,MT VIEW RD,,,,414.00,Feet,East,MT VIEW CIR,,,,0.00,N,Not at Intersection,N,Non-Junction,None,,,         ,Ashley,Kelley,Cloudy,Not Collision with Motor Vehicle in Transport,no,no,no,no,yes,False
103499024,BELLE MEADE POLICE DEPT,22-0289,Davidson,Belle Meade,12/2/2022 4:12:00 PM,1,0,0,36.118910,-86.855850,HARDING PKE,,,,350.00,Feet,West,BELLE MEADE BLVD,,,,0.00,N,Not at Intersection, ,,None,,,         ,Wes,Bowker,,,no,no,no,no,no,False
103499025,METROPOLITAN NASHVILLE POLICE DEPT,20220610845,Davidson,Nashville,12/3/2022 10:13:00 AM,2,0,0,36.113620,-86.922910,OLD HICKORY BLVD,,,,280.00,Feet,South,TIDWELL RD,,,,0.00,N,Not at Intersection, ,Non-Junction,None,,,         ,Jackson,Smythe,Cloudy,"Sideswipe, Same Direction",no,no,no,no,no,False
103499063,METROPOLITAN NASHVILLE POLICE DEPT,20220598708,Davidson,Nashville,11/27/2022 2:38:00 PM,2,0,0,36.126370,-86.776250,CRAIGHEAD ST,,,,164.00,Feet,West,WESTWOOD DR,,,,0.00,N,Not at Intersection,N,Non-Junction,None,,,         ,Joseph,Jakes,Clear,Angle,no,no,no,no,no,False
103499066,METROPOLITAN NASHVILLE POLICE DEPT,20220610859,Davidson,Nashville,12/3/2022 10:40:00 AM,3,0,0,36.074070,-86.624860,CREEKVIEW DR,,,,26.00,Feet,North,ANDERSON RD,,,,0.00,N,Not at Intersection,N,Non-Junction,None,,,         ,Alma,Villa,Clear,Angle,no,no,no,no,no,False
103499073,METROPOLITAN NASHVILLE POLICE DEPT,20220610942,Davidson,Nashville,12/3/2022 12:02:00 PM,2,1,0,36.105240,-86.742310,RADNOR ST,,,,0.00,Feet,West,NOLENSVILLE PKE,,,,0.00,N,Not at Intersection,N,Non-Junction,None,,,         ,Michael,Do,Cloudy,Front to Rear,no,no,no,no,no,False
103499087,METROPOLITAN NASHVILLE POLICE DEPT,20220610906,Davidson,Nashville,12/3/2022 11:18:00 AM,2,0,0,36.104990,-86.767190,I 65,,,,0.00,,,,,,,79.45,N,Not at Intersection,N,Non-Junction,None,,,         ,Travis,Pemberton,Clear,Angle,no,no,no,no,no,False
103499088,METROPOLITAN NASHVILLE POLICE DEPT,20220610935,Davidson,Nashville,12/3/2022 11:50:00 AM,2,0,0,36.161580,-86.664200,DONELSON PKE,,,,430.00,Feet,North,WOODBERRY DR,,,,0.00,N,Not at Intersection,N,Non-Junction,None,,,         ,Katelyn,Argeroplos,Clear,Angle,no,no,no,no,no,False
103499093,METROPOLITAN NASHVILLE POLICE DEPT,20220610801,Davidson,Nashville,12/3/2022 9:42:00 AM,2,0,0,36.159800,-86.795800,CHARLOTTE AV,,,,124.00,Feet,East,MCMILLIN ST,,,,0.00,N,Not at Intersection, ,Non-Junction,None,,,         ,Cecelia,Brown,Clear,"Sideswipe, Same Direction",no,no,no,no,no,False
103499105,METROPOLITAN NASHVILLE POLICE DEPT,20220610695,Davidson,Nashville,12/3/2022 7:30:00 AM,2,0,0,36.164010,-86.762880,I 24,,,,0.00,,,,,,,49.15,N,Not at Intersection,N,Non-Junction,None,,,         ,Hunter,Hodge,Cloudy,HeadOn,no,no,no,no,no,False
103499107,METROPOLITAN NASHVILLE POLICE DEPT,20220610879,Davidson,Nashville,12/3/2022 2:00:00 AM,1,0,0,36.065410,-86.662280,UNA ANTIOCH PKE,,,,687.00,Feet,South,RICHARDS RD,,,,0.00,N,Not at Intersection,N,Non-Junction,None,,,         ,Dennis,Diesel,"Cloudy, Rain",Not Collision with Motor Vehicle in Transport,no,no,no,no,yes,False
103499189,METROPOLITAN NASHVILLE POLICE DEPT,20220610920,Davidson,Nashville,12/3/2022 10:30:00 AM,3,0,0,36.146370,-86.877220,PREMIER DR,,,,277.00,Feet,West,MERCOMATIC DR,,,,0.00,N,Not at Intersection,N,Non-Junction,None,,,         ,Stacia,Getz,Clear,Front to Rear,no,no,no,no,no,False
103499204,METROPOLITAN NASHVILLE POLICE DEPT,20220610869,Davidson,Nashville,12/3/2022 10:48:00 AM,2,1,0,36.232590,-86.758740,DICKERSON PKE,,,,201.00,Feet,South,MAPLEWOOD TRC,,,,0.00,N,Not at Intersection,N,Non-Junction,None,,,         ,Blake,Smith,Cloudy,Other,no,no,no,no,no,False
103499266,METROPOLITAN NASHVILLE POLICE DEPT,20220609906,Davidson,Nashville,12/2/2022 7:40:00 PM,2,0,0,36.119430,-86.919230,CHARLOTTE PKE,,,,140.00,Feet,East,CEDAR CREST DR,,,,0.00,N,Not at Intersection,N,Non-Junction,None,,,         ,Kevin,Smithson,Rain,Front to Rear,no,no,no,no,no,False
103499285,METROPOLITAN NASHVILLE POLICE DEPT,20220610876,Davidson,Nashville,12/3/2022 12:00:00 AM,2,0,0,36.095990,-86.717300,SEVENMILE CT,,,,83.00,Feet,East,CATHY JO CIR,,,,0.00,N,Not at Intersection,N,Non-Junction,None,,,         ,David,Rehm,Unknown,Unknown,no,no,no,no,yes,False
103499299,METROPOLITAN NASHVILLE POLICE DEPT,20220610951,Davidson,Nashville,12/3/2022 12:08:00 PM,1,0,0,36.091310,-86.654170,BRITISH WOODS DR,,,,773.00,Feet,North,MURFREESBORO PKE,,,,0.00,N,Not at Intersection, ,Non-Junction,None,,,         ,Ashley,Kelley,Cloudy,Not Collision with Motor Vehicle in Transport,no,no,no,yes,no,False
103499314,METROPOLITAN NASHVILLE POLICE DEPT,20220611018,Davidson,Nashville,12/3/2022 1:18:00 PM,2,0,0,36.156790,-86.796650,17TH AVN,,,,0.00,,,STATE ST,,,,0.00,Y,Four-Way,N,Non-Junction,None,,,         ,Cecelia,Brown,Clear,Angle,no,no,no,no,no,False
103499323,METROPOLITAN NASHVILLE POLICE DEPT,20220610974,Davidson,Nashville,12/3/2022 12:20:00 PM,3,1,0,36.185780,-86.775890,I 24,,,,0.00,,,,,,,47.20,N,Not at Intersection,N,Entrance/Exit Ramp Related,None,,,         ,Eric,Ziegler,Cloudy,Front to Rear,no,no,no,no,no,False
103499326,METROPOLITAN NASHVILLE POLICE DEPT,20220611126,Davidson,Nashville,12/3/2022 3:15:00 PM,1,0,0,36.148280,-86.779010,I 40,,,,0.00,,,,,,,209.85,N,Not at Intersection,N,Non-Junction,None,,,         ,Dylan,Chambers,Clear,Not Collision with Motor Vehicle in Transport,no,no,no,no,yes,False
103499327,METROPOLITAN NASHVILLE POLICE DEPT,20220611170,Davidson,Nashville,12/2/2022 12:00:00 AM,1,0,0,36.183820,-86.794300,BUCHANAN ST,,,,197.00,Feet,West,5TH AVN,,,,0.00,N,Not at Intersection,N,Non-Junction,None,,,         ,Tyler,Edwards,Unknown,Not Collision with Motor Vehicle in Transport,no,no,no,yes,yes,False
103499348,METROPOLITAN NASHVILLE POLICE DEPT,20220611145,Davidson,Nashville,12/3/2022 12:00:00 AM,2,0,0,36.103470,-86.666480,FAIRCLOTH LN,,,,56.00,Feet,South,OLD MURFREESBORO PKE,,,,0.00,N,Not at Intersection,N,Non-Junction,None,,,         ,Esther,Poysti,Clear,Angle,no,no,no,no,no,False
103499377,METROPOLITAN NASHVILLE POLICE DEPT,20220611199,Davidson,Nashville,12/3/2022 3:30:00 PM,2,0,0,36.163380,-86.787800,10TH AVN,,,,0.00,Feet,West,10TH CIRN,,,,0.00,N,Not at Intersection, ,Non-Junction,None,,,         ,Daniel,Tomlinson,Clear,Front to Rear,no,no,no,no,no,False
103499379,VANDERBILT UNIVERSITY POLICE,20220611206,Davidson,Nashville,12/3/2022 12:00:00 AM,2,0,0,36.107330,-86.765160,POWELL AV,,,,348.00,Feet,North,POWELL PL,,,,0.00,N,Not at Intersection, ,Non-Junction,None,,,         ,Anthony,Jones,Clear,Unknown,no,no,no,yes,yes,False
103499385,METROPOLITAN NASHVILLE POLICE DEPT,20220611130,Davidson,Nashville,12/3/2022 3:07:00 PM,2,0,0,36.149610,-86.629820,BLACKWOOD DR,,,,0.00,,,NORWALK CT,,,,0.00,Y,Four-Way,N,Non-Junction,None,,,         ,Ryan,Wright,Clear,Angle,no,no,no,no,no,False
103499388,METROPOLITAN NASHVILLE POLICE DEPT,20220611209,Davidson,Nashville,12/3/2022 12:00:00 AM,1,1,0,36.164790,-86.784370,CHARLOTTE AV,,,,0.00,Feet,,7TH AVN,,,,0.00,Y,Four-Way,N,Intersection-Related,None,,,         ,Douglas,Hart,Clear,Not Collision with Motor Vehicle in Transport,yes,no,no,no,no,False
103499391,METROPOLITAN NASHVILLE POLICE DEPT,20220611252,Davidson,Nashville,12/3/2022 5:00:00 PM,3,1,0,36.111160,-86.755230,THOMPSON LN,,,,0.00,Feet,East,SIDCO DR,,,,0.00,N,Not at Intersection,Y,Non-Junction,None,,,         ,David,Harms,Cloudy,HeadOn,no,no,no,no,no,False
103499408,METROPOLITAN NASHVILLE POLICE DEPT,20220611297,Davidson,Nashville,12/3/2022 5:32:00 PM,2,0,0,36.069120,-86.683840,ANTIOCH PKE,,,,0.00,Feet,,RICHARDS RD,,,,0.00,Y,Four-Way, ,Intersection,None,,,         ,Alexandra,Foote,Clear,"Sideswipe, Same Direction",no,no,no,no,no,False
103499423,METROPOLITAN NASHVILLE POLICE DEPT,20220611336,Davidson,Nashville,12/3/2022 6:10:00 PM,2,2,0,36.164680,-86.802180,17TH AVN,,,,0.00,Feet,West,HERMAN ST,,,,0.00,N,Not at Intersection,N,Non-Junction,None,,,         ,Dylan,Ramos,Clear,Angle,no,no,no,no,no,False
103499429,METROPOLITAN NASHVILLE POLICE DEPT,20220611194,Davidson,Nashville,12/3/2022 3:56:00 PM,2,0,0,36.068730,-86.719750,NOLENSVILLE PKE,,,,269.00,Feet,North,HAYWOOD LN,,,,0.00,N,Not at Intersection, ,Non-Junction,None,,,         ,David,Harms,Cloudy,Angle,no,no,no,no,no,False
103499445,METROPOLITAN NASHVILLE POLICE DEPT,20220611307,Davidson,Nashville,12/3/2022 12:00:00 AM,2,4,0,36.244520,-86.722460,LAKEWOOD DR,,,,0.00,,,GALLATIN PKES,,,,0.00,Y,Four-Way,N,Intersection,None,,,         ,James,Kidd,Clear,Angle,no,no,no,no,no,False
103499448,METROPOLITAN NASHVILLE POLICE DEPT,20220611430,Davidson,Nashville,12/3/2022 7:00:00 PM,2,0,0,36.202170,-86.776850,I 65,,,,0.00,,,,,,,87.00,N,Not at Intersection, ,Non-Junction,None,,,         ,Tyler,Jordan,Clear,"Sideswipe, Same Direction",no,no,no,no,no,False
103499468,METROPOLITAN NASHVILLE POLICE DEPT,20220611366,Davidson,Nashville,12/3/2022 5:30:00 PM,3,0,0,36.196020,-86.687530,BRILEY PKWY N EXT RAMP,,,,0.00,Feet,East,BRILEY PKWYN,,,,0.00,N,Not at Intersection,N,Non-Junction,None,,,         ,Dylan,Colquhoun,Clear,Front to Rear,no,no,no,no,no,False
103499469,METROPOLITAN NASHVILLE POLICE DEPT,20220611172,Davidson,Nashville,12/3/2022 1:43:00 PM,1,0,0,36.185530,-86.817180,25TH AVN,,,,3.00,Feet,North,CLARKSVILLE PKE,,,,0.00,N,Not at Intersection, ,,None,,,         ,Austin,Bowles,,,no,no,no,no,no,False
103499485,METROPOLITAN NASHVILLE POLICE DEPT,20220611478,Davidson,Nashville,12/3/2022 4:59:00 PM,2,0,0,36.045770,-86.699670,BELL RD,,,,0.00,,,,,,,0.00,,, ,Non-Junction,None,,,         ,Corey,Schulz,Clear,"Sideswipe, Same Direction",no,no,no,yes,no,False
103499501,METROPOLITAN NASHVILLE POLICE DEPT,20220611570,Davidson,Nashville,12/3/2022 9:18:00 PM,1,0,0,36.111690,-86.630100,BELL RD,,,,136.00,Feet,South,COUCHVILLE PKE,,,,0.00,N,Not at Intersection, ,Non-Junction,None,,,         ,Jeffrey,Palomino-Gonzalez,Clear,Not Collision with Motor Vehicle in Transport,no,no,no,no,no,False
103499506,METROPOLITAN NASHVILLE POLICE DEPT,20220611298,Davidson,Nashville,12/3/2022 5:37:00 PM,2,0,0,36.143630,-86.701680,I40 E EXT RAMP,,,,0.00,Feet,East,I 40,,,,0.00,N,Not at Intersection,N,Non-Junction,None,,,         ,Kody,Littles,Clear,Front to Rear,no,no,no,no,no,False
103499514,METROPOLITAN NASHVILLE POLICE DEPT,20220611349,Davidson,Nashville,12/3/2022 4:30:00 PM,2,0,0,36.203760,-86.738410,GALLATIN PKE,,,,67.00,Feet,South,LELAND AV,,,,0.00,N,Not at Intersection, ,Non-Junction,None,,,         ,Anancia,Lunsford,Clear,Angle,no,no,no,no,no,False
103499528,METROPOLITAN NASHVILLE POLICE DEPT,20220611378,Davidson,Nashville,12/3/2022 2:40:00 PM,2,0,0,36.186070,-86.751870,SEYMOUR AV,,,,254.00,Feet,East,LAURENT ST,,,,0.00,N,Not at Intersection, ,Non-Junction,None,,,         ,Joshua,Warren,Clear,"Sideswipe, Opposite Direction",no,no,no,no,yes,False
103499537,METROPOLITAN NASHVILLE POLICE DEPT,20220611550,Davidson,Nashville,12/3/2022 12:00:00 AM,2,1,0,36.172420,-86.794810,JEFFERSON ST,,,,0.00,,,10TH AVN,,,,0.00,Y,Four-Way,N,Intersection,None,,,         ,Hunter,Levan,Clear,Front to Rear,no,no,no,no,yes,False
103499555,METROPOLITAN NASHVILLE POLICE DEPT,20220611421,Davidson,Nashville,12/3/2022 7:25:00 PM,2,0,0,36.156790,-86.787000,BROADWAY,,,,161.00,Feet,East,12TH AVS,,,,0.00,N,Not at Intersection, ,Non-Junction,None,,,         ,Zachary,Cooper,Cloudy,"Sideswipe, Same Direction",no,no,no,no,no,False
103499559,THP District 3 - Nashville,322101803,Davidson,Nashville,12/2/2022 4:54:00 PM,2,0,0,36.193930,-86.775570,I 24,,,,0.00,,,,,,,47.40,N,Not at Intersection, ,Non-Junction,None,,,         ,Jason,Murray,Clear,Angle,no,no,no,no,no,False
103499560,THP District 3 - Nashville,322101854,Davidson,Nashville,12/2/2022 6:47:00 PM,6,0,0,36.142450,-86.708990,I 40,,,,0.00,,,,,,,214.25,N,Not at Intersection,N,Non-Junction,None,,,         ,Jason,Murray,Rain,Front to Rear,no,no,no,no,no,False
103499589,METROPOLITAN NASHVILLE POLICE DEPT,20220611708,Davidson,Nashville,12/3/2022 10:38:00 PM,1,1,0,36.168210,-86.600110,OLD HICKORY BLVD,,,,103.00,Feet,South,SELLS DR,,,,0.00,N,Not at Intersection,N,Non-Junction,None,,,         ,Bryan,Malone,Clear,Not Collision with Motor Vehicle in Transport,no,no,no,no,no,False
103499590,METROPOLITAN NASHVILLE POLICE DEPT,20220611509,Davidson,Nashville,12/3/2022 8:56:00 PM,1,0,0,36.067340,-86.631170,MURFREESBORO PKE,,,,36.00,Feet,South,FOREST VIEW DR,,,,0.00,N,Not at Intersection,N,Non-Junction,None,,,         ,Nicholas,Ragan,Clear,Not Collision with Motor Vehicle in Transport,no,no,no,no,no,False
103499596,METROPOLITAN NASHVILLE POLICE DEPT,20220611705,Davidson,Nashville,12/3/2022 10:29:00 PM,2,0,0,36.180130,-86.807660,BUCHANAN ST,,,,1.00,Feet,West,14TH AVN,,,,0.00,N,Not at Intersection,N,Non-Junction,None,,,         ,Christopher,Cantrell,Clear,Angle,no,no,no,no,no,False
103499602,METROPOLITAN NASHVILLE POLICE DEPT,20220611815,Davidson,Nashville,12/3/2022 11:20:00 PM,2,0,0,36.249150,-86.719580,GALLATIN PKES,,,,100.00,Feet,South,E PALESTINE AV,,,,0.00,N,Not at Intersection, ,Non-Junction,None,,,         ,Chase,Carter,Clear,"Sideswipe, Same Direction",no,no,no,no,no,False
103499603,METROPOLITAN NASHVILLE POLICE DEPT,20220611735,Davidson,Nashville,12/3/2022 10:20:00 PM,2,0,0,36.133930,-86.819750,I440 E ENT RAMP,,,,0.00,Feet,East,I 440,,,,0.00,N,Not at Intersection,Y,Entrance/Exit Ramp Related,None,,,         ,Alexandra,Herring,Clear,"Sideswipe, Same Direction",no,no,no,no,yes,False
103499624,METROPOLITAN NASHVILLE POLICE DEPT,20220611718,Davidson,Nashville,12/3/2022 10:40:00 PM,2,1,0,36.154340,-86.788010,I40 W EXT RAMP,,,,0.00,,,I 40,,,,0.00,Y,Y-Intersection,N,Entrance/Exit Ramp Related,None,,,         ,Grey,Maxwell,Cloudy,Front to Rear,no,no,no,no,no,False
103499641,METROPOLITAN NASHVILLE POLICE DEPT,20220611884,Davidson,Not in City Limit,12/3/2022 11:45:00 PM,2,0,0,36.272930,-86.700500,ANDERSON LN,,,,142.00,Feet,East,BECKLEA DR,,,,0.00,N,Not at Intersection, ,Non-Junction,None,,,         ,William,Hudson,Clear,Front to Rear,no,no,no,no,no,False
103499663,METROPOLITAN NASHVILLE POLICE DEPT,20220611824,Davidson,Nashville,12/3/2022 11:22:00 PM,2,2,0,36.122730,-86.630500,WOODLAND POINTE DR,,,,0.00,Feet,North,BELL RD,,,,0.00,N,Not at Intersection,N,Non-Junction,None,,,         ,Christopher,Gooding,Clear,HeadOn,no,no,no,no,no,False
103499670,METROPOLITAN NASHVILLE POLICE DEPT,20220612020,Davidson,Goodlettsville,12/3/2022 8:08:00 AM,2,0,0,36.301800,-86.694580,RIVERGATE MALL PVTDR,,,,341.00,Feet,West,GALLATIN PKEN,,,,0.00,N,Not at Intersection,N,Non-Junction,None,,,         ,Matthew,Herod,Clear,"Sideswipe, Same Direction",no,no,no,yes,yes,False
103499683,METROPOLITAN NASHVILLE POLICE DEPT,20220612056,Davidson,Nashville,12/4/2022 1:55:00 AM,1,0,0,36.095260,-86.654330,MURFREESBORO PKE,,,,79.00,Feet,West,MURFREESBORO PKE RAMP,,,,0.00,N,Not at Intersection,N,Non-Junction,None,,,         ,Sean,Fitzmaurice,Clear,Not Collision with Motor Vehicle in Transport,no,no,no,no,yes,False
103499691,METROPOLITAN NASHVILLE POLICE DEPT,20220612113,Davidson,Nashville,12/4/2022 3:07:00 AM,1,0,0,36.053550,-86.672710,I 24,,,,0.00,,,,,,,58.45,N,Not at Intersection,N,Non-Junction,None,,,         ,Lisa,Beck,Clear,Not Collision with Motor Vehicle in Transport,no,no,no,no,no,False
103499714,METROPOLITAN NASHVILLE POLICE DEPT,20220612137,Davidson,Not in City Limit,12/4/2022 3:40:00 AM,1,0,0,36.307650,-86.820790,I 24,,,,0.00,,,,,,,38.00,N,Not at Intersection,N,Non-Junction,None,,,         ,Nathan,Sizemore,Clear,Not Collision with Motor Vehicle in Transport,no,no,no,no,no,False
103499722,METROPOLITAN NASHVILLE POLICE DEPT,20220612107,Davidson,Nashville,12/4/2022 3:00:00 AM,1,1,0,36.131950,-86.899400,I40 W ENT RAMP,,,,0.00,,,I 40,,,,0.00,,Not at Intersection,Y,Entrance/Exit Ramp Related,None,,,         ,Fady,Aziz,Clear,Not Collision with Motor Vehicle in Transport,no,no,no,no,no,False
103499737,METROPOLITAN NASHVILLE POLICE DEPT,20220612037,Davidson,Nashville,12/4/2022 1:43:00 AM,3,1,0,36.126810,-86.711240,MURFREESBORO PKE,,,,58.00,Feet,West,THOMPSON PL,,,,0.00,N,Not at Intersection,N,Non-Junction,None,,,         ,Jerrod,Kalinsky,Clear,Front to Rear,no,no,no,no,no,False
103499738,METROPOLITAN NASHVILLE POLICE DEPT,20220612167,Davidson,Nashville,12/4/2022 4:30:00 AM,1,0,0,36.070860,-86.693790,EZELL RD,,,,0.00,Feet,West,WILLARD DR,,,,0.00,N,Not at Intersection,N,Non-Junction,None,,,         ,Sullivan,Souksanh,Clear,Not Collision with Motor Vehicle in Transport,no,no,no,no,yes,False
103499740,METROPOLITAN NASHVILLE POLICE DEPT,20220612046,Davidson,Nashville,12/3/2022 12:40:00 AM,2,0,0,36.154910,-86.626900,STEWARTS FERRY PKE,,,,70.00,Feet,East,I40 E ENT RAMP,,,,0.00,N,Not at Intersection, ,Non-Junction,None,,,         ,Bryan,Malone,Clear,Front to Rear,no,no,no,no,no,False
103499741,METROPOLITAN NASHVILLE POLICE DEPT,20220612163,Davidson,Not in City Limit,12/4/2022 4:26:00 AM,2,0,0,36.307650,-86.820790,I 24,,,,0.00,,,,,,,38.00,N,Not at Intersection, ,Non-Junction,None,,,         ,Nathan,Sizemore,Clear,Angle,no,no,no,no,no,False
103499747,METROPOLITAN NASHVILLE POLICE DEPT,20220612081,Davidson,Nashville,12/4/2022 2:26:00 AM,1,0,0,36.126700,-86.711090,MURFREESBORO PKE,,,,0.00,,,THOMPSON PL,,,,0.00,Y,Four-Way,N,Intersection,None,,,         ,Amanda,Hanna,Clear,Not Collision with Motor Vehicle in Transport,no,no,no,no,no,False
103499755,METROPOLITAN NASHVILLE POLICE DEPT,20220611976,Davidson,Nashville,12/4/2022 12:46:00 AM,2,1,0,36.153790,-86.794400,17TH AVE S,,,,0.00,,,US HWY 70S,,,,0.00,Y,Four-Way,N,Intersection-Related,None,,,         ,Lynsey,Fish,Clear,HeadOn,no,no,no,no,no,False
103499762,METROPOLITAN NASHVILLE POLICE DEPT,20220612110,Davidson,Nashville,12/4/2022 12:00:00 AM,2,0,0,36.089480,-86.718650,PARAGON MILLS RD,,,,87.00,Feet,West,ASTER DR,,,,0.00,N,Not at Intersection,N,Non-Junction,None,,,         ,Kristopher,Sharpe,Clear,Front to Rear,no,no,no,yes,no,False
103499787,METROPOLITAN NASHVILLE POLICE DEPT,20220612044,Davidson,Nashville,12/4/2022 1:49:00 AM,2,1,0,36.130060,-86.715440,MURFREESBORO PKE,,,,302.00,Feet,West,MILLWOOD DR,,,,0.00,N,Not at Intersection,N,Non-Junction,None,,,         ,Eric,Laury,Clear,HeadOn,no,no,no,no,yes,False
103499788,METROPOLITAN NASHVILLE POLICE DEPT,20220612216,Davidson,Nashville,12/4/2022 6:29:00 AM,1,0,0,36.236600,-86.728960,BRILEY PKWYE,,,,487.00,Feet,West,BRILEY PKWYW,,,,0.00,N,Not at Intersection,N,Non-Junction,None,,,         ,Benjamin,Williams,Cloudy,Not Collision with Motor Vehicle in Transport,no,no,no,no,yes,False
103499789,METROPOLITAN NASHVILLE POLICE DEPT,20220612262,Davidson,Not in City Limit,12/4/2022 12:00:00 AM,1,0,0,36.309620,-86.825650,I 24,,,,0.00,,,,,,,37.70,N,Not at Intersection,N,Non-Junction,None,,,         ,Anthony,Butler,Unknown,Unknown,no,no,no,no,yes,False
103499797,METROPOLITAN NASHVILLE POLICE DEPT,20220612265,Davidson,Nashville,12/4/2022 1:20:00 AM,1,0,0,36.044970,-86.663060,BELL RD,,,,0.00,,,,,,,0.00,,,N,Non-Junction,None,,,         ,Zachary,Wilbanks,Unknown,Not Collision with Motor Vehicle in Transport,no,no,no,yes,yes,False
103499833,METROPOLITAN NASHVILLE POLICE DEPT,20220611086,Davidson,Nashville,12/3/2022 2:25:00 PM,3,0,0,36.040900,-86.779380,STONE BROOK DR,,,,0.00,Feet,,OLD HICKORY BLVD,,,,0.00,Y,Four-Way,N,Intersection,None,,,         ,Sekou,Samassi,Clear,Angle,no,no,no,no,no,False
103499834,GOODLETTSVILLE POLICE DEPT,22-36719,Davidson,Goodlettsville,12/4/2022 7:48:00 AM,2,2,0,36.307370,-86.694710,CONFERENCE DR,,,,0.00,,,VIETNAM VETERANS BLVDN,,,,0.00,Y,Four-Way,N,Intersection,None,,,         ,Daniel,Knalls,Cloudy,Angle,no,no,no,no,no,False
103499839,METROPOLITAN NASHVILLE POLICE DEPT,20220612298,Davidson,Nashville,12/4/2022 7:45:00 AM,3,2,0,36.187950,-86.607770,OLD LEBANON DIRT RD,,,,0.00,,,ANDREW JACKSON PKWY,,,,0.00,Y,Four-Way,N,Intersection,None,,,         ,Zachariah,Souza,Cloudy,Angle,no,no,no,no,no,False
103499857,METROPOLITAN NASHVILLE POLICE DEPT,20220612381,Davidson,Nashville,12/4/2022 9:10:00 AM,2,0,0,36.187920,-86.798480,ROSA L PARKS BLVD,,,,0.00,,,DOMINICAN DR,,,,0.00,Y,Four-Way,Y,Intersection-Related,None,,,         ,Zachary,Akers,Cloudy,Angle,no,no,no,no,no,False
103499870,METROPOLITAN NASHVILLE POLICE DEPT,20220611031,Davidson,Nashville,12/3/2022 12:00:00 AM,2,1,0,36.127220,-86.711770,MURFREESBORO PKE,,,,273.00,Feet,West,THOMPSON PL,,,,0.00,N,Not at Intersection,N,Non-Junction,None,,,         ,Zera,Ntahonirukiye,Clear,Angle,no,no,no,no,yes,False
103499896,METROPOLITAN NASHVILLE POLICE DEPT,20220612413,Davidson,Nashville,12/4/2022 7:38:00 AM,1,0,0,36.122170,-86.701260,SATURN DR,,,,216.00,Feet,South,MARS DR,,,,0.00,N,Not at Intersection,N,Non-Junction,None,,,         ,Ryan,Sherry,Cloudy,Not Collision with Motor Vehicle in Transport,no,no,no,no,no,False
103499902,METROPOLITAN NASHVILLE POLICE DEPT,20220612326,Davidson,Madison,12/4/2022 7:00:00 AM,2,2,0,36.259040,-86.678750,WARRIOR RD,,,,0.00,,,CHEYENNE BLVD,,,,0.00,Y,Four-Way,N,Intersection,None,,,         ,Tameeka,Southern,Cloudy,Angle,no,no,no,no,no,False
103499906,METROPOLITAN NASHVILLE POLICE DEPT,20220612409,Davidson,Nashville,12/4/2022 9:55:00 AM,2,0,0,36.093110,-86.678720,DONELSON PKE,,,,117.00,Feet,North,HARDING PL,,,,0.00,N,Not at Intersection, ,Non-Junction,None,,,         ,Dennis,Diesel,Clear,Front to Rear,no,no,no,no,no,False
103499914,METROPOLITAN NASHVILLE POLICE DEPT,20220612324,Davidson,Not in City Limit,12/4/2022 8:22:00 AM,2,0,0,36.104990,-86.925280,BELLE VALLEY DR,,,,969.00,Feet,West,OLD HICKORY BLVD,,,,0.00,N,Not at Intersection, ,,None,,,         ,Deon,Prather,,,no,no,no,yes,no,False