master_record_number,agency,agency_tracking_number,county,city,collision_date,vehicles_involved,number_injured,number_dead,latitude,longitude,roadway_name,roadway_suffix,roadway_number,roadway_local_id,distance_from_reference,miles-feet_indicator,direction_from_reference,intersection_road_name,intersection_road_name_suffix,intersection_road_number,intersection_local_id,mile_marker,intersection_indicator,intersect_type,interchange_related_indicator,relation_to_junction,work_zone_type,construction_maintenance_zone,construction_maintenance_zone_location,fatal_case_number,officer_first_name,officer_last_name,weather_condition(s),manner_of_crash,pedestrian,bicycle,scooter,parking,hitrun,mou
103501240,METROPOLITAN NASHVILLE POLICE DEPT,2022-0614139,Davidson,Nashville,12/5/2022 8:58:00 AM,2,0,0,36.120150,-86.806970,LOMBARDY AV,,,,70.00,Feet,West,HILLSBORO PL,,,,0.00,N,Not at Intersection, ,Non-Junction,None,,,         ,Sean,Williams,Rain,"Sideswipe, Same Direction",no,no,no,no,no,False
103501253,METROPOLITAN NASHVILLE POLICE DEPT,20220614092,Davidson,Nashville,12/5/2022 9:20:00 AM,2,0,0,36.083380,-86.647110,MURFREESBORO PKE,,,,103.00,Feet,South,BROOKSBORO PL,,,,0.00,N,Not at Intersection, ,Non-Junction,None,,,         ,Dennis,Diesel,"Cloudy, Rain",Front to Rear,no,no,no,no,no,False
103501256,METROPOLITAN NASHVILLE POLICE DEPT,20220614611,Davidson,Nashville,12/5/2022 3:17:00 PM,2,3,0,36.134240,-86.776370,I65 S ENT RAMP,,,,0.00,,,I65 S EXT RAMP,,,,0.00,Y,Four-Way,Y,Intersection,None,,,         ,Samuel,Sundra,"Cloudy, Rain",Angle,no,no,no,no,no,False
103501257,METROPOLITAN NASHVILLE POLICE DEPT,20220614551,Davidson,Nashville,12/5/2022 2:26:00 PM,2,0,0,36.229250,-86.759300,DICKERSON PKE,,,,44.00,Feet,South,BROADMOOR DR,,,,0.00,N,Not at Intersection, ,OtherLocation,None,,,         ,Ernie,Wilson,Cloudy,Front to Rear,no,no,no,no,yes,False
103501268,METROPOLITAN NASHVILLE POLICE DEPT,20220614700,Davidson,Nashville,12/5/2022 12:00:00 AM,2,0,0,36.135580,-86.757220,HERRON DR,,,,879.00,Feet,West,INTERSTATE BLVDS,,,,0.00,N,Not at Intersection,N,Non-Junction,None,,,         ,Dalton,Crum,Unknown,Angle,no,no,no,yes,yes,False
103501273,METROPOLITAN NASHVILLE POLICE DEPT,20220614738,Davidson,Nashville,12/5/2022 3:52:00 PM,2,0,0,36.265630,-86.791020,I 24,,,,0.00,,,,,,,41.45,N,Not at Intersection, ,Non-Junction,None,,,         ,Kyle,Eicholtz,"Cloudy, Rain",Angle,no,no,no,no,no,False
103501286,METROPOLITAN NASHVILLE POLICE DEPT,20220614774,Davidson,Nashville,12/5/2022 3:52:00 PM,1,0,0,36.133270,-86.783390,ELLIOTT AV,,,,115.00,Feet,South,ACKLEN AV,,,,0.00,N,Not at Intersection,N,Non-Junction,None,,,         ,Samuel,Sundra,"Cloudy, Rain",Not Collision with Motor Vehicle in Transport,no,no,no,no,no,False
103501294,METROPOLITAN NASHVILLE POLICE DEPT,20220605468,Davidson,Nashville,11/30/2022 6:18:00 PM,1,0,1,36.151950,-86.849130,CHARLOTTE AV,,,,164.00,Feet,West,51ST AVN,,,,0.00,N,Not at Intersection,N,Non-Junction,None,,,         ,Russell,Ward,Clear,Not Collision with Motor Vehicle in Transport,yes,no,no,no,yes,False
103501309,METROPOLITAN NASHVILLE POLICE DEPT,20220614615,Davidson,Nashville,12/5/2022 3:17:00 PM,2,0,0,36.089180,-86.643300,NASHBORO BLVD,,,,75.00,Feet,West,NASHBORO VILLAGE PVTDR,,,,0.00,N,Not at Intersection,N,Non-Junction,None,,,         ,Zachariah,Souza,Rain,Front to Rear,no,no,no,no,no,False
103501312,METROPOLITAN NASHVILLE POLICE DEPT,20220614823,Davidson,Nashville,12/5/2022 3:25:00 PM,1,0,0,36.245670,-86.772910,CHESAPEAKE DR,,,,59.00,Feet,East,MOOREWOOD DR,,,,0.00,N,Not at Intersection,N,OtherLocation,None,,,         ,Kyle,Eicholtz,"Cloudy, Rain",Not Collision with Motor Vehicle in Transport,no,no,no,yes,yes,False
103501325,METROPOLITAN NASHVILLE POLICE DEPT,20220605651,Davidson,Nashville,11/30/2022 8:20:00 PM,1,0,1,36.151650,-86.770800,LAFAYETTE ST,,,,143.00,Feet,East,4TH AVS,,,,0.00,N,Not at Intersection,N,Non-Junction,None,,,         ,Russell,Ward,Clear,Not Collision with Motor Vehicle in Transport,yes,no,no,no,no,False
103501332,METROPOLITAN NASHVILLE POLICE DEPT,20220614856,Davidson,Nashville,12/5/2022 5:00:00 PM,2,0,0,36.044720,-86.713180,NOLENSVILLE PKE,,,,175.00,Feet,North,BRENTWOOD EAST DR,,,,0.00,N,Not at Intersection,N,Non-Junction,None,,,         ,William,Coy,Rain,Front to Rear,no,no,no,no,yes,False
103501337,METROPOLITAN NASHVILLE POLICE DEPT,20220614807,Davidson,Nashville,12/5/2022 2:34:00 PM,2,0,0,36.138620,-86.731710,MURFREESBORO PKE,,,,64.00,Feet,West,BLANTON AV,,,,0.00,N,Not at Intersection, ,Non-Junction,None,,,         ,Douglas,Mann,"Cloudy, Rain","Sideswipe, Same Direction",no,no,no,no,yes,False
103501342,METROPOLITAN NASHVILLE POLICE DEPT,20220614703,Davidson,Nashville,12/4/2022 1:30:00 AM,1,0,0,36.111440,-86.737840,ST EDWARDS DR,,,,0.00,,,,,,,0.00,,,N,Non-Junction,None,,,         ,Amgad,Bekhit,Rain,Not Collision with Motor Vehicle in Transport,no,no,no,yes,yes,False
103501344,METROPOLITAN NASHVILLE POLICE DEPT,20220614760,Davidson,Nashville,12/3/2022 3:50:00 PM,2,1,0,36.039750,-86.763370,OLD HICKORY BLVD,,,,173.00,Feet,West,HEARTHSTONE LN,,,,0.00,N,Not at Intersection,N,Non-Junction,None,,,         ,John,Braun,Unknown,Front to Rear,no,no,no,no,yes,False
103501345,METROPOLITAN NASHVILLE POLICE DEPT,20220614629,Davidson,Nashville,12/5/2022 2:43:00 PM,1,0,0,36.118890,-86.717650,CURREY RD,,,,0.00,,,,,,,0.00,,,N,"Driveway, Alley Access, etc",None,,,         ,George,Poulos,"Cloudy, Rain",Not Collision with Motor Vehicle in Transport,no,no,no,yes,yes,False
103501355,METROPOLITAN NASHVILLE POLICE DEPT,20220614682,Davidson,Nashville,12/5/2022 12:06:00 PM,2,0,0,36.087160,-86.692900,HARDING PL,,,,226.00,Feet,West,ANTIOCH PKE,,,,0.00,N,Not at Intersection,N,Non-Junction,None,,,         ,Alexandra,Foote,Rain,Angle,no,no,no,no,yes,False
103501356,METROPOLITAN NASHVILLE POLICE DEPT,20220614867,Davidson,Nashville,12/5/2022 5:11:00 PM,2,0,0,36.057270,-86.620740,MURFREESBORO PKE,,,,1231.00,Feet,North,MT VIEW RD,,,,0.00,N,Not at Intersection, ,Non-Junction,None,,,         ,Alexandra,Foote,Rain,Front to Rear,no,no,no,no,no,False
103501358,BERRY HILL POLICE DEPT,22-3533,Davidson,Berry Hill,12/5/2022 12:00:00 AM,2,1,0,36.120690,-86.775220,FRANKLIN PKE,,,,229.00,Feet,North,GALE LN,,,,0.00,N,Not at Intersection,N,Non-Junction,None,,,         ,John,Gleixner,Rain,Angle,no,no,no,no,no,False
103501385,METROPOLITAN NASHVILLE POLICE DEPT,20220614930,Davidson,Nashville,12/5/2022 5:50:00 PM,2,1,0,36.173040,-86.764830,MAIN ST,,,,167.00,Feet,East,SPRING ST,,,,0.00,N,Not at Intersection,N,Non-Junction,None,,,         ,Justen,Ogle,Rain,Front to Rear,no,no,no,no,no,False
103501392,METROPOLITAN NASHVILLE POLICE DEPT,20220614962,Davidson,Nashville,12/5/2022 5:21:00 PM,2,0,0,36.115250,-86.862780,DAVIDSON RD,,,,0.00,,,POST RD,,,,0.00,Y,Four-Way,Y,Intersection,None,,,         ,Jared,Dick,"Cloudy, Rain",Angle,no,no,no,no,yes,False
103501400,METROPOLITAN NASHVILLE POLICE DEPT,20220614840,Davidson,Nashville,12/5/2022 4:39:00 PM,2,1,0,36.240640,-86.751190,BRILEY PKWYE,,,,32.00,Feet,East,I65 N ENT RAMP,,,,0.00,N,Not at Intersection,N,Non-Junction,None,,,         ,Joshua,Warren,Rain,Front to Rear,no,no,no,no,no,False
103501411,METROPOLITAN NASHVILLE POLICE DEPT,20220615055,Davidson,Nashville,12/5/2022 4:29:00 PM,2,0,0,36.125540,-86.727890,I 24,,,,0.00,,,,,,,52.50,N,Not at Intersection,N,Non-Junction,None,,,         ,Amgad,Bekhit,Rain,"Sideswipe, Same Direction",no,no,no,no,yes,False
103501416,METROPOLITAN NASHVILLE POLICE DEPT,20220614841,Davidson,Nashville,12/5/2022 5:04:00 PM,1,1,0,36.093550,-86.656900,FORGE RIDGE CIR,,,,0.00,,,FRANKLIN LIMESTONE RD,,,,0.00,Y,T-Intersection,N,Non-Junction,None,,,         ,George,Poulos,"Cloudy, Rain",Not Collision with Motor Vehicle in Transport,no,no,no,no,no,False
103501417,METROPOLITAN NASHVILLE POLICE DEPT,20220615032,Davidson,Nashville,12/5/2022 6:45:00 PM,2,0,0,36.155330,-86.692010,BRILEY PKWYN,,,,212.00,Feet,North,BRILEY PKWYS,,,,0.00,N,Not at Intersection, ,Non-Junction,None,,,         ,Reagan,Heath,Rain,"Sideswipe, Same Direction",no,no,no,no,no,False
103501419,METROPOLITAN NASHVILLE POLICE DEPT,20220614969,Davidson,Nashville,12/5/2022 6:05:00 PM,2,1,0,36.187320,-86.772070,CLEVELAND ST,,,,0.00,,,JOSEPH AV,,,,0.00,Y,Four-Way,N,Intersection,None,,,         ,Justen,Ogle,Rain,Angle,no,no,no,no,no,False
103501429,METROPOLITAN NASHVILLE POLICE DEPT,20220614828,Davidson,Nashville,12/5/2022 4:38:00 PM,2,1,0,36.169140,-86.775130,JAMES ROBERTSON PKWY,,,,765.00,Feet,East,MAIN ST,,,,0.00,N,Not at Intersection,N,Non-Junction,None,,,         ,Zachary,Triano,"Cloudy, Rain",Front to Rear,no,no,no,no,yes,False
103501432,METROPOLITAN NASHVILLE POLICE DEPT,20220614975,Davidson,Nashville,12/5/2022 6:14:00 PM,2,0,0,36.138030,-86.727380,I24E,,,,293.00,Feet,North,MURFREESBORO PKE,,,,0.00,N,Not at Intersection, ,,None,,,         ,Douglas,Mann,,,no,no,no,no,no,False
103501437,METROPOLITAN NASHVILLE POLICE DEPT,20220614995,Davidson,Nashville,12/5/2022 6:10:00 PM,2,0,0,36.090180,-86.703170,I 24,,,,0.00,,,,,,,55.40,N,Not at Intersection,N,Non-Junction,None,,,         ,Alan,Wynkoop,"Cloudy, Rain","Sideswipe, Same Direction",no,no,no,no,no,False
103501439,METROPOLITAN NASHVILLE POLICE DEPT,20220615108,Davidson,Nashville,12/5/2022 7:39:00 PM,1,1,0,36.126230,-86.903860,I 40,,,,0.00,,,,,,,200.65,N,Not at Intersection,N,Non-Junction,None,,,         ,Jared,Dick,"Cloudy, Rain",Not Collision with Motor Vehicle in Transport,no,no,no,no,no,False
103501443,METROPOLITAN NASHVILLE POLICE DEPT,20220614858,Davidson,Goodlettsville,12/5/2022 5:17:00 PM,2,0,0,36.301880,-86.692340,TWIN HILLS DR,,,,198.00,Feet,West,RIVERGATE MARKETPLACE PVTDR,,,,0.00,N,Not at Intersection, ,,None,,,         ,Miles,Posey,,,no,no,no,yes,no,False
103501444,METROPOLITAN NASHVILLE POLICE DEPT,20220614738,Davidson,Nashville,12/5/2022 4:17:00 PM,2,1,0,36.241970,-86.757060,DICKERSON PKE ENT RAMP,,,,0.00,Feet,,DICKERSON PKE,,,,0.00,Y,Four-Way,N,Entrance/Exit Ramp Related,None,,,         ,Brandon,Lopez,Rain,Angle,no,no,no,no,no,False
103501465,METROPOLITAN NASHVILLE POLICE DEPT,20220614872,Davidson,Nashville,12/5/2022 5:25:00 PM,2,0,0,36.150720,-86.749640,I 40,,,,0.00,,,,,,,211.60,N,Not at Intersection, ,Non-Junction,None,,,         ,Alex,Mendoza-Aguilera,Rain,Front to Rear,no,no,no,no,no,False
103501468,METROPOLITAN NASHVILLE POLICE DEPT,20220615010,Davidson,Nashville,12/5/2022 6:31:00 PM,1,1,0,36.170820,-86.601550,OLD HICKORY BLVD,,,,0.00,Feet,West,I40 W EXT RAMP,,,,0.00,N,Not at Intersection,N,Non-Junction,None,,,         ,Hollie,Genualdi,Rain,Not Collision with Motor Vehicle in Transport,no,no,no,no,no,False
103501469,METROPOLITAN NASHVILLE POLICE DEPT,20220615025,Davidson,Nashville,12/5/2022 5:10:00 PM,3,0,0,36.164700,-86.688480,BRILEY PKWY N EXT RAMP,,,,0.00,Feet,East,BRILEY PKWYN,,,,0.00,N,Not at Intersection,N,Non-Junction,None,,,         ,Zachary,Nichols,Rain,Angle,no,no,no,no,yes,False
103501486,METROPOLITAN NASHVILLE POLICE DEPT,20220615181,Davidson,Antioch,12/5/2022 8:25:00 PM,1,0,0,36.016080,-86.615340,FIRESTONE PKWY,,,,207.00,Feet,East,GOULD BLVD,,,,0.00,N,Not at Intersection,N,Non-Junction,None,,,         ,Jennifer,Liquori,Cloudy,Not Collision with Motor Vehicle in Transport,no,no,no,no,yes,False
103501501,METROPOLITAN NASHVILLE POLICE DEPT,20220587322,Davidson,Not in City Limit,12/5/2022 4:15:00 PM,2,0,0,36.029300,-87.001120,HIGHWAY 100,,,,49.00,Feet,West,OLD HARDING PKE,,,,0.00,N,Not at Intersection, ,Non-Junction,None,,,         ,Justin,Wells,Clear,Angle,no,no,no,no,no,False
103501522,METROPOLITAN NASHVILLE POLICE DEPT,20220615105,Davidson,Nashville,12/5/2022 6:11:00 PM,2,0,0,36.100130,-86.871210,HARDING PKE,,,,79.00,Feet,South,PAGE RD,,,,0.00,N,Not at Intersection, ,Non-Junction,None,,,         ,Maxwell,Fritz,Rain,Angle,no,no,no,no,no,False
103501524,METROPOLITAN NASHVILLE POLICE DEPT,20220614868,Davidson,Nashville,12/5/2022 5:20:00 PM,3,0,0,36.164700,-86.688480,BRILEY PKWY N EXT RAMP,,,,0.00,Feet,East,BRILEY PKWYN,,,,0.00,N,Not at Intersection,N,Non-Junction,None,,,         ,Zachary,Nichols,Rain,Angle,no,no,no,no,no,False
103501535,METROPOLITAN NASHVILLE POLICE DEPT,20220614938,Davidson,Nashville,12/5/2022 5:58:00 PM,2,3,0,36.048420,-86.659180,HICKORY HOLLOW PKWY,,,,0.00,,,HICKORY HOLLOW MALL PVTDR PL,,,,0.00,Y,T-Intersection,N,Intersection,None,,,         ,Steven,Bowler,Rain,Angle,no,no,no,no,no,False
103501538,METROPOLITAN NASHVILLE POLICE DEPT,20220615241,Davidson,Nashville,12/5/2022 9:20:00 PM,1,0,0,36.217310,-86.604570,SHUTE LN,,,,583.00,Feet,South,MEADOWGREEN DR,,,,0.00,N,Not at Intersection,N,Non-Junction,None,,,         ,Patrick,Deau,Rain,Not Collision with Motor Vehicle in Transport,no,no,no,no,no,False
103501550,METROPOLITAN NASHVILLE POLICE DEPT,20220615271,Davidson,Nashville,12/5/2022 12:00:00 AM,1,0,0,36.071780,-86.769730,I 65,,,,0.00,,,,,,,77.05,N,Not at Intersection,N,Non-Junction,None,,,         ,Mitchell,Cook,"Fog, Rain",Unknown,no,no,no,no,yes,False
103501557,METROPOLITAN NASHVILLE POLICE DEPT,20220615009,Davidson,Not in City Limit,12/5/2022 6:30:00 PM,2,2,0,36.015380,-86.705660,NOLENSVILLE PKE,,,,0.00,,,SUGAR VALLEY DR,,,,0.00,Y,T-Intersection,Y,Intersection,None,,,         ,Andrew,Ellis,"Cloudy, Rain",Angle,no,no,no,no,no,False
103501566,METROPOLITAN NASHVILLE POLICE DEPT,20220615240,Davidson,Nashville,12/5/2022 9:05:00 PM,2,0,0,36.151970,-86.786630,I 40,,,,0.00,,,,,,,209.40,N,Not at Intersection,N,Non-Junction,None,,,         ,Trevor,Taylor,Rain,"Sideswipe, Same Direction",no,no,no,no,yes,False
103501569,THP District 3 - Nashville,322102220,Davidson,Nashville,12/3/2022 7:08:00 PM,3,0,0,36.136190,-86.726710,I40 E ENT RAMP,,,,0.00,Feet,East,I 24,,,,0.00,N,Not at Intersection,N,Non-Junction,None,,,         ,Jason,Murray,Clear,Front to Rear,no,no,no,no,no,False
103501580,METROPOLITAN NASHVILLE POLICE DEPT,20220615286,Davidson,Nashville,12/5/2022 8:44:00 PM,1,0,0,36.096790,-86.645380,SMITH SPRINGS RD,,,,1294.00,Feet,West,UNA RECREATION RD,,,,0.00,N,Not at Intersection,N,Non-Junction,None,,,         ,Robert,Marquez,Rain,Not Collision with Motor Vehicle in Transport,no,no,no,no,no,False
103501581,METROPOLITAN NASHVILLE POLICE DEPT,20220615367,Davidson,Nashville,12/5/2022 10:24:00 PM,1,1,0,36.125890,-86.904540,I 40,,,,0.00,,,,,,,200.60,N,Not at Intersection,N,Non-Junction,None,,,         ,Nicholas,Smith,Rain,Not Collision with Motor Vehicle in Transport,no,no,no,no,no,False
103501590,METROPOLITAN NASHVILLE POLICE DEPT,20220615285,Davidson,Nashville,12/5/2022 9:40:00 PM,1,2,0,36.153010,-86.796000,18TH AVS,,,,0.00,,,WEST END AV,,,,0.00,Y,Four-Way,Y,Intersection,None,,,         ,Dallas,Johnson,Rain,Not Collision with Motor Vehicle in Transport,yes,no,no,no,no,False
103501591,METROPOLITAN NASHVILLE POLICE DEPT,20220615254,Davidson,Nashville,12/5/2022 8:30:00 PM,2,0,0,36.224590,-86.694350,BRILEY PKWYN,,,,164.00,Feet,East,BRILEY PKWYS,,,,0.00,N,Not at Intersection,Y,Non-Junction,None,,,         ,Alex,Mendoza-Aguilera,Rain,"Sideswipe, Same Direction",no,no,no,no,yes,False
103501592,METROPOLITAN NASHVILLE POLICE DEPT,20220615212,Davidson,Nashville,12/5/2022 12:00:00 AM,2,0,0,36.077780,-86.666680,BILLINGSGATE RD,,,,43.00,Feet,East,EVERSHOLT CT,,,,0.00,N,Not at Intersection,N,Non-Junction,None,,,         ,Lauren,Ferrer,Rain,"Sideswipe, Same Direction",no,no,no,no,no,False
103501599,METROPOLITAN NASHVILLE POLICE DEPT,20220614734,Davidson,Nashville,12/5/2022 4:17:00 PM,2,1,0,36.203660,-86.776540,I65 N EXT RAMP,,,,0.00,Feet,East,I 65,,,,0.00,N,Not at Intersection,N,Non-Junction,None,,,         ,Hannah,Wright,Rain,"Sideswipe, Same Direction",no,no,no,no,no,False
103501602,METROPOLITAN NASHVILLE POLICE DEPT,20220614681,Davidson,Not in City Limit,12/5/2022 3:42:00 PM,2,0,0,36.073920,-86.926110,HIGHWAY 70S,,,,48.00,Feet,East,HICKS RD,,,,0.00,N,Not at Intersection,N,Non-Junction,None,,,         ,Cameron,Van Der Merwe,Rain,"Sideswipe, Same Direction",no,no,no,no,yes,False
103501605,METROPOLITAN NASHVILLE POLICE DEPT,20220614710,Davidson,Nashville,12/5/2022 4:01:00 PM,3,0,0,36.143010,-86.822080,ACKLEN PARK DR,,,,641.00,Feet,West,LONG BLVD,,,,0.00,N,Not at Intersection,N,Non-Junction,None,,,         ,Nicholas,Hoffmann,"Cloudy, Rain",Front to Rear,no,no,no,no,yes,False
103501607,METROPOLITAN NASHVILLE POLICE DEPT,20220615495,Davidson,Nashville,12/5/2022 9:50:00 PM,1,1,0,36.149050,-86.816720,31ST AVN,,,,247.00,Feet,North,PARTHENON AV,,,,0.00,N,Not at Intersection,N,Non-Junction,None,,,         ,Seth,Reynolds,Rain,Not Collision with Motor Vehicle in Transport,no,no,no,no,no,False
103501608,METROPOLITAN NASHVILLE POLICE DEPT,20220615177,Davidson,Nashville,12/5/2022 8:25:00 PM,5,3,0,36.169380,-86.606570,I40 E EXT RAMP,,,,0.00,Feet,East,I 40,,,,0.00,N,Not at Intersection,N,Entrance/Exit Ramp Related,None,,,         ,Forrest,Punke,Rain,Front to Rear,no,no,no,no,no,False
103501624,METROPOLITAN NASHVILLE POLICE DEPT,20220615340,Davidson,Nashville,12/5/2022 12:00:00 AM,2,0,0,36.106680,-86.719040,I 24,,,,0.00,,,,,,,54.00,N,Not at Intersection,N,Non-Junction,None,,,         ,Jack,Burke,Rain,"Sideswipe, Same Direction",no,no,no,no,yes,False
103501631,METROPOLITAN NASHVILLE POLICE DEPT,20220615689,Davidson,Antioch,12/6/2022 12:29:00 AM,2,2,0,36.042850,-86.606550,MURFREESBORO PKE,,,,0.00,Feet,,HOBSON PKE,,,,0.00,Y,Four-Way,Y,Intersection,None,,,         ,Lisa,Beck,Rain,Angle,no,no,no,no,no,False
103501640,METROPOLITAN NASHVILLE POLICE DEPT,20220615732,Davidson,Nashville,12/6/2022 12:30:00 AM,2,1,0,36.142730,-86.735870,I 40,,,,0.00,,,,,,,212.55,N,Not at Intersection,N,Non-Junction,None,,,         ,Christopher,Gooding,Rain,Rear to Rear,no,no,no,no,no,False
103501645,METROPOLITAN NASHVILLE POLICE DEPT,20220615764,Davidson,Nashville,12/6/2022 1:29:00 AM,1,1,0,36.090120,-86.703120,I 24,,,,0.00,,,,,,,55.40,N,Not at Intersection,N,Non-Junction,None,,,         ,Jerrod,Kalinsky,Rain,Not Collision with Motor Vehicle in Transport,no,no,no,no,no,False
103501663,GOODLETTSVILLE POLICE DEPT,22-36927,Davidson,Goodlettsville,12/6/2022 3:12:00 AM,1,0,0,36.335780,-86.710760,I 65,,,,0.00,,,,,,,97.80,N,Not at Intersection,N,Non-Junction,None,,,         ,William,Campbell,Rain,Not Collision with Motor Vehicle in Transport,no,no,no,no,no,False
103501669,METROPOLITAN NASHVILLE POLICE DEPT,20220615760,Davidson,Madison,12/6/2022 1:20:00 AM,1,2,0,36.267400,-86.736980,I 65,,,,0.00,,,,,,,92.45,N,Not at Intersection,Y,Non-Junction,None,,,         ,John,Robish,Rain,Not Collision with Motor Vehicle in Transport,no,no,no,no,no,False
103501738,METROPOLITAN NASHVILLE POLICE DEPT,20220615941,Davidson,Nashville,12/6/2022 5:45:00 AM,2,1,0,36.161580,-86.783890,ROSA L PARKS BLVD,,,,0.00,,,ROSA L PARKS AV,,,,0.00,Y,Four-Way,Y,Intersection,None,,,         ,Jarrett,Messick,Rain,Angle,no,no,no,no,no,False
103501750,METROPOLITAN NASHVILLE POLICE DEPT,20220615986,Davidson,Nashville,12/6/2022 6:35:00 AM,2,1,0,36.110540,-86.740590,THOMPSON LN,,,,45.00,Feet,East,SIMMONS AV,,,,0.00,N,Not at Intersection,N,Non-Junction,None,,,         ,Jerrod,Kalinsky,"Cloudy, Rain",Angle,no,no,no,no,no,False
103501769,METROPOLITAN NASHVILLE POLICE DEPT,20220615994,Davidson,Madison,12/6/2022 6:35:00 AM,2,0,0,36.264490,-86.730510,OLD HICKORY BLVDW,,,,85.00,Feet,West,N MARTHONA RD,,,,0.00,N,Not at Intersection, ,,None,,,         ,Broderick,Jones,,,no,no,no,no,no,False
103501770,METROPOLITAN NASHVILLE POLICE DEPT,20220612123,Davidson,Nashville,12/4/2022 3:19:00 AM,2,0,0,36.161580,-86.783890,ROSA L PARKS BLVD,,,,0.00,,,ROSA L PARKS AV,,,,0.00,Y,Four-Way, ,Intersection,None,,,         ,Tyler,Lewis,Clear,"Sideswipe, Same Direction",no,no,no,no,no,False
103501771,METROPOLITAN NASHVILLE POLICE DEPT,20220612178,Davidson,Nashville,12/4/2022 4:37:00 AM,2,0,0,36.164510,-86.781060,UNION ST,,,,0.00,,,5TH AVN,,,,0.00,Y,Four-Way, ,Intersection,None,,,         ,Tyler,Lewis,Clear,Angle,no,no,no,no,no,False
103501775,METROPOLITAN NASHVILLE POLICE DEPT,20220615962,Davidson,Nashville,12/6/2022 6:10:00 AM,2,1,0,36.148960,-86.703340,APPLETON DR,,,,0.00,,,ELM HILL PKE,,,,0.00,Y,Four-Way,N,Intersection,None,,,         ,Mitchell,Tolzmann,"Cloudy, Rain",Rear to Side,no,no,no,no,no,False
103501780,METROPOLITAN NASHVILLE POLICE DEPT,20220616024,Davidson,Nashville,12/6/2022 7:02:00 AM,1,0,0,36.239650,-86.775560,BRILEY PKWYW,,,,854.00,Feet,East,BRILEY PKWYE,,,,0.00,N,Not at Intersection, ,Non-Junction,None,,,         ,Christopher,Littles,"Cloudy, Rain",Not Collision with Motor Vehicle in Transport,no,no,no,no,no,False
103501781,METROPOLITAN NASHVILLE POLICE DEPT,20220616050,Davidson,Nashville,12/6/2022 7:17:00 AM,2,0,0,36.235090,-86.765410,I 65,,,,0.00,,,,,,,89.45,N,Not at Intersection,N,Non-Junction,None,,,         ,Christopher,Littles,"Cloudy, Rain",Angle,no,no,no,no,no,False
103501786,METROPOLITAN NASHVILLE POLICE DEPT,20220610786,Davidson,Nashville,12/3/2022 7:15:00 AM,1,1,0,36.238180,-86.782020,BRILEY PKWYE,,,,298.00,Feet,East,I24 W EXT RAMP,,,,0.00,N,Not at Intersection,N,Non-Junction,None,,,         ,Donald,Davidson,Cloudy,Not Collision with Motor Vehicle in Transport,no,no,no,no,no,False
103501793,METROPOLITAN NASHVILLE POLICE DEPT,20220615921,Davidson,Nashville,12/6/2022 5:30:00 AM,2,0,0,36.191950,-86.781940,I 65,,,,0.00,,,,,,,86.20,N,Not at Intersection,N,Non-Junction,None,,,         ,Emelie,Skye,Rain,Angle,no,no,no,no,no,False
103501797,METROPOLITAN NASHVILLE POLICE DEPT,20220616000,Davidson,Nashville,12/6/2022 6:40:00 AM,1,1,0,36.153120,-86.764750,I24 W ENT RAMP,,,,0.00,Feet,East,I 40,,,,0.00,N,Not at Intersection,N,Non-Junction,None,,,         ,William,Badger,Rain,Not Collision with Motor Vehicle in Transport,no,no,no,no,no,False
103501798,METROPOLITAN NASHVILLE POLICE DEPT,20220615975,Davidson,Nashville,12/6/2022 6:30:00 AM,1,2,0,36.235870,-86.726440,BRILEY PKWYW,,,,108.00,Feet,North,BRILEY PKWYE,,,,0.00,N,Not at Intersection,N,Non-Junction,None,,,         ,Ernie,Wilson,Rain,Not Collision with Motor Vehicle in Transport,no,no,no,no,no,False
103501800,METROPOLITAN NASHVILLE POLICE DEPT,20220616101,Davidson,Nashville,12/6/2022 7:36:00 AM,2,0,0,36.156010,-86.629080,I 40,,,,0.00,,,,,,,219.00,N,Not at Intersection, ,Non-Junction,None,,,         ,Ian,Hammond,Rain,"Sideswipe, Same Direction",no,no,no,no,no,False
103501803,METROPOLITAN NASHVILLE POLICE DEPT,20220615991,Davidson,Nashville,12/6/2022 6:41:00 AM,2,0,0,36.136280,-86.629960,REELFOOT DR,,,,53.00,Feet,West,BELL RD,,,,0.00,N,Not at Intersection, ,Non-Junction,None,,,         ,Alma,Villa,Rain,Angle,no,no,no,no,no,False
103501809,GOODLETTSVILLE POLICE DEPT,22-36934,Davidson,Goodlettsville,12/6/2022 6:40:00 AM,2,1,0,36.324300,-86.703800,LONG HOLLOW PKE,,,,77.00,Feet,East,I65 N EXT RAMP,,,,0.00,N,Not at Intersection,Y,Non-Junction,None,,,         ,Benny,Alexander,Rain,Front to Rear,no,no,no,no,no,False
103501820,METROPOLITAN NASHVILLE POLICE DEPT,20220616117,Davidson,Nashville,12/6/2022 7:42:00 AM,2,0,0,36.045470,-86.723080,OLD HICKORY BLVD,,,,583.00,Feet,East,ENCLAVE CIR,,,,0.00,N,Not at Intersection,N,Non-Junction,None,,,         ,Sekou,Samassi,Rain,"Sideswipe, Same Direction",no,no,no,no,no,False