master_record_number,agency,agency_tracking_number,county,city,collision_date,vehicles_involved,number_injured,number_dead,latitude,longitude,roadway_name,roadway_suffix,roadway_number,roadway_local_id,distance_from_reference,miles-feet_indicator,direction_from_reference,intersection_road_name,intersection_road_name_suffix,intersection_road_number,intersection_local_id,mile_marker,intersection_indicator,intersect_type,interchange_related_indicator,relation_to_junction,work_zone_type,construction_maintenance_zone,construction_maintenance_zone_location,fatal_case_number,officer_first_name,officer_last_name,weather_condition(s),manner_of_crash,pedestrian,bicycle,scooter,parking,hitrun,mou
103501829,METROPOLITAN NASHVILLE POLICE DEPT,20220616224,Davidson,Nashville,12/6/2022 12:00:00 AM,1,0,0,36.081380,-86.593650,SMITH SPRINGS RD,,,,0.00,Feet,East,SCENIC LAKE CT,,,,0.00,N,Not at Intersection, ,Non-Junction,None,,,         ,Clayton,Smith,Fog,Not Collision with Motor Vehicle in Transport,no,no,no,yes,yes,False
103501832,METROPOLITAN NASHVILLE POLICE DEPT,20220616158,Davidson,Nashville,12/6/2022 7:35:00 AM,1,0,0,36.068670,-86.674540,RICHARDS RD,,,,0.00,,,,,,,0.00,,,N,Non-Junction,None,,,         ,Eric,Burford,Rain,Not Collision with Motor Vehicle in Transport,no,no,no,no,yes,False
103501856,METROPOLITAN NASHVILLE POLICE DEPT,20220614502,Davidson,Nashville,12/5/2022 1:50:00 PM,2,1,0,36.165130,-86.857070,57TH AVN,,,,0.00,Feet,,NEW YORK AV,,,,0.00,Y,T-Intersection,Y,Intersection,None,,,         ,Stacia,Getz,Clear,Angle,no,no,no,no,no,False
103501860,METROPOLITAN NASHVILLE POLICE DEPT,20220616107,Davidson,Nashville,12/6/2022 7:38:00 AM,2,1,0,36.124830,-86.734840,I 440,,,,0.00,,,I 440,,,,0.00,Y,Y-Intersection,N,Non-Junction,None,,,         ,Luis,Pena,"Cloudy, Rain",Front to Rear,no,no,no,no,no,False
103501866,METROPOLITAN NASHVILLE POLICE DEPT,20220616046,Davidson,Nashville,12/6/2022 7:14:00 AM,2,0,0,36.188810,-86.750620,LAURENT ST,,,,35.00,Feet,North,GRANADA AV,,,,0.00,N,Not at Intersection, ,Non-Junction,None,,,         ,Miranda,Vaughn,"Cloudy, Rain",Angle,no,no,no,no,no,False
103501881,METROPOLITAN NASHVILLE POLICE DEPT,20220616265,Davidson,Nashville,12/6/2022 9:10:00 AM,2,0,0,36.234680,-86.724780,GALLATIN PKE,,,,15.00,Feet,South,BRILEY PKWY E EXT RAMP,,,,0.00,N,Not at Intersection,N,Non-Junction,None,,,         ,Michael,Agee,Rain,Front to Rear,no,no,no,no,no,False
103501883,BERRY HILL POLICE DEPT,22-3537,Davidson,Berry Hill,12/6/2022 8:18:00 AM,1,0,0,36.120590,-86.764030,MELROSE AV,,,,70.00,Feet,West,FOUR FORTY CENTER PVTDR,,,,0.00,N,Not at Intersection, ,Non-Junction,None,,,         ,Ronnie,Hill,Rain,Not Collision with Motor Vehicle in Transport,no,no,no,no,no,False
103501886,METROPOLITAN NASHVILLE POLICE DEPT,20220616227,Davidson,Nashville,12/6/2022 8:52:00 AM,3,2,0,36.071180,-86.655380,PEBBLE CREEK DR,,,,20.00,Feet,West,PEBBLE CREEK CT,,,,0.00,N,Not at Intersection,N,Non-Junction,None,,,         ,Joe,Hooper,Rain,Angle,no,no,no,no,no,False
103501887,METROPOLITAN NASHVILLE POLICE DEPT,20220616269,Davidson,Nashville,12/6/2022 9:12:00 AM,2,1,0,36.044770,-86.661530,BELL RD,,,,0.00,Feet,,CANE RIDGE RD,,,,0.00,Y,Four-Way,N,Intersection-Related,None,,,         ,Charles,Agius,"Cloudy, Rain",Front to Rear,no,no,no,no,no,False
103501890,METROPOLITAN NASHVILLE POLICE DEPT,20220616052,Davidson,Nashville,12/6/2022 7:17:00 AM,2,0,0,36.133480,-86.722960,MURFREESBORO PKE,,,,231.00,Feet,South,PLUS PARK BLVD,,,,0.00,N,Not at Intersection,N,"Driveway, Alley Access, etc",None,,,         ,Todd,Watson,"Cloudy, Rain",Angle,no,no,no,no,no,False
103501891,METROPOLITAN NASHVILLE POLICE DEPT,2022-0599750,Davidson,Nashville,11/28/2022 12:00:00 AM,2,0,0,36.141160,-86.717760,I40 W EXT RAMP,,,,0.00,Feet,East,I 40,,,,0.00,N,Not at Intersection,N,Non-Junction,None,,,         ,Frank,Walker,Cloudy,Front to Rear,no,no,no,no,no,False
103501892,METROPOLITAN NASHVILLE POLICE DEPT,20220616244,Davidson,Nashville,12/6/2022 8:59:00 AM,2,0,0,36.216670,-86.693080,MCGAVOCK PKE EB EXT RAMP,,,,0.00,,,MCGAVOCK PKE,,,,0.00,Y,Four-Way, ,Intersection,None,,,         ,Patrick,Lancaster,Rain,Front to Rear,no,no,no,no,no,False
103501893,METROPOLITAN NASHVILLE POLICE DEPT,20220616308,Davidson,Nashville,12/6/2022 9:15:00 AM,2,0,0,36.161530,-86.783850,ROSA L PARKS BLVD,,,,0.00,,,ROSA L PARKS AV,,,,0.00,Y,Four-Way, ,Intersection-Related,None,,,         ,Russell,Freeman,Rain,Front to Rear,no,no,no,no,no,False
103501896,METROPOLITAN NASHVILLE POLICE DEPT,20220616338,Davidson,Nashville,12/6/2022 9:58:00 AM,2,1,0,36.130080,-86.855560,WHITE BRIDGE PKE,,,,318.00,Feet,East,WHITE BRIDGE RD PVTDR,,,,0.00,N,Not at Intersection,N,Non-Junction,None,,,         ,Douglas,Atwood,Rain,Angle,no,no,no,no,no,False
103501898,METROPOLITAN NASHVILLE POLICE DEPT,20220616241,Davidson,Nashville,12/6/2022 9:00:00 AM,2,0,0,36.062240,-86.904810,HIGHWAY 100,,,,58.00,Feet,West,OLD HICKORY BLVD,,,,0.00,N,Not at Intersection, ,Non-Junction,None,,,         ,George,Spencer,Rain,"Sideswipe, Opposite Direction",no,no,no,no,no,False
103501922,METROPOLITAN NASHVILLE POLICE DEPT,20220616027,Davidson,Nashville,12/6/2022 5:45:00 AM,2,0,0,36.202710,-86.776860,I 65,,,,0.00,,,,,,,87.00,N,Not at Intersection,N,Non-Junction,None,,,         ,Judah,Parker,Rain,"Sideswipe, Same Direction",no,no,no,no,no,False
103501924,VANDERBILT UNIVERSITY POLICE,20220616400,Davidson,Nashville,12/6/2022 10:23:00 AM,3,0,0,36.140180,-86.801890,MEDICAL CENTER DR,,,,0.00,,,,,,,0.00,,Not at Intersection, ,Non-Junction,None,,,         ,Wintrust,Paul,Rain,Front to Rear,no,no,no,yes,no,Campus
103501935,METROPOLITAN NASHVILLE POLICE DEPT,20220616348,Davidson,Nashville,12/6/2022 10:03:00 AM,1,0,0,36.103060,-86.714100,I 24,,,,0.00,,,,,,,54.30,N,Not at Intersection,N,Non-Junction,None,,,         ,Jason,Hees,Rain,Not Collision with Motor Vehicle in Transport,no,no,no,no,no,False
103501941,METROPOLITAN NASHVILLE POLICE DEPT,20220616028,Davidson,Nashville,12/6/2022 6:01:00 AM,2,0,0,36.204540,-86.776710,I 65,,,,0.00,,,,,,,87.15,N,Not at Intersection, ,Non-Junction,None,,,         ,Judah,Parker,Rain,"Sideswipe, Same Direction",no,no,no,no,no,False
103501965,METROPOLITAN NASHVILLE POLICE DEPT,20220616567,Davidson,Nashville,12/6/2022 12:29:00 PM,1,0,0,36.169340,-86.606580,I40 E EXT RAMP,,,,0.00,,,I 40,,,,0.00,Y,OTHER,Y,Non-Junction,None,,,         ,Ian,Hammond,Rain,Not Collision with Motor Vehicle in Transport,no,no,no,no,no,False
103502025,METROPOLITAN NASHVILLE POLICE DEPT,20220616608,Davidson,Nashville,12/6/2022 1:00:00 PM,2,0,0,36.177550,-86.785060,2ND AVN,,,,270.00,Feet,South,MONROE ST,,,,0.00,N,Not at Intersection, ,Non-Junction,None,,,         ,Wesley,Young,Rain,"Sideswipe, Same Direction",no,no,no,no,no,False
103502026,METROPOLITAN NASHVILLE POLICE DEPT,20220616625,Davidson,Nashville,12/6/2022 1:01:00 PM,2,1,0,36.164800,-86.772890,TITANS WAY,,,,332.00,Feet,North,EAST BANK GRNWY,,,,0.00,N,Not at Intersection,N,Non-Junction,None,,,         ,Cory,Fetner,Cloudy,Rear to Rear,no,no,no,no,no,False
103502032,METROPOLITAN NASHVILLE POLICE DEPT,20220616531,Davidson,Nashville,12/6/2022 12:00:00 PM,2,0,0,36.074060,-86.920800,OLD HICKORY BLVD,,,,106.00,Feet,North,BELLEVUE VALLEY PLAZA PVTDR,,,,0.00,N,Not at Intersection, ,Non-Junction,None,,,         ,Darren,Key,"Cloudy, Rain",Front to Rear,no,no,no,no,no,False
103502042,METROPOLITAN NASHVILLE POLICE DEPT,20220616496,Davidson,Nashville,12/6/2022 11:43:00 AM,1,1,0,36.149990,-86.796840,LYLE AV,,,,41.00,Feet,West,DIVISION ST,,,,0.00,N,Not at Intersection,N,Non-Junction,None,,,         ,Michael,Moss,"Cloudy, Rain",Not Collision with Motor Vehicle in Transport,yes,no,no,no,no,False
103502071,METROPOLITAN NASHVILLE POLICE DEPT,20220616585,Davidson,Nashville,12/6/2022 12:41:00 PM,2,0,0,36.260460,-86.762740,BELLSHIRE DR,,,,0.00,,,TUCKAHOE DR,,,,0.00,Y,Four-Way,N,Intersection,None,,,         ,Christopher,Littles,"Cloudy, Rain",Angle,no,no,no,no,no,False
103502074,METROPOLITAN NASHVILLE POLICE DEPT,20220614473,Davidson,Nashville,12/5/2022 1:40:00 PM,2,2,0,36.088760,-86.643840,NASHBORO BLVD,,,,295.00,Feet,West,NASHBORO VILLAGE PVTDR,,,,0.00,N,Not at Intersection,N,Non-Junction,None,,,         ,Kevin,Coleman,Rain,Angle,no,no,no,no,no,False
103502080,METROPOLITAN NASHVILLE POLICE DEPT,20220616485,Davidson,Nashville,12/6/2022 11:03:00 AM,2,1,0,36.049980,-86.649500,BELL RD,,,,0.00,,,MT VIEW RD,,,,0.00,Y,Four-Way,N,Intersection-Related,None,,,         ,Joe,Hooper,Rain,Front to Rear,no,no,no,no,no,False
103502128,METROPOLITAN NASHVILLE POLICE DEPT,20220616688,Davidson,Nashville,12/6/2022 12:02:00 PM,2,1,0,36.034770,-86.743540,EDMONDSON PKE,,,,133.00,Feet,North,FRONTIER LN,,,,0.00,N,Not at Intersection,N,Non-Junction,None,,,         ,Travis,Pemberton,Cloudy,Front to Rear,no,no,no,no,no,False
103502136,METROPOLITAN NASHVILLE POLICE DEPT,2022-0616169,Davidson,Nashville,12/6/2022 8:00:00 AM,2,0,0,36.038890,-86.782810,I 65,,,,0.00,,,,,,,74.65,N,Not at Intersection,N,Non-Junction,None,,,         ,Sean,Williams,Rain,Front to Rear,no,no,no,no,no,False
103502155,METROPOLITAN NASHVILLE POLICE DEPT,20220616445,Davidson,Nashville,12/6/2022 11:08:00 AM,2,0,0,36.117460,-86.770370,I65 S ENT RAMP,,,,0.00,Feet,East,I 440,,,,0.00,N,Not at Intersection,N,Non-Junction,None,,,         ,Joseph,Jakes,Rain,Front to Rear,no,no,no,no,no,False
103502156,METROPOLITAN NASHVILLE POLICE DEPT,20220616721,Davidson,Nashville,12/6/2022 1:51:00 PM,4,0,0,36.203220,-86.776840,I 65,,,,0.00,,,,,,,87.10,N,Not at Intersection,N,Non-Junction,None,,,         ,Jordan,Vrbas,Cloudy,Angle,no,no,no,no,no,False
103502249,METROPOLITAN NASHVILLE POLICE DEPT,20220616772,Davidson,Nashville,12/6/2022 12:00:00 AM,2,1,0,36.099710,-86.737440,WALLER ST,,,,101.00,Feet,North,MCCALL ST,,,,0.00,N,Not at Intersection,N,Non-Junction,None,,,         ,Luis,Pena,Cloudy,"Sideswipe, Same Direction",no,no,no,no,yes,False
103502258,METROPOLITAN NASHVILLE POLICE DEPT,20220616577,Davidson,Nashville,12/6/2022 10:47:00 AM,2,0,0,36.168420,-86.687960,LEBANON PKE,,,,0.00,,,BRILEY PKWY N ENT RAMP,,,,0.00,Y,OTHER,N,Intersection,None,,,         ,Brian,Ritz,"Cloudy, Rain",Angle,no,no,no,no,no,False
103502265,BERRY HILL POLICE DEPT,22-3540,Davidson,Berry Hill,12/6/2022 12:00:00 AM,2,0,0,36.112760,-86.766230,HEATHER PL,,,,0.00,,,,,,,0.00,,, ,,None,,,         ,John,Gleixner,,,no,no,no,yes,no,False
103502266,METROPOLITAN NASHVILLE POLICE DEPT,20220616327,Davidson,Nashville,12/6/2022 9:54:00 AM,1,0,0,36.125900,-86.904520,I 40,,,,0.00,,,,,,,200.60,N,Not at Intersection,N,Non-Junction,None,,,         ,Tony,Folad,Clear,Not Collision with Motor Vehicle in Transport,no,no,no,no,no,False
103502276,METROPOLITAN NASHVILLE POLICE DEPT,2022-0616795,Davidson,Nashville,12/6/2022 2:05:00 PM,2,0,0,36.150280,-86.817470,PARK PLZ,,,,192.00,Feet,East,28TH AVN,,,,0.00,N,Not at Intersection, ,Non-Junction,None,,,         ,Po,Cheng,Cloudy,Front to Rear,no,no,no,no,no,False
103502304,METROPOLITAN NASHVILLE POLICE DEPT,20220616900,Davidson,Nashville,12/6/2022 3:31:00 PM,2,0,0,36.039900,-86.741960,OLD HICKORY BLVD,,,,448.00,Feet,East,EDMONDSON PKE,,,,0.00,N,Not at Intersection, ,Non-Junction,None,,,         ,David,Harms,Cloudy,Angle,no,no,no,no,no,False
103502305,METROPOLITAN NASHVILLE POLICE DEPT,20220616898,Davidson,Nashville,12/6/2022 3:35:00 PM,3,1,0,36.123840,-86.826560,WOODLAWN DR,,,,0.00,,,BOWLING AV,,,,0.00,Y,Four-Way,N,Intersection,None,,,         ,Robert,Crow,Cloudy,Angle,no,no,no,no,no,False
103502306,METROPOLITAN NASHVILLE POLICE DEPT,20220616885,Davidson,Nashville,12/6/2022 3:15:00 PM,2,0,0,36.143500,-86.794410,EDGEHILL AV,,,,0.00,,,17TH AVS,,,,0.00,Y,Four-Way,N,Intersection,None,,,         ,Samuel,Sundra,Cloudy,Angle,no,no,no,no,no,Campus
103502310,METROPOLITAN NASHVILLE POLICE DEPT,20220613872,Davidson,Nashville,12/5/2022 7:30:00 AM,1,1,0,36.088110,-86.716370,PARAGON MILLS RD,,,,263.00,Feet,East,BENITA DR,,,,0.00,N,Not at Intersection,N,Non-Junction,None,,,         ,Tyler,Heckaman,Rain,Not Collision with Motor Vehicle in Transport,no,no,no,no,no,False
103502316,METROPOLITAN NASHVILLE POLICE DEPT,20220616977,Davidson,Nashville,12/6/2022 4:09:00 PM,2,0,0,36.158230,-86.783340,9TH AVS,,,,42.00,Feet,South,BROADWAY,,,,0.00,N,Not at Intersection, ,Non-Junction,None,,,         ,Ralph,Gault,Clear,Angle,no,no,no,no,no,False
103502319,METROPOLITAN NASHVILLE POLICE DEPT,2022-0616745,Davidson,Nashville,12/6/2022 2:06:00 PM,3,2,0,36.048440,-86.776110,I 65,,,,0.00,,,,,,,75.35,N,Not at Intersection,N,Non-Junction,None,,,         ,Sean,Williams,Clear,"Sideswipe, Same Direction",no,no,no,no,no,False
103502321,METROPOLITAN NASHVILLE POLICE DEPT,20220616934,Davidson,Nashville,12/6/2022 3:50:00 PM,2,3,0,36.141160,-86.717760,I40 W EXT RAMP,,,,0.00,Feet,East,I 40,,,,0.00,N,Not at Intersection,N,Non-Junction,None,,,         ,Reagan,Heath,Clear,Not Collision with Motor Vehicle in Transport,no,no,no,no,no,False
103502329,Nashville Airport Police,2022-05153,Davidson,Nashville,12/5/2022 4:41:00 PM,3,0,0,36.133780,-86.664090,DONELSON PKES,,,,805.00,Feet,South,DONELSON PKE,,,,0.00,N,Not at Intersection,N,Non-Junction,None,,,         ,Gary,Polk,Rain,Front to Rear,no,no,no,yes,no,False
103502339,METROPOLITAN NASHVILLE POLICE DEPT,20220617065,Davidson,Nashville,12/6/2022 5:09:00 PM,2,1,0,36.101300,-86.870670,HARDING PKE,,,,344.00,Feet,South,HARDING PL,,,,0.00,N,Not at Intersection,N,Non-Junction,None,,,         ,Jared,Dick,Clear,Angle,no,no,no,no,no,False
103502348,METROPOLITAN NASHVILLE POLICE DEPT,20220616858,Davidson,Nashville,12/6/2022 3:14:00 PM,2,5,0,36.208710,-86.776200,I 65,,,,0.00,,,,,,,87.45,N,Not at Intersection,N,Non-Junction,None,,,         ,Michael,Esposito,Cloudy,Front to Rear,no,no,no,no,no,False
103502352,METROPOLITAN NASHVILLE POLICE DEPT,20220616943,Davidson,Nashville,12/6/2022 3:49:00 PM,2,0,0,36.141940,-86.781060,EDGEHILL AV,,,,0.00,,,9TH AVS,,,,0.00,Y,Four-Way,N,Intersection-Related,None,,,         ,Michael,Moss,Cloudy,Angle,no,no,no,no,no,False
103502353,METROPOLITAN NASHVILLE POLICE DEPT,20220617098,Davidson,Nashville,12/6/2022 5:22:00 PM,3,0,0,36.273830,-86.796340,I 24,,,,0.00,,,,,,,40.80,N,Not at Intersection, ,Non-Junction,None,,,         ,Kyle,Eicholtz,Cloudy,Front to Rear,no,no,no,no,no,False
103502375,METROPOLITAN NASHVILLE POLICE DEPT,20220617235,Davidson,Nashville,12/6/2022 5:59:00 PM,2,0,0,36.246600,-86.783890,I 24,,,,0.00,,,,,,,42.80,N,Not at Intersection,N,Non-Junction,None,,,         ,Kyle,Eicholtz,Cloudy,Front to Rear,no,no,no,no,yes,False
103502385,METROPOLITAN NASHVILLE POLICE DEPT,20220617198,Davidson,Nashville,12/6/2022 12:00:00 AM,2,0,0,36.141520,-86.776740,I 65,,,,0.00,,,,,,,82.00,N,Not at Intersection,N,Non-Junction,None,,,         ,Trevor,Taylor,Cloudy,Front to Rear,no,no,no,no,yes,False
103502390,METROPOLITAN NASHVILLE POLICE DEPT,20220617172,Davidson,Nashville,12/6/2022 5:55:00 PM,2,2,0,36.074430,-86.745970,BLACKMAN RD,,,,0.00,,,DANBY DR,,,,0.00,Y,Four-Way,N,Intersection,None,,,         ,Samuel,Sundra,Cloudy,HeadOn,no,no,no,no,no,False
103502392,METROPOLITAN NASHVILLE POLICE DEPT,20220617203,Davidson,Nashville,12/6/2022 12:00:00 AM,2,0,0,36.086150,-86.700290,I 24,,,,0.00,,,,,,,55.70,N,Not at Intersection,N,Non-Junction,None,,,         ,Taylor,Blackwelder,Cloudy,Front to Rear,no,no,no,no,no,False
103502396,METROPOLITAN NASHVILLE POLICE DEPT,20220617104,Davidson,Nashville,12/6/2022 5:30:00 PM,1,1,0,36.041280,-86.822010,OLD HICKORY BLVD,,,,172.00,Feet,West,HICKORY SPRINGS RD,,,,0.00,N,Not at Intersection,N,Non-Junction,None,,,         ,Tyler,Shanks,Clear,Not Collision with Motor Vehicle in Transport,no,no,no,no,no,False
103502405,METROPOLITAN NASHVILLE POLICE DEPT,20220616996,Davidson,Nashville,12/6/2022 4:00:00 PM,2,0,0,36.069470,-86.687540,I24 W EXT RAMP,,,,0.00,Feet,East,I 24,,,,0.00,N,Not at Intersection, ,Entrance/Exit Ramp Related,None,,,         ,Lauren,Ferrer,Clear,Other,no,no,no,no,yes,False
103502425,METROPOLITAN NASHVILLE POLICE DEPT,20220617238,Davidson,Nashville,12/6/2022 5:00:00 PM,3,0,0,36.149930,-86.765710,LAFAYETTE ST,,,,0.00,Feet,,UNIVERSITY CT,,,,0.00,Y,T-Intersection,N,Intersection,None,,,         ,Dalton,Crum,Cloudy,Angle,no,no,no,no,yes,False
103502447,METROPOLITAN NASHVILLE POLICE DEPT,20220617096,Davidson,Not in City Limit,12/6/2022 4:59:00 PM,1,0,0,36.320510,-86.899250,CLARKSVILLE PKE,,,,641.00,Feet,East,OLD CLARKSVILLE PKE,,,,0.00,N,Not at Intersection, ,Non-Junction,None,,,         ,Craig,Paschetti,Clear,Not Collision with Motor Vehicle in Transport,no,no,no,no,no,False
103502448,METROPOLITAN NASHVILLE POLICE DEPT,20220617311,Davidson,Nashville,12/6/2022 7:02:00 PM,2,0,0,36.205930,-86.736910,GALLATIN PKE,,,,68.00,Feet,South,ELVIRA AV,,,,0.00,N,Not at Intersection, ,Non-Junction,None,,,         ,Joseph,Gonzales,Cloudy,"Sideswipe, Same Direction",no,no,no,no,no,False
103502450,METROPOLITAN NASHVILLE POLICE DEPT,20220616300,Davidson,Nashville,12/6/2022 8:38:00 AM,2,0,0,36.195620,-86.776120,I 65,,,,0.00,,,,,,,86.55,N,Not at Intersection, ,Non-Junction,None,,,         ,Judah,Parker,Rain,"Sideswipe, Same Direction",no,no,no,no,no,False
103502453,METROPOLITAN NASHVILLE POLICE DEPT,20220617236,Davidson,Nashville,12/6/2022 12:00:00 AM,3,2,0,36.171430,-86.769040,JAMES ROBERTSON PKWY,,,,0.00,,,INTERSTATE DR,,,,0.00,Y,Four-Way,N,Intersection,None,,,         ,Trevor,Taylor,Cloudy,Angle,no,no,no,no,no,False
103502457,THP District 9 - Administrative,322102850,Davidson,Nashville,12/5/2022 3:52:00 PM,2,0,0,36.069770,-86.641060,RICE RD,,,,535.00,Feet,North,RURAL HILL RD,,,,0.00,N,Not at Intersection, ,Non-Junction,None,,,         ,Andrew,Simunic,Rain,Angle,no,no,no,no,no,False
103502471,METROPOLITAN NASHVILLE POLICE DEPT,20220617389,Davidson,Nashville,12/6/2022 7:30:00 PM,2,0,0,36.130070,-86.900780,CHARLOTTE PKE,,,,0.00,,,CABOT DR,,,,0.00,Y,T-Intersection,N,Intersection,None,,,         ,Robert,Crow,Cloudy,Angle,no,no,no,no,no,False
103502480,METROPOLITAN NASHVILLE POLICE DEPT,20220616344,Davidson,Nashville,12/6/2022 10:02:00 AM,2,1,0,36.192210,-86.779580,I 65,,,,0.00,,,,,,,86.35,N,Not at Intersection,N,Non-Junction,None,,,         ,Judah,Parker,Rain,"Sideswipe, Same Direction",no,no,no,no,no,False
103502494,METROPOLITAN NASHVILLE POLICE DEPT,20220617380,Davidson,Nashville,12/6/2022 7:55:00 PM,2,1,0,36.052990,-86.675420,TUSCULUM RD,,,,231.00,Feet,West,SAXONY LAKE DR,,,,0.00,N,Not at Intersection,N,Non-Junction,None,,,         ,Gary,Anderson,Clear,Angle,no,no,no,no,no,False
103502496,METROPOLITAN NASHVILLE POLICE DEPT,20220617252,Davidson,Antioch,12/6/2022 6:00:00 PM,2,1,0,36.062743,-86.608191,MT. VIEW,RD,,,0.00,,,HAMILTON CHURCH,RD,,,0.00,Y,Four-Way,Y,Intersection,None,,,         ,Forrest,Tucker,Clear,HeadOn,no,no,no,no,no,False
103502502,METROPOLITAN NASHVILLE POLICE DEPT,20220617139,Davidson,Nashville,12/6/2022 5:45:00 PM,3,1,0,36.175520,-86.742570,HOLLY ST,,,,132.00,Feet,West,S 16TH ST,,,,0.00,N,Not at Intersection,N,Non-Junction,None,,,         ,Kelsey,Hemminger,Clear,Angle,no,no,no,no,yes,False
103502507,METROPOLITAN NASHVILLE POLICE DEPT,20220617218,Davidson,Nashville,12/6/2022 6:18:00 PM,2,1,0,36.116520,-86.697590,MURFREESBORO PKE,,,,0.00,,,MCGAVOCK PKE,,,,0.00,Y,Four-Way,N,Intersection,None,,,         ,Rami,Rouhi,Rain,Angle,no,no,no,no,yes,False
103502531,METROPOLITAN NASHVILLE POLICE DEPT,20220617146,Davidson,Nashville,12/6/2022 5:47:00 PM,1,0,1,36.210780,-86.753720,OAKWOOD AV,,,,30.00,Feet,South,SLAYDON DR,,,,0.00,N,Not at Intersection,N,Non-Junction,None,,,         ,Cressie,Prill,"Cloudy, Rain",Not Collision with Motor Vehicle in Transport,yes,no,no,no,yes,False
103502532,METROPOLITAN NASHVILLE POLICE DEPT,20220616673,Davidson,Nashville,12/6/2022 1:31:00 PM,2,0,0,36.153080,-86.822560,I 440,,,,0.00,,,,,,,1.65,N,Not at Intersection, ,Non-Junction,None,,,         ,Judah,Parker,Rain,"Sideswipe, Same Direction",no,no,no,no,yes,False
103502533,METROPOLITAN NASHVILLE POLICE DEPT,20220617455,Davidson,Nashville,12/6/2022 8:30:00 PM,2,0,0,36.127760,-86.712480,MURFREESBORO PKE,,,,218.00,Feet,East,PHILFRE CT,,,,0.00,N,Not at Intersection,N,OtherLocation,None,,,         ,Ernest,Jones,Rain,Angle,no,no,no,yes,yes,False
103502534,METROPOLITAN NASHVILLE POLICE DEPT,20220617258,Davidson,Not in City Limit,12/6/2022 6:20:00 PM,1,0,0,36.304510,-86.814240,I 24,,,,0.00,,,,,,,38.40,N,Not at Intersection,N,Non-Junction,None,,,         ,Craig,Paschetti,Clear,Not Collision with Motor Vehicle in Transport,no,no,no,no,no,False
103502538,METROPOLITAN NASHVILLE POLICE DEPT,20220617234,Davidson,Nashville,12/6/2022 5:40:00 PM,2,0,0,36.056670,-86.649740,RURAL HILL RD,,,,93.00,Feet,West,TOOK DR,,,,0.00,N,Not at Intersection,N,Non-Junction,None,,,         ,Keith,Parlato,Cloudy,"Sideswipe, Opposite Direction",no,no,no,no,yes,False
103502551,THP District 3 - Nashville,322103250,Davidson,Nashville,12/6/2022 6:40:00 PM,2,0,0,36.151730,-86.786680,I 40,,,,0.00,,,,,,,209.40,N,Not at Intersection, ,Entrance/Exit Ramp Related,None,,,         ,Robert,Bennett,Cloudy,"Sideswipe, Same Direction",no,no,no,no,no,False
103502554,METROPOLITAN NASHVILLE POLICE DEPT,20220616926,Davidson,Nashville,12/6/2022 3:50:00 PM,2,1,0,36.248050,-86.720330,GALLATIN PKES,,,,0.00,Feet,North,DUE WEST AVE,,,,0.00,N,Not at Intersection,N,Non-Junction,None,,,         ,Wesley,Carver,Clear,Front to Rear,no,no,no,no,no,False
103502571,METROPOLITAN NASHVILLE POLICE DEPT,20220617279,Davidson,Nashville,12/6/2022 7:02:00 PM,2,2,0,36.089660,-86.688460,HARDING PL,,,,0.00,,,,,,,0.00,,,Y,Intersection,None,,,         ,George,Poulos,Rain,Angle,no,no,no,no,no,False
103502574,METROPOLITAN NASHVILLE POLICE DEPT,20220617351,Davidson,Nashville,12/6/2022 7:38:00 PM,5,2,0,36.090270,-86.916030,THE RESERVE PVTDR,,,,0.00,Feet,East,JOCELYN HOLLOW RD,,,,0.00,N,Not at Intersection,N,Non-Junction,None,,,         ,Tony,Folad,Cloudy,Angle,no,no,no,yes,no,False
103502580,METROPOLITAN NASHVILLE POLICE DEPT,20220617549,Davidson,Nashville,12/6/2022 12:00:00 AM,1,2,0,36.074030,-86.769080,I 65,,,,0.00,,,,,,,77.20,N,Not at Intersection,N,Non-Junction,None,,,         ,Clayton,Cox,Rain,Not Collision with Motor Vehicle in Transport,no,no,no,no,no,False
103502590,METROPOLITAN NASHVILLE POLICE DEPT,20220619709,Davidson,Nashville,12/6/2022 4:18:00 PM,2,0,0,36.203660,-86.776540,I65 N EXT RAMP,,,,0.00,Feet,East,I 65,,,,0.00,N,Not at Intersection, ,Non-Junction,None,,,         ,Hannah,Wright,Rain,Angle,no,no,no,no,no,False
103502593,METROPOLITAN NASHVILLE POLICE DEPT,20220617025,Davidson,Nashville,12/6/2022 4:46:00 PM,1,0,0,36.242350,-86.749730,I 65,,,,0.00,,,,,,,90.50,N,Not at Intersection,Y,Entrance/Exit Ramp Related,None,,,         ,Bradly,Mackay,Rain,Not Collision with Motor Vehicle in Transport,no,no,no,no,no,False
103502594,METROPOLITAN NASHVILLE POLICE DEPT,20220617461,Davidson,Nashville,12/6/2022 8:51:00 PM,1,1,0,36.201350,-86.617650,LEBANON PKE,,,,54.00,Feet,North,TYLER DR,,,,0.00,N,Not at Intersection,N,Non-Junction,None,,,         ,Zachary,Aldrich,Rain,Not Collision with Motor Vehicle in Transport,yes,no,no,no,yes,False
103502608,METROPOLITAN NASHVILLE POLICE DEPT,20220617528,Davidson,Nashville,12/6/2022 9:10:00 PM,3,0,0,36.067110,-86.630930,MURFREESBORO PKE,,,,144.00,Feet,South,FOREST VIEW DR,,,,0.00,N,Not at Intersection,N,Non-Junction,None,,,         ,Gregory,Rdzok,Rain,Front to Rear,no,no,no,no,yes,False