master_record_number,agency,agency_tracking_number,county,city,collision_date,vehicles_involved,number_injured,number_dead,latitude,longitude,roadway_name,roadway_suffix,roadway_number,roadway_local_id,distance_from_reference,miles-feet_indicator,direction_from_reference,intersection_road_name,intersection_road_name_suffix,intersection_road_number,intersection_local_id,mile_marker,intersection_indicator,intersect_type,interchange_related_indicator,relation_to_junction,work_zone_type,construction_maintenance_zone,construction_maintenance_zone_location,fatal_case_number,officer_first_name,officer_last_name,weather_condition(s),manner_of_crash,pedestrian,bicycle,scooter,parking,hitrun,mou
103503277,METROPOLITAN NASHVILLE POLICE DEPT,20220619325,Davidson,Nashville,12/7/2022 5:20:00 PM,2,1,0,36.069490,-86.693160,HAYWOOD LN,,,,129.00,Feet,West,HAYWOOD SQUARE PVTDR,,,,0.00,N,Not at Intersection,N,Non-Junction,None,,,         ,Laura,Williams,Clear,Angle,no,no,no,no,no,False
103503278,METROPOLITAN NASHVILLE POLICE DEPT,20220619273,Davidson,Nashville,12/7/2022 5:04:00 PM,2,0,0,36.143250,-86.666660,DONELSON PKE,,,,347.00,Feet,North,I40 W ENT RAMP,,,,0.00,N,Not at Intersection, ,Non-Junction,None,,,         ,Brandon,Chapman,Clear,"Sideswipe, Opposite Direction",no,no,no,no,no,False
103503280,METROPOLITAN NASHVILLE POLICE DEPT,20220619152,Davidson,Nashville,12/7/2022 3:40:00 PM,2,1,0,36.083570,-86.767290,HARDING PL,,,,252.00,Feet,West,PEACH ORCHARD DR,,,,0.00,N,Not at Intersection,N,Non-Junction,None,,,         ,Eric,Modransky,"Cloudy, Rain",Angle,no,no,no,no,no,False
103503284,METROPOLITAN NASHVILLE POLICE DEPT,20220619226,Davidson,Nashville,12/7/2022 4:30:00 PM,2,0,0,36.107730,-86.769110,I 65,,,,0.00,,,,,,,79.60,N,Not at Intersection,N,Non-Junction,None,,,         ,Tyler,Shanks,Clear,Front to Rear,no,no,no,no,no,False
103503297,METROPOLITAN NASHVILLE POLICE DEPT,20220619412,Davidson,Nashville,12/7/2022 6:00:00 PM,2,0,0,36.194320,-86.763140,LISCHEY AV,,,,263.00,Feet,North,DOUGLAS AV,,,,0.00,N,Not at Intersection,N,Non-Junction,None,,,         ,Justen,Ogle,Rain,Unknown,no,no,no,no,yes,False
103503298,METROPOLITAN NASHVILLE POLICE DEPT,20220619378,Davidson,Not in City Limit,12/7/2022 5:54:00 PM,1,1,0,36.005160,-86.699830,NOLENSVILLE PKE,,,,840.00,Feet,North,AUTUMN OAKS DR,,,,0.00,N,Not at Intersection,N,Non-Junction,None,,,         ,Dakota,Davis,Rain,Not Collision with Motor Vehicle in Transport,no,no,no,no,no,False
103503299,METROPOLITAN NASHVILLE POLICE DEPT,20220619345,Davidson,Nashville,12/7/2022 5:33:00 PM,2,0,0,36.147060,-86.743680,FESSLERS LN,,,,3.00,Feet,North,RUNDLE AV,,,,0.00,N,Not at Intersection, ,,None,,,         ,Evan,Grace,,,no,no,no,no,no,False
103503301,BERRY HILL POLICE DEPT,22-3557,Davidson,Nashville,12/7/2022 12:00:00 AM,2,0,0,36.110200,-86.766820,POWELL AV,,,,292.00,Feet,South,OLD POWELL AV,,,,0.00,N,Not at Intersection,N,"Driveway, Alley Access, etc",None,,,         ,John,Gleixner,Cloudy,Angle,no,no,no,no,no,False
103503302,METROPOLITAN NASHVILLE POLICE DEPT,20220619238,Davidson,Nashville,12/7/2022 4:38:00 PM,2,2,0,36.183820,-86.748370,EASTLAND AV,,,,0.00,,,GALLATIN AV,,,,0.00,Y,Four-Way,N,Intersection-Related,None,,,         ,Ty,Cummings,Clear,Front to Rear,no,no,no,no,no,False
103503306,METROPOLITAN NASHVILLE POLICE DEPT,20220619399,Davidson,Nashville,12/7/2022 5:20:00 PM,2,0,0,36.049810,-86.650110,BELL RD,,,,190.00,Feet,West,MT VIEW RD,,,,0.00,N,Not at Intersection,N,Non-Junction,None,,,         ,Samuel,Corkins,Rain,Front to Rear,no,no,no,no,yes,False
103503307,METROPOLITAN NASHVILLE POLICE DEPT,20220619425,Davidson,Nashville,12/7/2022 6:10:00 PM,3,1,0,36.137980,-86.727750,I 24,,,,0.00,,,,,,,51.25,N,Not at Intersection,N,Non-Junction,None,,,         ,Reagan,Heath,Clear,Front to Rear,no,no,no,no,no,False
103503327,THP District 3 - Nashville,322103248,Davidson,Not in City Limit,12/6/2022 6:00:00 PM,1,0,0,36.313570,-86.831350,I 24,,,,0.00,,,,,,,37.30,N,Not at Intersection,N,Non-Junction,None,,,         ,Abasse,Meite,Clear,Not Collision with Motor Vehicle in Transport,no,no,no,no,yes,False
103503352,METROPOLITAN NASHVILLE POLICE DEPT,20220619268,Davidson,Nashville,12/7/2022 4:29:00 PM,2,0,0,36.079970,-86.643750,EDGE O LAKE DR,,,,94.00,Feet,West,BROADVIEW DR,,,,0.00,N,Not at Intersection,N,Non-Junction,None,,,         ,Rami,Rouhi,Clear,"Sideswipe, Opposite Direction",no,no,no,yes,yes,False
103503359,METROPOLITAN NASHVILLE POLICE DEPT,20220619315,Davidson,Nashville,12/7/2022 5:13:00 PM,2,0,0,36.116760,-86.725600,I 24,,,,0.00,,,,,,,53.15,N,Not at Intersection,N,Entrance/Exit Ramp Related,None,,,         ,George,Poulos,Cloudy,"Sideswipe, Same Direction",no,no,no,no,no,False
103503360,METROPOLITAN NASHVILLE POLICE DEPT,20220619491,Davidson,Nashville,12/7/2022 12:00:00 AM,3,0,0,36.059100,-86.678670,I 24,,,,0.00,,,,,,,57.95,N,Not at Intersection,N,Non-Junction,None,,,         ,Taylor,Blackwelder,Clear,Front to Rear,no,no,no,no,no,False
103503398,METROPOLITAN NASHVILLE POLICE DEPT,20220619560,Davidson,Nashville,12/7/2022 6:10:00 PM,2,0,0,36.198160,-86.765420,PENNOCK AV,,,,422.00,Feet,East,GATEWOOD AV,,,,0.00,N,Not at Intersection,N,Non-Junction,None,,,         ,Justen,Ogle,Rain,Unknown,no,no,no,no,yes,False
103503406,METROPOLITAN NASHVILLE POLICE DEPT,20220619529,Davidson,Nashville,12/7/2022 6:18:00 PM,2,0,0,36.112520,-86.746070,NOLENSVILLE PKE,,,,73.00,Feet,South,MCCLAIN AV,,,,0.00,N,Not at Intersection,N,Non-Junction,None,,,         ,Samuel,Corkins,Cloudy,Front to Rear,no,no,no,no,no,False
103503410,METROPOLITAN NASHVILLE POLICE DEPT,20220619642,Davidson,Nashville,12/7/2022 7:28:00 PM,1,1,0,36.232110,-86.787810,EWING DR,,,,633.00,Feet,North,EWING LN,,,,0.00,N,Not at Intersection,N,Non-Junction,None,,,         ,Craig,Paschetti,Clear,Not Collision with Motor Vehicle in Transport,no,no,no,no,no,False
103503435,METROPOLITAN NASHVILLE POLICE DEPT,20220619142,Davidson,Nashville,12/7/2022 3:40:00 PM,1,1,0,36.082610,-86.727250,NOLENSVILLE PKE,,,,0.00,,,WELSHWOOD DR,,,,0.00,Y,T-Intersection,N,Intersection,None,,,         ,Cory,Stratton,Rain,Not Collision with Motor Vehicle in Transport,yes,no,no,no,no,False
103503440,METROPOLITAN NASHVILLE POLICE DEPT,20220619649,Davidson,Nashville,12/7/2022 8:20:00 PM,2,0,0,36.170650,-86.754290,S 9TH ST,,,,0.00,,,SHELBY AV,,,,0.00,Y,Four-Way,N,Intersection,None,,,         ,Randy,Puckett,Rain,Angle,no,no,no,no,yes,False
103503446,METROPOLITAN NASHVILLE POLICE DEPT,20220619376,Davidson,Nashville,12/7/2022 5:40:00 PM,2,0,0,36.161730,-86.760520,I 24,,,,0.00,,,,,,,49.35,N,Not at Intersection,N,Non-Junction,None,,,         ,Kevin,Clausius,Cloudy,"Sideswipe, Same Direction",no,no,no,no,yes,False
103503451,METROPOLITAN NASHVILLE POLICE DEPT,20220619346,Davidson,Nashville,12/7/2022 5:33:00 PM,3,2,0,36.045220,-86.714790,BRENTWOOD EAST DR,,,,0.00,Feet,East,OLD HICKORY BLVD,,,,0.00,N,Not at Intersection,N,Non-Junction,None,,,         ,Eric,Modransky,"Cloudy, Rain",Angle,no,no,no,no,no,False
103503453,METROPOLITAN NASHVILLE POLICE DEPT,20220619347,Davidson,Nashville,12/7/2022 4:45:00 PM,3,1,0,36.103620,-86.666480,FAIRCLOTH LN,,,,0.00,Feet,East,OLD MURFREESBORO PKE,,,,0.00,N,Not at Intersection,N,Non-Junction,None,,,         ,Phillip,Burke,Clear,Angle,no,no,no,no,yes,False
103503457,METROPOLITAN NASHVILLE POLICE DEPT,20220619649,Davidson,Nashville,12/7/2022 8:20:00 PM,1,0,0,36.169550,-86.753690,S 9TH ST,,,,0.00,,,SYLVAN ST,,,,0.00,Y,T-Intersection,N,Non-Junction,None,,,         ,Adam,Warren,Clear,Not Collision with Motor Vehicle in Transport,no,no,no,no,yes,False
103503461,METROPOLITAN NASHVILLE POLICE DEPT,20220619467,Davidson,Bellevue,12/7/2022 4:44:00 PM,2,0,0,36.073640,-86.946180,SAWYER BROWN RD,,,,0.00,,,PLANTATION CT,,,,0.00,Y,T-Intersection, ,Intersection-Related,None,,,         ,Steven,Begley,"Cloudy, Rain",Front to Rear,no,no,no,no,no,False
103503470,METROPOLITAN NASHVILLE POLICE DEPT,20220619795,Davidson,Nashville,12/7/2022 12:00:00 AM,2,0,0,36.147060,-86.743380,I 40,,,,0.00,,,,,,,212.05,N,Not at Intersection,N,Non-Junction,None,,,         ,Jacob,Snyder,Cloudy,Angle,no,no,no,no,yes,False
103503471,METROPOLITAN NASHVILLE POLICE DEPT,20220619324,Davidson,Nashville,12/7/2022 5:17:00 PM,3,4,0,36.177390,-86.613890,DODSON CHAPEL RD,,,,237.00,Feet,South,JAMES KAY LN,,,,0.00,N,Not at Intersection,N,Non-Junction,None,,,         ,Rami,Rouhi,Clear,Front to Rear,no,no,no,no,no,False
103503514,METROPOLITAN NASHVILLE POLICE DEPT,20220619904,Davidson,Nashville,12/7/2022 9:36:00 PM,2,0,0,36.148810,-86.666280,ELM HILL PKE,,,,0.00,Feet,,DONELSON PKE,,,,0.00,Y,Four-Way, ,Intersection,None,,,         ,Timothy,Lehnert,Cloudy,Angle,no,no,no,no,no,False
103503521,METROPOLITAN NASHVILLE POLICE DEPT,20220619716,Davidson,Nashville,12/7/2022 9:00:00 PM,2,1,0,36.034540,-86.671560,HICKORY PARK DR,,,,300.00,Feet,North,SHIRE DR,,,,0.00,N,Not at Intersection,N,Non-Junction,None,,,         ,Forrest,Tucker,Clear,Front to Rear,no,no,no,no,no,False
103503524,METROPOLITAN NASHVILLE POLICE DEPT,20220619928,Davidson,Not in City Limit,12/7/2022 10:40:00 PM,1,1,0,36.054340,-86.949630,OLD HARDING PKE,,,,302.00,Feet,East,POPLAR CREEK RD,,,,0.00,N,Not at Intersection,N,Non-Junction,None,,,         ,Shaun,Daniels,Cloudy,Not Collision with Motor Vehicle in Transport,no,no,no,no,no,False
103503528,METROPOLITAN NASHVILLE POLICE DEPT,20220620036,Davidson,Nashville,12/7/2022 11:41:00 PM,2,1,0,36.151010,-86.796490,19TH AVS,,,,0.00,,,BROADWAY,,,,0.00,Y,Four-Way,Y,Intersection,None,,,         ,Dallas,Johnson,Clear,Angle,no,no,no,no,no,False
103503534,METROPOLITAN NASHVILLE POLICE DEPT,20220619431,Davidson,Nashville,12/7/2022 5:56:00 PM,3,0,0,36.110300,-86.719750,BRILEY PKWYS,,,,51.00,Feet,West,BRILEY PKWY S ENT RAMP,,,,0.00,N,Not at Intersection,N,Non-Junction,None,,,         ,Parker,Vegas,Clear,Angle,no,no,no,no,no,False
103503535,METROPOLITAN NASHVILLE POLICE DEPT,20220619831,Davidson,Nashville,12/7/2022 9:53:00 PM,4,1,0,36.104880,-86.717120,I 24,,,,0.00,,,,,,,54.10,N,Not at Intersection,N,Non-Junction,None,,,         ,Parker,Vegas,Clear,Angle,no,no,no,no,no,False
103503550,METROPOLITAN NASHVILLE POLICE DEPT,20220620143,Davidson,Nashville,12/7/2022 2:00:00 PM,2,0,0,36.153510,-86.764350,I 40,,,,0.00,,,,,,,210.70,N,Not at Intersection,N,Non-Junction,None,,,         ,Jacob,Ross,Clear,"Sideswipe, Same Direction",no,no,no,no,yes,False
103503552,METROPOLITAN NASHVILLE POLICE DEPT,20220620093,Davidson,Madison,12/7/2022 11:55:00 PM,2,0,0,36.285900,-86.745490,DICKERSON PKES,,,,133.00,Feet,South,HILLCREST RD,,,,0.00,N,Not at Intersection, ,Non-Junction,None,,,         ,Stephen,Carlson,Clear,Angle,no,no,no,no,no,False
103503564,METROPOLITAN NASHVILLE POLICE DEPT,20220619943,Davidson,Nashville,12/7/2022 10:45:00 PM,3,4,0,36.079490,-86.644600,MURFREESBORO PKE,,,,0.00,,,EDGE O LAKE DR,,,,0.00,Y,Four-Way,N,Intersection,None,,,         ,Phillip,Burke,Clear,HeadOn,no,no,no,no,no,False
103503570,METROPOLITAN NASHVILLE POLICE DEPT,20220620146,Davidson,Nashville,12/7/2022 10:50:00 PM,2,0,0,36.156260,-86.787270,12TH AVS,,,,134.00,Feet,South,BROADWAY,,,,0.00,N,Not at Intersection,N,Non-Junction,None,,,         ,Tre,Marlowe,Clear,Front to Rear,no,no,no,yes,yes,False
103503603,METROPOLITAN NASHVILLE POLICE DEPT,20220620368,Davidson,Nashville,12/8/2022 12:00:00 AM,1,0,0,36.091510,-86.735150,NOLENSVILLE PKE,,,,41.00,Feet,North,YELTON CT,,,,0.00,N,Not at Intersection,N,Non-Junction,None,,,         ,Jonathan,Handley,Rain,Not Collision with Motor Vehicle in Transport,no,no,no,no,yes,False
103503629,METROPOLITAN NASHVILLE POLICE DEPT,20220619756,Davidson,Nashville,12/7/2022 9:26:00 PM,2,0,0,36.204840,-86.750320,ELLINGTON PKWYS,,,,55.00,Feet,North,E TRINITY LN,,,,0.00,N,Not at Intersection,N,Non-Junction,None,,,         ,Peter,Kinsey,Cloudy,Angle,no,no,no,no,no,False
103503633,METROPOLITAN NASHVILLE POLICE DEPT,20220620425,Davidson,Nashville,12/8/2022 4:40:00 AM,2,0,0,36.150250,-86.748680,I 40,,,,0.00,,,,,,,211.70,N,Not at Intersection,N,Non-Junction,None,,,         ,Bryson,Wilkins,Rain,Other,no,no,no,no,no,False
103503647,METROPOLITAN NASHVILLE POLICE DEPT,20220620437,Davidson,Nashville,12/8/2022 12:00:00 AM,1,0,0,36.087820,-86.763050,I 65,,,,0.00,,,,,,,78.20,N,Not at Intersection,N,Non-Junction,None,,,         ,Ricardo,Cruz,Rain,Not Collision with Motor Vehicle in Transport,no,no,no,no,yes,False
103503660,METROPOLITAN NASHVILLE POLICE DEPT,20220619786,Davidson,Nashville,12/7/2022 9:26:00 PM,1,0,0,36.204960,-86.750060,ELLINGTON PKWYN,,,,109.00,Feet,North,E TRINITY LN,,,,0.00,N,Not at Intersection,N,Non-Junction,None,,,         ,Peter,Kinsey,Cloudy,Not Collision with Motor Vehicle in Transport,no,no,no,no,no,False
103503661,METROPOLITAN NASHVILLE POLICE DEPT,20220620470,Davidson,Not in City Limit,12/8/2022 5:51:00 AM,1,1,0,36.256360,-86.848270,CLARKSVILLE PKE,,,,573.00,Feet,North,DRY FORK RD,,,,0.00,N,Not at Intersection,N,Non-Junction,None,,,         ,Burton,Beeson,Rain,Not Collision with Motor Vehicle in Transport,no,no,no,no,no,False
103503680,METROPOLITAN NASHVILLE POLICE DEPT,20220620481,Davidson,Not in City Limit,12/8/2022 6:17:00 AM,1,1,0,36.326200,-86.884530,I 24,,,,0.00,,,,,,,34.00,N,Not at Intersection,N,Non-Junction,None,,,         ,Joel,Bennett,Rain,Not Collision with Motor Vehicle in Transport,no,no,no,no,no,False
103503688,METROPOLITAN NASHVILLE POLICE DEPT,20220620516,Davidson,Nashville,12/8/2022 6:45:00 AM,1,0,0,36.124580,-86.736160,I 440,,,,0.00,,,,,,,0.00,,Not at Intersection,N,Non-Junction,None,,,         ,Zachary,Wilbanks,Rain,Not Collision with Motor Vehicle in Transport,no,no,no,no,no,False
103503689,METROPOLITAN NASHVILLE POLICE DEPT,20220620504,Davidson,Nashville,12/8/2022 6:38:00 AM,2,1,0,36.199600,-86.776570,I 65,,,,0.00,,,,,,,86.80,N,Not at Intersection,N,Non-Junction,None,,,         ,Ryan,Caulfield,Rain,Front to Rear,no,no,no,no,no,False
103503690,METROPOLITAN NASHVILLE POLICE DEPT,20220620549,Davidson,Goodlettsville,12/8/2022 7:00:00 AM,2,0,0,36.288500,-86.725120,I 65,,,,0.00,,,,,,,94.05,N,Not at Intersection,N,Non-Junction,None,,,         ,Travis,Baxter,Rain,Not Collision with Motor Vehicle in Transport,no,no,no,no,no,False
103503691,METROPOLITAN NASHVILLE POLICE DEPT,20220620514,Davidson,Nashville,12/8/2022 6:49:00 AM,2,1,0,36.243470,-86.722890,GALLATIN PKES,,,,403.00,Feet,South,LAKEWOOD DR,,,,0.00,N,Not at Intersection,N,Non-Junction,None,,,         ,Christopher,Littles,"Cloudy, Rain","Sideswipe, Same Direction",no,no,no,no,no,False
103503703,METROPOLITAN NASHVILLE POLICE DEPT,20220620496,Davidson,Nashville,12/8/2022 5:50:00 AM,2,0,0,36.040130,-86.649730,I 24,,,,0.00,,,,,,,60.00,N,Not at Intersection, ,Non-Junction,None,,,         ,Casey,Lopez,Rain,"Sideswipe, Same Direction",no,no,no,no,no,False
103503709,METROPOLITAN NASHVILLE POLICE DEPT,20220620546,Davidson,Not in City Limit,12/8/2022 12:00:00 AM,1,0,0,36.276440,-86.808220,OLD HICKORY BLVD,,,,1477.00,Feet,West,BLEVINS RD,,,,0.00,N,Not at Intersection,N,Non-Junction,None,,,         ,Tristan,Krausman,"Cloudy, Rain",Unknown,no,no,no,no,yes,False
103503715,METROPOLITAN NASHVILLE POLICE DEPT,20220620559,Davidson,Nashville,12/8/2022 7:18:00 AM,3,0,0,36.044850,-86.668370,ARBOR COMMON,,,,0.00,,,BEECHWOOD TER,,,,0.00,Y,Four-Way,Y,Intersection-Related,None,,,         ,David,Rehm,Rain,"Sideswipe, Same Direction",no,no,no,no,no,False
103503727,THP District 3 - Nashville,322103555,Davidson,Nashville,12/7/2022 6:40:00 PM,2,0,0,36.035290,-86.783030,I 65,,,,0.00,,,,,,,74.30,N,Not at Intersection,Y,Entrance/Exit Ramp Related,None,,,         ,Benjamin,Copenhaver,Rain,Front to Rear,no,no,no,no,no,False
103503750,METROPOLITAN NASHVILLE POLICE DEPT,20220620568,Davidson,Nashville,12/8/2022 3:50:00 AM,3,0,0,36.181680,-86.835120,LEAWOOD DR,,,,506.00,Feet,South,HINKLE DR,,,,0.00,N,Not at Intersection, ,Non-Junction,None,,,         ,Michael,Richardson,Unknown,HeadOn,no,no,no,no,no,False
103503753,METROPOLITAN NASHVILLE POLICE DEPT,20220620741,Davidson,Nashville,12/8/2022 8:30:00 AM,2,0,0,36.166900,-86.611480,I 40,,,,0.00,,,,,,,220.25,N,Not at Intersection, ,Non-Junction,None,,,         ,Patrick,Lancaster,Rain,Front to Rear,no,no,no,no,no,False
103503770,METROPOLITAN NASHVILLE POLICE DEPT,20220620715,Davidson,Nashville,12/8/2022 8:28:00 AM,3,3,0,36.188050,-86.797920,DOMINICAN DR,,,,171.00,Feet,East,ROSA L PARKS BLVD,,,,0.00,N,Not at Intersection,N,Non-Junction,None,,,         ,Ryan,Caulfield,Rain,Front to Rear,no,no,no,no,no,False
103503775,METROPOLITAN NASHVILLE POLICE DEPT,20220620535,Davidson,Nashville,12/8/2022 6:12:00 AM,2,0,0,36.151310,-86.751010,I 40,,,,0.00,,,,,,,211.55,N,Not at Intersection,N,Non-Junction,None,,,         ,Cameron,Fritschie,"Cloudy, Rain","Sideswipe, Same Direction",no,no,no,no,no,False
103503776,METROPOLITAN NASHVILLE POLICE DEPT,20220620564,Davidson,Nashville,12/8/2022 6:12:00 AM,2,0,0,36.151320,-86.751030,I 40,,,,0.00,,,,,,,211.55,N,Not at Intersection,N,Non-Junction,None,,,         ,Cameron,Fritschie,"Cloudy, Rain","Sideswipe, Same Direction",no,no,no,no,yes,False
103503786,VANDERBILT UNIVERSITY POLICE,20220620777,Davidson,Nashville,12/8/2022 8:53:00 AM,2,0,0,36.139730,-86.801670,MEDICAL CENTER DR,,,,0.00,,,PIERCE AV,,,,0.00,Y,T-Intersection,N,Non-Junction,None,,,         ,Donald,McCormick,Rain,Front to Rear,no,no,no,no,yes,Campus
103503789,METROPOLITAN NASHVILLE POLICE DEPT,20220620665,Davidson,Nashville,12/8/2022 7:40:00 AM,2,1,0,36.220350,-86.774800,I 65,,,,0.00,,,,,,,88.30,N,Not at Intersection,N,Non-Junction,None,,,         ,Robert,Kerpka,Clear,Front to Rear,no,no,no,no,no,False
103503799,METROPOLITAN NASHVILLE POLICE DEPT,20220620769,Davidson,Nashville,12/8/2022 9:02:00 AM,2,0,0,36.161200,-86.792680,CHARLOTTE AV,,,,0.00,,,GEORGE L DAVIS BLVD,,,,0.00,Y,Four-Way,N,Intersection,None,,,         ,Shawn,Taylor,Rain,Angle,no,no,no,no,yes,False
103503800,METROPOLITAN NASHVILLE POLICE DEPT,20220620667,Davidson,Nashville,12/8/2022 7:55:00 AM,3,1,0,36.166090,-86.612800,I 40,,,,0.00,,,,,,,220.15,N,Not at Intersection,N,Non-Junction,None,,,         ,Kyle,Burks,Cloudy,Front to Rear,no,no,no,no,no,False
103503831,METROPOLITAN NASHVILLE POLICE DEPT,20220620894,Davidson,Nashville,12/8/2022 10:15:00 AM,2,0,0,36.161810,-86.619700,I 40,,,,0.00,,,,,,,219.70,N,Not at Intersection,N,Non-Junction,None,,,         ,Ian,Hammond,Rain,"Sideswipe, Same Direction",no,no,no,no,no,False
103503837,METROPOLITAN NASHVILLE POLICE DEPT,20220670872,Davidson,Goodlettsville,12/8/2022 10:00:00 AM,2,1,0,36.296910,-86.699160,MYATT DR,,,,0.00,Feet,,GALLATIN PKEN,,,,0.00,Y,Four-Way,N,Intersection,None,,,         ,Jonathan,Gonzalez,Cloudy,Front to Rear,no,no,no,no,yes,False
103503866,METROPOLITAN NASHVILLE POLICE DEPT,20220620771,Davidson,Nashville,12/8/2022 9:05:00 AM,1,1,0,36.159450,-86.796610,CHARLOTTE AV,,,,0.00,,,16TH AVN,,,,0.00,Y,Four-Way,N,Intersection,None,,,         ,Ron,Longino,Rain,Not Collision with Motor Vehicle in Transport,yes,no,no,no,no,False
103503870,METROPOLITAN NASHVILLE POLICE DEPT,20220620797,Davidson,Antioch,12/8/2022 12:00:00 AM,2,1,0,36.047840,-86.612050,MURFREESBORO PKE,,,,1284.00,Feet,North,MOUNTAIN SPRINGS RD,,,,0.00,N,Not at Intersection,N,Non-Junction,None,,,         ,Zera,Ntahonirukiye,Cloudy,Front to Rear,no,no,no,no,no,False
103503881,METROPOLITAN NASHVILLE POLICE DEPT,20220620642,Davidson,Nashville,12/8/2022 6:49:00 AM,2,0,0,36.164960,-86.780030,UNION ST,,,,67.00,Feet,West,4TH AVN,,,,0.00,N,Not at Intersection, ,Non-Junction,None,,,         ,Cole,Ranseen,"Cloudy, Rain",Front to Rear,no,no,no,no,no,False
103503891,METROPOLITAN NASHVILLE POLICE DEPT,20220620923,Davidson,Not in City Limit,12/8/2022 10:35:00 AM,1,1,0,36.271660,-86.689200,MYATT DR,,,,0.00,,,,,,,0.00,,,N,Non-Junction,None,,,         ,Michelle,Steidl,Rain,Not Collision with Motor Vehicle in Transport,yes,no,no,yes,no,False
103503896,METROPOLITAN NASHVILLE POLICE DEPT,20220620908,Davidson,Nashville,12/8/2022 10:25:00 AM,2,0,0,36.211400,-86.817540,STOKERS LN,,,,0.00,,,BUENA VISTA PKE,,,,0.00,Y,Four-Way, ,Intersection,None,,,         ,Michael,Richardson,"Cloudy, Rain","Sideswipe, Opposite Direction",no,no,no,no,no,False
103503901,METROPOLITAN NASHVILLE POLICE DEPT,20220620815,Davidson,Nashville,12/8/2022 9:14:00 AM,2,0,0,36.130390,-86.801960,BLAIR BLVD,,,,0.00,,,21ST AVS,,,,0.00,Y,Four-Way,N,Intersection,None,,,         ,Earl,Davis,Rain,Angle,no,no,no,no,yes,False
103503902,METROPOLITAN NASHVILLE POLICE DEPT,20220620746,Davidson,Not in City Limit,12/8/2022 8:53:00 AM,2,1,0,36.325970,-86.882820,I 24,,,,0.00,,,,,,,34.10,N,Not at Intersection,N,Non-Junction,None,,,         ,Joel,Bennett,Rain,Front to Rear,no,no,no,no,no,False
103503917,METROPOLITAN NASHVILLE POLICE DEPT,20220621083,Davidson,Nashville,12/8/2022 12:00:00 AM,2,0,0,36.150200,-86.869760,I 40,,,,0.00,,,,,,,203.25,N,Not at Intersection, ,Non-Junction,None,,,         ,George,Spencer,Rain,"Sideswipe, Same Direction",no,no,no,no,yes,False
103503932,METROPOLITAN NASHVILLE POLICE DEPT,20220620970,Davidson,Nashville,12/8/2022 11:03:00 AM,2,0,0,36.142460,-86.884210,I 40,,,,0.00,,,,,,,202.25,N,Not at Intersection,N,Non-Junction,None,,,         ,Darren,Key,Rain,Angle,no,no,no,no,no,False
103503933,METROPOLITAN NASHVILLE POLICE DEPT,20220621000,Davidson,Nashville,12/8/2022 11:25:00 AM,2,0,0,36.159000,-86.760460,I 24,,,,0.00,,,,,,,49.70,N,Not at Intersection, ,,None,,,         ,Byron,Carter,,,no,no,no,no,no,False
103503978,METROPOLITAN NASHVILLE POLICE DEPT,20220621151,Davidson,Nashville,12/8/2022 1:13:00 PM,2,1,0,36.130390,-86.801960,BLAIR BLVD,,,,0.00,,,21ST AVS,,,,0.00,Y,Four-Way,N,Intersection,None,,,         ,Earl,Davis,Rain,Front to Rear,no,no,no,no,no,False
103504007,VANDERBILT UNIVERSITY POLICE,20220620819,Davidson,Nashville,12/8/2022 9:02:00 AM,2,0,0,36.142180,-86.806620,25TH AVS,,,,187.00,Feet,South,HIGHLAND AV,,,,0.00,N,Not at Intersection, ,Non-Junction,None,,,         ,Brent,Clark,Rain,HeadOn,no,no,no,yes,no,Campus
103504016,METROPOLITAN NASHVILLE POLICE DEPT,20220621061,Davidson,Nashville,12/8/2022 11:40:00 AM,2,1,0,36.074200,-86.638390,MURFREESBORO PKE,,,,126.00,Feet,South,RURAL HILL RD,,,,0.00,N,Not at Intersection,N,Non-Junction,None,,,         ,Christopher,Mikles,Rain,"Sideswipe, Same Direction",no,no,no,no,no,False
103504030,METROPOLITAN NASHVILLE POLICE DEPT,20220620882,Davidson,Nashville,12/8/2022 7:30:00 AM,1,1,0,36.126080,-86.712220,EAST THOMPSON LN,,,,404.00,Feet,West,THOMPSON PL,,,,0.00,N,Not at Intersection,N,Non-Junction,None,,,         ,Ashley,Kelley,Clear,Not Collision with Motor Vehicle in Transport,yes,no,no,yes,yes,False
103504074,METROPOLITAN NASHVILLE POLICE DEPT,20220621214,Davidson,Nashville,12/8/2022 1:30:00 PM,2,0,0,36.154450,-86.842330,46TH AVN,,,,0.00,,,DELAWARE AV,,,,0.00,Y,Four-Way,N,Intersection,None,,,         ,Darren,Key,Rain,"Sideswipe, Same Direction",no,no,no,no,yes,False
103504098,METROPOLITAN NASHVILLE POLICE DEPT,20220621180,Davidson,Nashville,12/8/2022 1:38:00 PM,2,0,0,36.192430,-86.616160,JUAREZ DR,,,,0.00,,,HERMITAGE MARKETPLACE PVTDR,,,,0.00,Y,Four-Way,Y,Intersection,None,,,         ,Katelyn,Argeroplos,Rain,Angle,no,no,no,no,no,False
103504107,METROPOLITAN NASHVILLE POLICE DEPT,20220621204,Davidson,Madison,12/8/2022 1:55:00 PM,2,1,0,36.266500,-86.756750,DICKERSON PKE,,,,161.00,Feet,South,DARBYTOWN DR,,,,0.00,N,Not at Intersection,N,Non-Junction,None,,,         ,Jonathan,Gonzalez,Cloudy,"Sideswipe, Same Direction",no,no,no,no,no,False