master_record_number,agency,agency_tracking_number,county,city,collision_date,vehicles_involved,number_injured,number_dead,latitude,longitude,roadway_name,roadway_suffix,roadway_number,roadway_local_id,distance_from_reference,miles-feet_indicator,direction_from_reference,intersection_road_name,intersection_road_name_suffix,intersection_road_number,intersection_local_id,mile_marker,intersection_indicator,intersect_type,interchange_related_indicator,relation_to_junction,work_zone_type,construction_maintenance_zone,construction_maintenance_zone_location,fatal_case_number,officer_first_name,officer_last_name,weather_condition(s),manner_of_crash,pedestrian,bicycle,scooter,parking,hitrun,mou
103504108,METROPOLITAN NASHVILLE POLICE DEPT,20220621255,Davidson,Nashville,12/8/2022 2:25:00 PM,1,0,0,36.158420,-86.863530,BRILEY PKWYN,,,,0.00,,,BRILEY PKWY N ENT RAMP,,,,0.00,Y,Y-Intersection,N,Entrance/Exit Ramp Related,None,,,         ,Justen,Ogle,Rain,Not Collision with Motor Vehicle in Transport,no,no,no,no,no,False
103504123,METROPOLITAN NASHVILLE POLICE DEPT,20220620995,Davidson,Nashville,12/8/2022 11:20:00 AM,2,0,0,36.056840,-86.774360,I 65,,,,0.00,,,,,,,76.00,N,Not at Intersection, ,Non-Junction,None,,,         ,Kim,Peralta,"Cloudy, Rain","Sideswipe, Same Direction",no,no,no,no,no,False
103504124,METROPOLITAN NASHVILLE POLICE DEPT,20220621169,Davidson,Nashville,12/8/2022 12:00:00 AM,2,0,0,36.240980,-86.785940,I 24,,,,0.00,,,,,,,43.20,N,Not at Intersection, ,Non-Junction,None,,,         ,Tristan,Krausman,"Cloudy, Rain","Sideswipe, Same Direction",no,no,no,no,no,False
103504126,METROPOLITAN NASHVILLE POLICE DEPT,20220621279,Davidson,Nashville,12/8/2022 2:51:00 PM,2,3,0,36.242900,-86.736520,BRIARVILLE RD,,,,133.00,Feet,North,WORTH ST,,,,0.00,N,Not at Intersection,N,Non-Junction,None,,,         ,Christopher,Littles,"Cloudy, Rain",Angle,no,no,no,no,yes,False
103504141,METROPOLITAN NASHVILLE POLICE DEPT,20220621243,Davidson,Not in City Limit,12/8/2022 2:21:00 PM,3,1,0,36.322150,-86.857230,I 24,,,,0.00,,,,,,,35.60,N,Not at Intersection,N,Non-Junction,None,,,         ,Joel,Bennett,Rain,Front to Rear,no,no,no,no,no,False
103504148,METROPOLITAN NASHVILLE POLICE DEPT,20220621110,Davidson,Nashville,12/8/2022 12:28:00 PM,2,0,0,36.189510,-86.627450,LEBANON PKE,,,,722.00,Feet,East,LEBANON PKE,,,,0.00,N,Not at Intersection, ,OtherLocation,None,,,         ,Terry,Denton,"Cloudy, Rain",Front to Rear,no,no,no,no,no,False
103504151,METROPOLITAN NASHVILLE POLICE DEPT,20220621305,Davidson,Nashville,12/8/2022 3:15:00 PM,1,1,0,36.141020,-86.841180,MURPHY RD 46TH AV N ROUND,,,,0.00,,,MURPHY RD,,,,0.00,Y,Traffic Circle,N,Intersection-Related,None,,,         ,Heather,Fox,Rain,Not Collision with Motor Vehicle in Transport,yes,no,no,no,yes,False
103504163,METROPOLITAN NASHVILLE POLICE DEPT,20220621232,Davidson,Nashville,12/8/2022 2:10:00 PM,1,0,0,36.103610,-86.729740,SOUTHLAKE DR,,,,112.00,Feet,West,HOLBROOK DR,,,,0.00,N,Not at Intersection,N,Non-Junction,None,,,         ,Ashley,Kelley,"Cloudy, Rain",Not Collision with Motor Vehicle in Transport,no,no,no,no,no,False
103504177,METROPOLITAN NASHVILLE POLICE DEPT,20220621252,Davidson,Nashville,12/8/2022 2:31:00 PM,2,1,0,36.153520,-86.622420,BELL RD,,,,12.00,Feet,East,BELL RD PVTDR,,,,0.00,N,Not at Intersection,N,Non-Junction,None,,,         ,Dakota,Davis,Rain,Angle,no,no,no,no,no,False
103504179,METROPOLITAN NASHVILLE POLICE DEPT,20220621281,Davidson,Nashville,12/8/2022 2:50:00 PM,2,0,0,36.158300,-86.863190,BRILEY PKWY N ENT RAMP,,,,0.00,,,BRILEY PKWYN,,,,0.00,Y,Y-Intersection,N,Entrance/Exit Ramp Related,None,,,         ,Justen,Ogle,Rain,"Sideswipe, Same Direction",no,no,no,no,yes,False
103504196,METROPOLITAN NASHVILLE POLICE DEPT,20220621362,Davidson,Nashville,12/8/2022 3:37:00 PM,2,2,0,36.169270,-86.774850,JAMES ROBERTSON PKWY,,,,683.00,Feet,West,MAIN ST,,,,0.00,N,Not at Intersection,N,Non-Junction,None,,,         ,Brent,Morris,Rain,Front to Rear,no,no,no,no,no,False
103504203,METROPOLITAN NASHVILLE POLICE DEPT,20220621240,Davidson,Nashville,12/8/2022 2:02:00 PM,3,2,0,36.119240,-86.754770,MELROSE AV,,,,0.00,,,WINFORD AV,,,,0.00,Y,Four-Way,N,Intersection,None,,,         ,Earl,Davis,Rain,Angle,no,no,no,no,yes,False
103504206,METROPOLITAN NASHVILLE POLICE DEPT,20220621334,Davidson,Nashville,12/8/2022 3:24:00 PM,2,0,0,36.100980,-86.712200,I 24,,,,0.00,,,,,,,54.50,N,Not at Intersection,N,Non-Junction,None,,,         ,Andrew,Brazee,"Cloudy, Rain",Front to Rear,no,no,no,no,no,False
103504208,METROPOLITAN NASHVILLE POLICE DEPT,20220621355,Davidson,Nashville,12/8/2022 3:30:00 PM,1,1,0,36.045230,-86.716710,OLD HICKORY BLVD,,,,97.00,Feet,East,HICKORY PLZ,,,,0.00,N,Not at Intersection,N,Non-Junction,None,,,         ,Cory,Stratton,Rain,Not Collision with Motor Vehicle in Transport,yes,no,no,no,no,False
103504216,METROPOLITAN NASHVILLE POLICE DEPT,20220621365,Davidson,Nashville,12/8/2022 3:38:00 PM,1,0,0,36.126020,-86.904280,I 40,,,,0.00,,,,,,,200.60,N,Not at Intersection,N,Non-Junction,None,,,         ,James,McDugle,Rain,Not Collision with Motor Vehicle in Transport,no,no,no,no,no,False
103504240,METROPOLITAN NASHVILLE POLICE DEPT,20220621302,Davidson,Nashville,12/8/2022 3:00:00 PM,1,0,0,36.026940,-86.680860,OLD HICKORY BLVD,,,,16.00,Feet,North,PETTUS RD,,,,0.00,N,Not at Intersection,N,Non-Junction,None,,,         ,Abdulkadir,Aden,Rain,Not Collision with Motor Vehicle in Transport,no,no,no,no,no,False
103504242,GOODLETTSVILLE POLICE DEPT,22-37161,Davidson,Goodlettsville,12/8/2022 3:20:00 PM,2,0,0,36.320090,-86.703000,I 65,,,,0.00,,,,,,,96.70,N,Not at Intersection,N,Non-Junction,None,,,         ,George,Forbes,Rain,Front to Rear,no,no,no,no,no,False
103504258,METROPOLITAN NASHVILLE POLICE DEPT,20220621479,Davidson,Nashville,12/8/2022 4:31:00 PM,3,0,0,36.147050,-86.743370,I 40,,,,0.00,,,,,,,212.05,N,Not at Intersection, ,Non-Junction,None,,,         ,Stephen,Sciolinos,Clear,Front to Rear,no,no,no,no,yes,False
103504265,METROPOLITAN NASHVILLE POLICE DEPT,20220621527,Davidson,Nashville,12/8/2022 3:55:00 PM,2,1,0,36.177130,-86.807120,WHELESS ST,,,,0.00,Feet,East,16TH AVN,,,,0.00,N,Not at Intersection,N,Non-Junction,None,,,         ,Dylan,Ramos,"Cloudy, Rain",Angle,no,no,no,no,yes,False
103504268,METROPOLITAN NASHVILLE POLICE DEPT,20220621580,Davidson,Nashville,12/8/2022 12:08:00 PM,2,2,0,36.098260,-86.658870,MURFREESBORO PKE,,,,196.00,Feet,East,HARDING PL,,,,0.00,N,Not at Intersection,N,Non-Junction,None,,,         ,Zacarias,Brito Jr.,Rain,"Sideswipe, Same Direction",no,no,no,no,no,False
103504272,METROPOLITAN NASHVILLE POLICE DEPT,20220621419,Davidson,Nashville,12/8/2022 12:00:00 AM,2,2,0,36.225240,-86.774430,I 65,,,,0.00,,,,,,,88.60,N,Not at Intersection,N,Non-Junction,None,,,         ,Wallace,Seay III,Rain,Angle,no,no,no,no,no,False
103504283,METROPOLITAN NASHVILLE POLICE DEPT,20220621569,Davidson,Nashville,12/8/2022 3:33:00 PM,2,0,0,36.094800,-86.706920,I 24,,,,0.00,,,,,,,55.00,N,Not at Intersection,N,Non-Junction,None,,,         ,Andrew,Brazee,"Cloudy, Rain","Sideswipe, Same Direction",no,no,no,no,no,False
103504285,GOODLETTSVILLE POLICE DEPT,22-37163,Davidson,Goodlettsville,12/8/2022 4:23:00 PM,2,0,0,36.307540,-86.694810,CONFERENCE DR,,,,68.00,Feet,North,VIETNAM VETERANS BLVDN,,,,0.00,N,Not at Intersection, ,Non-Junction,None,,,         ,Daniel,Knalls,Clear,"Sideswipe, Same Direction",no,no,no,no,no,False
103504292,METROPOLITAN NASHVILLE POLICE DEPT,20220621483,Davidson,Not in City Limit,12/8/2022 4:30:00 PM,1,0,0,36.261940,-86.738260,I 65,,,,0.00,,,,,,,92.05,N,Not at Intersection,N,Non-Junction,None,,,         ,Bradly,Mackay,Rain,Not Collision with Motor Vehicle in Transport,no,no,no,no,no,False
103504293,METROPOLITAN NASHVILLE POLICE DEPT,20220621640,Davidson,Nashville,12/8/2022 5:20:00 PM,2,0,0,36.167860,-86.757060,S 7TH ST,,,,0.00,,,CAYCE PLACE PVTDR,,,,0.00,Y,T-Intersection,N,Intersection,None,,,         ,Kevin,Clausius,Rain,Angle,no,no,no,no,no,False
103504298,THP District 3 - Nashville,322103742,Davidson,Nashville,12/8/2022 10:40:00 AM,2,0,0,36.082730,-86.710290,HARDING PL,,,,63.00,Feet,East,TAMPA DR,,,,0.00,N,Not at Intersection,N,Non-Junction,None,,,         ,Abasse,Meite,Rain,Front to Rear,no,no,no,no,no,False
103504313,METROPOLITAN NASHVILLE POLICE DEPT,20220621617,Davidson,Nashville,12/8/2022 4:06:00 PM,2,0,0,36.107610,-86.720300,I24 E ENT RAMP,,,,0.00,Feet,East,I 24,,,,0.00,N,Not at Intersection, ,Non-Junction,None,,,         ,Parker,Vegas,Rain,"Sideswipe, Same Direction",no,no,no,no,no,False
103504317,METROPOLITAN NASHVILLE POLICE DEPT,20220621679,Davidson,Nashville,12/8/2022 5:17:00 PM,2,0,0,36.168820,-86.684550,LEBANON PKE,,,,0.00,,,THE CROSSINGS PVTDR,,,,0.00,Y,T-Intersection,N,Non-Junction,None,,,         ,Evan,Grace,Rain,Angle,no,no,no,no,no,False
103504331,METROPOLITAN NASHVILLE POLICE DEPT,20220621393,Davidson,Nashville,12/8/2022 3:45:00 PM,2,0,0,36.071540,-86.664330,APOLLO DR,,,,0.00,Feet,,UNA ANTIOCH PKE,,,,0.00,Y,T-Intersection, ,Intersection-Related,None,,,         ,Lauren,Ferrer,Rain,Front to Rear,no,no,no,no,no,False
103504342,METROPOLITAN NASHVILLE POLICE DEPT,20220621741,Davidson,Nashville,12/8/2022 6:55:00 PM,3,1,0,36.190380,-86.614960,OLD HICKORY BLVD,,,,196.00,Feet,South,OLD LEBANON DIRT RD,,,,0.00,N,Not at Intersection,N,Non-Junction,None,,,         ,Juan,Garcia-Canizales,Rain,Front to Rear,no,no,no,no,yes,False
103504344,METROPOLITAN NASHVILLE POLICE DEPT,20220621412,Davidson,Nashville,12/8/2022 3:20:00 PM,2,0,0,36.158820,-86.791780,I 40,,,,0.00,,,,,,,208.15,N,Not at Intersection,N,Non-Junction,None,,,         ,Daniel,Tomlinson,"Cloudy, Rain",Front to Rear,no,no,no,no,yes,False
103504378,METROPOLITAN NASHVILLE POLICE DEPT,20220621704,Davidson,Nashville,12/8/2022 8:07:00 PM,2,0,0,36.210920,-86.733110,GREENFIELD AV,,,,0.00,,,GALLATIN PKE,,,,0.00,Y,T-Intersection, ,Intersection,None,,,         ,Randy,Puckett,Clear,Angle,no,no,no,no,no,False
103504380,METROPOLITAN NASHVILLE POLICE DEPT,20220621607,Davidson,Antioch,12/8/2022 5:35:00 PM,2,1,0,36.007900,-86.665840,OLD HICKORY BLVD,,,,21.00,Feet,South,PETTUS RD,,,,0.00,N,Not at Intersection,N,Non-Junction,None,,,         ,Abdulkadir,Aden,Clear,Front to Rear,no,no,no,no,no,False
103504386,METROPOLITAN NASHVILLE POLICE DEPT,20220621889,Davidson,Nashville,12/8/2022 7:34:00 PM,2,0,0,36.152900,-86.783700,PINE ST,,,,7.00,Feet,East,11TH AVS,,,,0.00,N,Not at Intersection, ,,None,,,         ,Brent,Morris,,,no,no,no,no,no,False
103504388,METROPOLITAN NASHVILLE POLICE DEPT,20220621562,Davidson,Nashville,12/8/2022 4:45:00 PM,2,0,0,36.112770,-86.772130,I 65,,,,0.00,,,,,,,80.00,N,Not at Intersection,N,Non-Junction,None,,,         ,Dylan,Chambers,Clear,Front to Rear,no,no,no,no,no,False
103504394,METROPOLITAN NASHVILLE POLICE DEPT,20220621815,Davidson,Nashville,12/8/2022 5:00:00 PM,2,0,0,36.081350,-86.759310,HARDING PL,,,,296.00,Feet,West,TROUSDALE DR,,,,0.00,N,Not at Intersection,N,Non-Junction,None,,,         ,Flynn,Ireland,Rain,"Sideswipe, Same Direction",no,no,no,no,yes,False
103504401,METROPOLITAN NASHVILLE POLICE DEPT,20220621762,Davidson,Nashville,12/8/2022 7:00:00 PM,2,0,0,36.306220,-86.817250,I 24,,,,0.00,,,,,,,38.20,N,Not at Intersection,N,Non-Junction,None,,,         ,Benjamin,Ellsworth,Rain,"Sideswipe, Same Direction",no,no,no,no,no,False
103504444,METROPOLITAN NASHVILLE POLICE DEPT,20220621819,Davidson,Nashville,12/8/2022 7:44:00 PM,1,0,0,36.080800,-86.630790,BELL RD,,,,348.00,Feet,West,PRIEST LAKE DR,,,,0.00,N,Not at Intersection, ,Non-Junction,None,,,         ,Phillip,Burke,Clear,Not Collision with Motor Vehicle in Transport,no,no,no,no,no,False
103504447,METROPOLITAN NASHVILLE POLICE DEPT,20220621851,Davidson,Nashville,12/8/2022 7:15:00 PM,2,0,0,36.193060,-86.744190,GALLATIN AV,,,,136.00,Feet,North,DOUGLAS AV,,,,0.00,N,Not at Intersection, ,Non-Junction,None,,,         ,Kevin,Clausius,Cloudy,"Sideswipe, Same Direction",no,no,no,no,no,False
103504449,METROPOLITAN NASHVILLE POLICE DEPT,20220621720,Davidson,Nashville,12/8/2022 5:40:00 PM,2,1,0,36.217920,-86.803290,WHITES CREEK PKE,,,,103.00,Feet,South,MOORMANS ARM RD,,,,0.00,N,Not at Intersection,N,Non-Junction,None,,,         ,Dylan,Ramos,"Cloudy, Rain",Front to Rear,no,no,no,no,yes,False
103504454,METROPOLITAN NASHVILLE POLICE DEPT,20220621694,Davidson,Antioch,12/8/2022 4:18:00 PM,2,1,0,36.042040,-86.605850,MURFREESBORO PKE,,,,359.00,Feet,South,HOBSON PKE,,,,0.00,N,Not at Intersection,N,Non-Junction,None,,,         ,Andre,Williams,Rain,Angle,no,no,no,no,no,False
103504469,THP District 3 - Nashville,322103806,Davidson,Nashville,12/8/2022 2:33:00 PM,2,0,0,36.181240,-86.774550,I 24,,,,0.00,,,,,,,47.60,N,Not at Intersection, ,Non-Junction,None,,,         ,Robert,Bennett,Rain,"Sideswipe, Same Direction",no,no,no,no,no,False
103504471,THP District 3 - Nashville,322103865,Davidson,Nashville,12/8/2022 5:30:00 PM,2,0,0,36.142360,-86.709550,I 40,,,,0.00,,,,,,,214.20,N,Not at Intersection, ,Non-Junction,None,,,         ,Robert,Bennett,Rain,Front to Rear,no,no,no,no,no,False
103504472,THP District 3 - Nashville,322103882,Davidson,Nashville,12/8/2022 6:11:00 PM,2,0,0,36.047270,-86.862770,HILLSBORO PKE,,,,16.00,Feet,West,OLD HICKORY BLVD,,,,0.00,N,Not at Intersection, ,Non-Junction,None,,,         ,Robert,Bennett,Rain,Front to Rear,no,no,no,no,no,False
103504484,METROPOLITAN NASHVILLE POLICE DEPT,20220621797,Davidson,Nashville,12/8/2022 7:35:00 PM,3,1,0,36.238050,-86.786790,I24 E ENT RAMP,,,,0.00,Feet,East,I 24,,,,0.00,N,Not at Intersection,N,Non-Junction,None,,,         ,Alec,Pellissier,Clear,Angle,no,no,no,no,no,False
103504485,METROPOLITAN NASHVILLE POLICE DEPT,20220622084,Davidson,Nashville,12/8/2022 10:00:00 PM,2,1,0,36.153490,-86.723210,LEBANON PKE,,,,492.00,Feet,West,SPENCE LN,,,,0.00,N,Not at Intersection,N,Non-Junction,None,,,         ,Bryson,Wilkins,Clear,Angle,no,no,no,no,no,False
103504491,METROPOLITAN NASHVILLE POLICE DEPT,20220622008,Davidson,Antioch,12/8/2022 9:21:00 PM,3,0,0,36.012350,-86.618680,I24 E ENT RAMP,,,,0.00,,East,I 24,,,,0.00,N,Not at Intersection,N,Non-Junction,None,,,         ,Taylor,Blackwelder,Fog,Front to Rear,no,no,no,no,no,False
103504505,METROPOLITAN NASHVILLE POLICE DEPT,2022-0616146,Davidson,Nashville,12/6/2022 12:00:00 AM,1,1,0,36.228760,-86.697760,BRILEY PKWYN,,,,1266.00,Feet,South,MUSIC VALLEY DR,,,,0.00,N,Not at Intersection,N,Non-Junction,None,,,         ,Frank,Walker,Rain,Not Collision with Motor Vehicle in Transport,no,no,no,no,no,False
103504506,METROPOLITAN NASHVILLE POLICE DEPT,20220622034,Davidson,Nashville,12/8/2022 9:43:00 PM,2,1,0,36.067390,-86.631270,MORRIS GENTRY BLVD,,,,9.00,Feet,West,FOREST VIEW DR,,,,0.00,N,Not at Intersection,N,Non-Junction,None,,,         ,Andre,Williams,Clear,Angle,no,no,no,no,no,False
103504507,METROPOLITAN NASHVILLE POLICE DEPT,20220622143,Davidson,Nashville,12/8/2022 10:25:00 PM,1,1,0,36.059070,-86.645300,RURAL HILL RD,,,,968.00,Feet,South,HICKORY HIGHLANDS DR,,,,0.00,N,Not at Intersection,N,Non-Junction,None,,,         ,Eric,Laury,"Cloudy, Fog",Not Collision with Motor Vehicle in Transport,no,no,no,no,no,False
103504513,METROPOLITAN NASHVILLE POLICE DEPT,20220621670,Davidson,Nashville,12/8/2022 5:40:00 PM,4,0,0,36.157550,-86.781240,8TH AVS,,,,136.00,Feet,South,MCGAVOCK ST,,,,0.00,N,Not at Intersection,N,Non-Junction,None,,,         ,Carson,Denny,Clear,Front to Rear,no,no,no,no,no,False
103504543,METROPOLITAN NASHVILLE POLICE DEPT,20220622125,Davidson,Nashville,12/8/2022 10:22:00 PM,2,0,0,36.255420,-86.704370,NEELYS BEND RD,,,,0.00,,,FOREST PARK RD,,,,0.00,Y,T-Intersection,Y,Intersection-Related,None,,,         ,Reuben,Hewit,Clear,Front to Rear,no,no,no,no,no,False
103504547,METROPOLITAN NASHVILLE POLICE DEPT,2022-0622237,Davidson,Nashville,12/8/2022 11:25:00 PM,1,1,0,36.177280,-86.687740,MAPLECREST DR,,,,204.00,Feet,East,DENNYWOOD DR,,,,0.00,N,Not at Intersection,N,Non-Junction,None,,,         ,Joshua,McGarvey,Cloudy,Not Collision with Motor Vehicle in Transport,no,no,no,no,no,False
103504598,METROPOLITAN NASHVILLE POLICE DEPT,20220622482,Davidson,Nashville,12/9/2022 12:50:00 AM,2,0,0,36.237250,-86.781010,BRILEY PKWY E ENT RAMP,,,,0.00,,,BRICK CHURCH PKE,,,,0.00,Y,OTHER,N,Intersection,None,,,         ,Coleman,McKellar,Clear,"Sideswipe, Same Direction",no,no,no,no,yes,False
103504634,METROPOLITAN NASHVILLE POLICE DEPT,20220622248,Davidson,Nashville,12/8/2022 11:20:00 PM,3,0,0,36.164680,-86.802180,17TH AVN,,,,0.00,,,HERMAN ST,,,,0.00,Y,Four-Way,N,Intersection,None,,,         ,Hunter,Levan,Clear,Not Collision with Motor Vehicle in Transport,no,no,no,no,yes,False
103504641,METROPOLITAN NASHVILLE POLICE DEPT,20220622549,Davidson,Nashville,12/9/2022 3:54:00 AM,1,0,0,36.107140,-86.719470,I24 W EXT RAMP,,,,0.00,Feet,East,I 24,,,,0.00,N,Not at Intersection,N,Entrance/Exit Ramp Related,None,,,         ,Autumn,Manning,Fog,Not Collision with Motor Vehicle in Transport,no,no,no,no,no,False
103504695,METROPOLITAN NASHVILLE POLICE DEPT,20220622621,Davidson,Nashville,12/9/2022 12:00:00 AM,2,2,0,36.045430,-86.703610,OLD HICKORY BLVD,,,,0.00,,,EULALA DR,,,,0.00,Y,Four-Way,N,Intersection,None,,,         ,Justin,mathias,Fog,Angle,no,no,no,no,no,False
103504699,METROPOLITAN NASHVILLE POLICE DEPT,20220622757,Davidson,Nashville,12/9/2022 6:20:00 AM,1,0,0,36.064810,-86.622110,HAMILTON CHURCH RD,,,,0.00,,,OWENDALE DR,,,,0.00,Y,T-Intersection,N,Non-Junction,None,,,         ,Steven,Williams,Rain,Not Collision with Motor Vehicle in Transport,no,no,no,no,no,False
103504704,METROPOLITAN NASHVILLE POLICE DEPT,20220622664,Davidson,Nashville,12/9/2022 6:10:00 AM,2,1,0,36.112790,-86.637100,COUCHVILLE PKE,,,,240.00,Feet,West,PLEASANT HILL RD,,,,0.00,N,Not at Intersection,N,Non-Junction,None,,,         ,Katelyn,Argeroplos,Fog,Front to Rear,no,no,no,no,no,False
103504708,METROPOLITAN NASHVILLE POLICE DEPT,20220622730,Davidson,Nashville,12/9/2022 5:42:00 AM,2,0,0,36.110170,-86.744860,COLLIER AV,,,,167.00,Feet,North,NOLENSVILLE PKE,,,,0.00,N,Not at Intersection, ,Non-Junction,None,,,         ,Bianca,Crawford,Fog,Angle,no,no,no,no,yes,False
103504712,METROPOLITAN NASHVILLE POLICE DEPT,20220622697,Davidson,Nashville,12/9/2022 6:51:00 AM,2,0,0,36.172930,-86.600940,CENTRAL PKE,,,,0.00,Feet,West,BURNING TREE DR,,,,0.00,N,Not at Intersection,N,Non-Junction,None,,,         ,Allison,Zornes,Clear,HeadOn,no,no,no,yes,no,False
103504721,METROPOLITAN NASHVILLE POLICE DEPT,20220622736,Davidson,Nashville,12/9/2022 7:12:00 AM,2,0,0,36.124080,-86.751680,NOLENSVILLE PKE,,,,0.00,,,I440 W EXT RAMP,,,,0.00,Y,T-Intersection,Y,Intersection,Work Zone,Laneclosure,Activity Area,         ,David,Rehm,Fog,Angle,no,no,no,no,no,False
103504722,METROPOLITAN NASHVILLE POLICE DEPT,20220622690,Davidson,Nashville,12/9/2022 6:48:00 AM,2,0,0,36.040130,-86.649730,I 24,,,,0.00,,,,,,,60.00,N,Not at Intersection,N,Non-Junction,None,,,         ,Casey,Lopez,Fog,"Sideswipe, Same Direction",no,no,no,no,yes,False
103504738,METROPOLITAN NASHVILLE POLICE DEPT,20220622648,Davidson,Nashville,12/9/2022 12:00:00 AM,2,0,0,36.156290,-86.787300,12TH AVS,,,,119.00,Feet,South,BROADWAY,,,,0.00,N,Not at Intersection, ,Non-Junction,None,,,         ,Maria,Reynolds,Fog,Angle,no,no,no,no,no,False
103504741,METROPOLITAN NASHVILLE POLICE DEPT,20220622849,Davidson,Madison,12/9/2022 8:04:00 AM,2,1,0,36.266530,-86.690110,N DUPONT AV,,,,0.00,,,MYATT DR,,,,0.00,Y,Four-Way,N,Intersection,None,,,         ,Brian,Otto,Cloudy,Angle,no,no,no,no,no,False
103504745,METROPOLITAN NASHVILLE POLICE DEPT,20220622870,Davidson,Nashville,12/9/2022 8:13:00 AM,2,0,0,36.081290,-86.700210,LINBAR DR,,,,540.00,Feet,East,WALLACE RD,,,,0.00,N,Not at Intersection, ,Non-Junction,None,,,         ,Benjamin,Tasto,Cloudy,Angle,no,no,no,no,yes,False
103504766,METROPOLITAN NASHVILLE POLICE DEPT,20220622843,Davidson,Nashville,12/9/2022 8:04:00 AM,2,0,0,36.176590,-86.770350,DICKERSON PKE,,,,9.00,Feet,West,SPRING ST,,,,0.00,N,Not at Intersection, ,,None,,,         ,Jeffery,Leiser,,,no,no,no,no,no,False
103504772,METROPOLITAN NASHVILLE POLICE DEPT,20220622776,Davidson,Nashville,12/9/2022 7:25:00 AM,2,1,0,36.051930,-86.889970,OLD HICKORY BLVD,,,,338.00,Feet,East,WEST MINISTER DR,,,,0.00,N,Not at Intersection,N,Non-Junction,None,,,         ,Stacia,Getz,"Cloudy, Fog",Front to Rear,no,no,no,no,no,False
103504789,METROPOLITAN NASHVILLE POLICE DEPT,20220622837,Davidson,Nashville,12/9/2022 7:52:00 AM,2,0,0,36.158890,-86.782110,8TH AVS,,,,0.00,,,ROSA L PARKS BLVD,,,,0.00,Y,Four-Way,N,Intersection,None,,,         ,Michael,Schlegel,"Cloudy, Fog",Angle,no,no,no,no,no,False
103504797,METROPOLITAN NASHVILLE POLICE DEPT,20220612488,Davidson,Madison,12/4/2022 11:50:00 AM,2,0,0,36.260280,-86.705480,ELM ST,,,,0.00,,,4TH AV,,,,0.00,Y,T-Intersection,N,Intersection,None,,,         ,Sandra,Fly,Clear,Angle,no,no,no,no,yes,False
103504817,METROPOLITAN NASHVILLE POLICE DEPT,20220622935,Davidson,Nashville,12/9/2022 8:57:00 AM,2,0,0,36.176230,-86.756520,MAIN ST,,,,233.00,Feet,East,S 9TH ST,,,,0.00,N,Not at Intersection,N,Non-Junction,None,,,         ,Samantha,Held,"Cloudy, Rain","Sideswipe, Same Direction",no,no,no,no,no,False
103504826,METROPOLITAN NASHVILLE POLICE DEPT,20220622991,Davidson,Nashville,12/9/2022 9:36:00 AM,2,0,0,36.174530,-86.760940,S 7TH ST,,,,0.00,,,MAIN ST,,,,0.00,Y,Four-Way, ,Intersection-Related,None,,,         ,Ian,Wilson,Cloudy,Front to Rear,no,no,no,no,no,False
103504838,METROPOLITAN NASHVILLE POLICE DEPT,20220623031,Davidson,Nashville,12/9/2022 9:53:00 AM,2,0,0,36.213460,-86.795020,E NOCTURNE DR,,,,56.00,Feet,East,OLD MATTHEWS RD,,,,0.00,N,Not at Intersection, ,Non-Junction,None,,,         ,Tristan,Krausman,Cloudy,Front to Rear,no,no,no,no,no,False
103504937,METROPOLITAN NASHVILLE POLICE DEPT,20220623132,Davidson,Nashville,12/9/2022 10:22:00 AM,2,0,0,36.200860,-86.688750,BRILEY PKWYN,,,,170.00,Feet,North,BRILEY PKWY N ENT RAMP,,,,0.00,N,Not at Intersection, ,Non-Junction,None,,,         ,Patrick,Lancaster,Rain,"Sideswipe, Same Direction",no,no,no,no,no,False
103504946,METROPOLITAN NASHVILLE POLICE DEPT,20220623190,Davidson,Nashville,12/9/2022 11:32:00 AM,2,0,0,36.166670,-86.764800,I 24,,,,0.00,,,,,,,48.95,N,Not at Intersection,N,Non-Junction,None,,,         ,Byron,Carter,Cloudy,Front to Rear,no,no,no,no,yes,False
103504951,METROPOLITAN NASHVILLE POLICE DEPT,20220623233,Davidson,Nashville,12/9/2022 12:06:00 PM,2,1,0,36.236560,-86.724460,BRILEY PKWY W EXT RAMP,,,,0.00,Feet,East,GALLATIN PKES,,,,0.00,N,Not at Intersection,N,Non-Junction,None,,,         ,Brian,Otto,Cloudy,Front to Rear,no,no,no,no,no,False
103504958,METROPOLITAN NASHVILLE POLICE DEPT,20220623166,Davidson,Nashville,12/9/2022 7:40:00 AM,2,0,0,36.118530,-86.698600,BRILEY PKWY N ENT RAMP,,,,0.00,,,BRILEY PKWYN,,,,0.00,Y,OTHER, ,Intersection-Related,None,,,         ,Joshua,Beauchesne,Rain,"Sideswipe, Same Direction",no,no,no,no,no,False
103504969,METROPOLITAN NASHVILLE POLICE DEPT,20220623248,Davidson,Nashville,12/9/2022 12:14:00 PM,2,0,0,36.044860,-86.663200,BELL RD,,,,498.00,Feet,West,CANE RIDGE RD,,,,0.00,N,Not at Intersection,N,Non-Junction,Work Zone,Laneclosure,Before First Warning Area,         ,Tavin,Emlund,"Cloudy, Rain",Angle,no,no,no,no,yes,False