master_record_number,agency,agency_tracking_number,county,city,collision_date,vehicles_involved,number_injured,number_dead,latitude,longitude,roadway_name,roadway_suffix,roadway_number,roadway_local_id,distance_from_reference,miles-feet_indicator,direction_from_reference,intersection_road_name,intersection_road_name_suffix,intersection_road_number,intersection_local_id,mile_marker,intersection_indicator,intersect_type,interchange_related_indicator,relation_to_junction,work_zone_type,construction_maintenance_zone,construction_maintenance_zone_location,fatal_case_number,officer_first_name,officer_last_name,weather_condition(s),manner_of_crash,pedestrian,bicycle,scooter,parking,hitrun,mou
103504970,VANDERBILT UNIVERSITY POLICE,20220623114,Davidson,Nashville,12/9/2022 7:38:00 AM,1,0,0,36.147070,-86.797970,GRAND AV,,,,102.00,Feet,South,20TH AVS,,,,0.00,N,Not at Intersection,N,Non-Junction,None,,,         ,Charles,Stevens,Cloudy,Not Collision with Motor Vehicle in Transport,no,no,no,yes,no,Campus
103504971,METROPOLITAN NASHVILLE POLICE DEPT,20220623201,Davidson,Nashville,12/9/2022 11:45:00 AM,2,0,0,36.171430,-86.769040,JAMES ROBERTSON PKWY,,,,0.00,,,INTERSTATE DR,,,,0.00,Y,Four-Way, ,Intersection,None,,,         ,Wesley,Young,Cloudy,"Sideswipe, Same Direction",no,no,no,no,no,False
103504982,METROPOLITAN NASHVILLE POLICE DEPT,20220623242,Davidson,Nashville,12/9/2022 12:02:00 PM,2,0,0,36.198430,-86.620270,LEBANON PKE,,,,2.00,Feet,South,OLD HICKORY BLVD,,,,0.00,N,Not at Intersection, ,Non-Junction,None,,,         ,Kyle,Burks,Cloudy,Front to Rear,no,no,no,no,no,False
103504984,METROPOLITAN NASHVILLE POLICE DEPT,20220623245,Davidson,Nashville,12/9/2022 12:20:00 PM,2,0,0,36.153800,-86.788000,DEMONBREUN ST,,,,62.00,Feet,East,I40 E ENT RAMP,,,,0.00,N,Not at Intersection, ,Non-Junction,None,,,         ,Wesley,Young,Cloudy,"Sideswipe, Same Direction",no,no,no,no,no,False
103504996,THP District 1 - Knoxville,322103002,Davidson,Nashville,12/6/2022 9:15:00 AM,2,0,0,36.163180,-86.617490,I 40,,,,0.00,,,,,,,219.85,N,Not at Intersection, ,Non-Junction,None,,,         ,Christian,Smith,"Cloudy, Rain",Front to Rear,no,no,no,no,no,False
103505001,VANDERBILT UNIVERSITY POLICE,2022-0620780,Davidson,Nashville,12/8/2022 8:48:00 AM,2,0,0,36.141930,-86.801330,MEDICAL CENTER DR,,,,399.00,Feet,North,DIXIE PL,,,,0.00,N,Not at Intersection, ,Non-Junction,Construction Zone,,,         ,Cedric,Roach,Rain,"Sideswipe, Same Direction",no,no,no,no,no,Campus
103505018,METROPOLITAN NASHVILLE POLICE DEPT,20220623244,Davidson,Nashville,12/9/2022 12:21:00 PM,2,0,0,36.158620,-86.782750,BROADWAY,,,,0.00,,,9TH AVN,,,,0.00,Y,T-Intersection,N,Intersection,None,,,         ,Michael,Schlegel,Cloudy,Front to Rear,no,no,no,no,no,False
103505069,METROPOLITAN NASHVILLE POLICE DEPT,20220623377,Davidson,Nashville,12/9/2022 1:30:00 PM,2,0,0,36.140830,-86.776360,I 65,,,,0.00,,,,,,,81.90,N,Not at Intersection,N,Non-Junction,None,,,         ,Wesley,Young,Cloudy,"Sideswipe, Same Direction",no,no,no,no,yes,False
103505089,METROPOLITAN NASHVILLE POLICE DEPT,20220623277,Davidson,Madison,12/9/2022 12:40:00 PM,2,0,0,36.264220,-86.734950,STATE HWY 45,,,,52.00,Feet,East,BOYDS HILLTOP DR,,,,0.00,N,Not at Intersection, ,Non-Junction,None,,,         ,Mark,Iovine,Cloudy,Front to Rear,no,no,no,no,no,False
103505116,METROPOLITAN NASHVILLE POLICE DEPT,20220623206,Davidson,Nashville,12/9/2022 11:51:00 AM,1,0,0,36.130180,-86.755030,NOLENSVILLE PKE,,,,0.00,,,POLK AV,,,,0.00,Y,T-Intersection,Y,Intersection-Related,None,,,         ,Darrin,Hardin,"Cloudy, Rain",Not Collision with Motor Vehicle in Transport,no,no,no,no,no,False
103505121,VANDERBILT UNIVERSITY POLICE,20220621765,Davidson,Nashville,12/8/2022 6:45:00 PM,2,0,0,36.150490,-86.801230,21ST AVS,,,,0.00,,,WEST END AV,,,,0.00,Y,Four-Way, ,Intersection,None,,,         ,Mark,Clear,,"Sideswipe, Same Direction",no,no,no,no,yes,Campus
103505124,THP District 3 - Nashville,322103809,Davidson,Nashville,12/8/2022 2:37:00 PM,2,1,0,36.043540,-86.607210,MURFREESBORO PKE,,,,316.00,Feet,North,HOBSON PKE,,,,0.00,N,Not at Intersection,N,Non-Junction,None,,,         ,Roberto,Pineda,Rain,Angle,no,no,no,no,no,False
103505216,METROPOLITAN NASHVILLE POLICE DEPT,20220623330,Davidson,Nashville,12/9/2022 1:16:00 PM,2,2,0,36.153930,-86.857490,URBANDALE AV,,,,0.00,Feet,,BRILEY PKWYS,,,,0.00,Y,Four-Way,N,Intersection-Related,None,,,         ,Terence,Mitchell,Cloudy,Angle,no,no,no,no,no,False
103505253,THP District 3 - Nashville,322103673,Davidson,Not in City Limit,12/8/2022 6:15:00 AM,3,0,0,36.078780,-87.038580,I 40,,,,0.00,,,,,,,191.50,N,Not at Intersection, ,Non-Junction,None,,,         ,Matthew,Priest,"Cloudy, Rain",Front to Rear,no,no,no,no,no,False
103505367,METROPOLITAN NASHVILLE POLICE DEPT,20220623652,Davidson,Nashville,12/9/2022 3:50:00 PM,2,0,0,36.120700,-86.807970,LOMBARDY AV,,,,0.00,,,HILLSBORO PKE,,,,0.00,Y,Four-Way,N,Intersection,None,,,         ,Cory,Stratton,Cloudy,Angle,no,no,no,no,no,False
103505379,METROPOLITAN NASHVILLE POLICE DEPT,20220623537,Davidson,Nashville,12/9/2022 2:52:00 PM,2,0,0,36.126870,-86.710280,THOMPSON PL,,,,246.00,Feet,East,MURFREESBORO PKE,,,,0.00,N,Not at Intersection, ,Non-Junction,None,,,         ,Kody,Littles,Clear,Front to Rear,no,no,no,no,no,False
103505393,METROPOLITAN NASHVILLE POLICE DEPT,20220623615,Davidson,Nashville,12/9/2022 4:20:00 PM,2,0,0,36.157330,-86.770810,PEABODY ST,,,,15.00,Feet,East,RUTLEDGE ST,,,,0.00,N,Not at Intersection, ,Non-Junction,None,,,         ,Blake,Curry,Clear,Angle,no,no,no,no,no,False
103505407,METROPOLITAN NASHVILLE POLICE DEPT,20220621280,Davidson,Nashville,12/8/2022 2:46:00 PM,2,0,0,36.164230,-86.777730,3RD AVN,,,,0.00,Feet,,CHURCH ST,,,,0.00,Y,Four-Way, ,Intersection-Related,None,,,         ,Cory,West,Rain,"Sideswipe, Same Direction",no,no,no,no,no,False
103505415,METROPOLITAN NASHVILLE POLICE DEPT,20220623313,Davidson,Nashville,12/9/2022 1:00:00 PM,2,0,0,36.133390,-86.891450,OLD CHARLOTTE PKE,,,,0.00,,,CHARLOTTE PKE,,,,0.00,Y,T-Intersection, ,,None,,,         ,Deon,Prather,,,no,no,no,no,no,False
103505463,METROPOLITAN NASHVILLE POLICE DEPT,20220623669,Davidson,Nashville,12/9/2022 4:56:00 PM,2,0,0,36.189480,-86.775400,I 24,,,,0.00,,,,,,,47.10,N,Not at Intersection, ,Non-Junction,None,,,         ,Joshua,Warren,Clear,Front to Rear,no,no,no,no,no,False
103505473,METROPOLITAN NASHVILLE POLICE DEPT,20220623596,Davidson,Nashville,12/9/2022 4:10:00 PM,2,1,0,36.051510,-86.714360,OCALA DR,,,,0.00,,,NOLENSVILLE PKE,,,,0.00,Y,Four-Way,N,Intersection,None,,,         ,Flynn,Ireland,Clear,Angle,no,no,no,no,no,False
103505475,METROPOLITAN NASHVILLE POLICE DEPT,20220623784,Davidson,Nashville,12/9/2022 6:02:00 PM,2,0,0,36.151130,-86.750550,I 40,,,,0.00,,,,,,,211.55,N,Not at Intersection, ,Non-Junction,None,,,         ,Stephen,Sciolinos,Clear,Front to Rear,no,no,no,no,no,False
103505477,METROPOLITAN NASHVILLE POLICE DEPT,20220623571,Davidson,Nashville,12/9/2022 3:05:00 PM,1,0,0,36.064000,-86.810990,SHENANDOAH CT,,,,31.00,Feet,West,OTTER CREEK RD,,,,0.00,N,Not at Intersection,N,Non-Junction,None,,,         ,Dylan,Chambers,Clear,Not Collision with Motor Vehicle in Transport,no,no,no,no,no,False
103505482,METROPOLITAN NASHVILLE POLICE DEPT,20220623701,Davidson,Nashville,12/9/2022 5:20:00 PM,2,2,0,36.077200,-86.738050,HARDING PL,,,,421.00,Feet,West,SHADESCREST DR,,,,0.00,N,Not at Intersection,N,Non-Junction,None,,,         ,Eric,Modransky,Clear,Front to Rear,no,no,no,no,yes,False
103505484,METROPOLITAN NASHVILLE POLICE DEPT,20220623795,Davidson,Nashville,12/9/2022 5:58:00 PM,2,1,0,36.142040,-86.675730,I 40,,,,0.00,,,,,,,216.05,N,Not at Intersection,N,Non-Junction,None,,,         ,Evan,Grace,Clear,Front to Rear,no,no,no,no,no,False
103505500,METROPOLITAN NASHVILLE POLICE DEPT,20220623812,Davidson,Nashville,12/9/2022 5:49:00 PM,2,0,0,36.247540,-86.773100,VILLAGE TRL,,,,4.00,Feet,West,MOOREWOOD DR,,,,0.00,N,Not at Intersection,N,Non-Junction,None,,,         ,Joshua,Dodge,Clear,Angle,no,no,no,no,no,False
103505501,METROPOLITAN NASHVILLE POLICE DEPT,20220623807,Davidson,Nashville,12/9/2022 6:29:00 PM,2,1,0,36.137470,-86.799680,WEDGEWOOD AV,,,,269.00,Feet,North,21ST AVS,,,,0.00,N,Not at Intersection,N,Non-Junction,None,,,         ,Dakota,Davis,Clear,Angle,no,no,no,no,no,Campus
103505503,METROPOLITAN NASHVILLE POLICE DEPT,20220623795,Davidson,Nashville,12/9/2022 6:20:00 PM,4,0,0,36.142040,-86.675730,I 40,,,,0.00,,,,,,,216.05,N,Not at Intersection,N,Non-Junction,None,,,         ,Brandon,Chapman,Clear,Front to Rear,no,no,no,no,yes,False
103505518,METROPOLITAN NASHVILLE POLICE DEPT,20220623677,Davidson,Nashville,12/9/2022 12:00:00 AM,2,2,0,36.071100,-86.647970,PEBBLE CREEK DR,,,,16.00,Feet,East,SPRINGMORE CT,,,,0.00,N,Not at Intersection,N,Non-Junction,None,,,         ,Taylor,Blackwelder,Clear,HeadOn,no,no,no,no,no,False
103505539,METROPOLITAN NASHVILLE POLICE DEPT,20220623873,Davidson,Nashville,12/9/2022 7:00:00 PM,2,0,0,36.175920,-86.809330,DR D B TODD JR BLVD,,,,4.00,Feet,North,WHELESS ST,,,,0.00,N,Not at Intersection,N,Non-Junction,None,,,         ,Benjamin,Ellsworth,Clear,Front to Rear,no,no,no,no,yes,False
103505542,METROPOLITAN NASHVILLE POLICE DEPT,20220623853,Davidson,Nashville,12/9/2022 6:50:00 PM,2,0,0,36.153530,-86.788890,DEMONBREUN ST,,,,140.00,Feet,West,14TH AVS,,,,0.00,N,Not at Intersection,N,Non-Junction,None,,,         ,Eric,Burford,Clear,Angle,no,no,no,yes,yes,False
103505567,METROPOLITAN NASHVILLE POLICE DEPT,20220623577,Davidson,Nashville,12/9/2022 2:30:00 PM,2,0,0,36.138780,-86.762470,4TH AVS,,,,0.00,,,CARNEY ST,,,,0.00,Y,T-Intersection, ,Intersection,None,,,         ,Eric,Modransky,Clear,Front to Rear,no,no,no,no,no,False
103505579,THP District 3 - Nashville,322103651,Davidson,Nashville,12/8/2022 6:10:00 AM,2,0,0,36.142150,-86.734470,I 40,,,,0.00,,,,,,,212.65,N,Not at Intersection, ,Non-Junction,None,,,         ,Lennart,Schaaf,Rain,"Sideswipe, Same Direction",no,no,no,no,no,False
103505580,THP District 3 - Nashville,322103776,Davidson,Nashville,12/8/2022 1:11:00 PM,2,0,0,36.179000,-86.773640,I 24,,,,0.00,,,,,,,47.75,N,Not at Intersection,N,Non-Junction,None,,,         ,Lennart,Schaaf,Rain,Front to Rear,no,no,no,no,no,False
103505581,THP District 3 - Nashville,322104021,Davidson,Nashville,12/9/2022 7:15:00 AM,2,0,0,36.140820,-86.730020,I 24,,,,0.00,,,,,,,51.45,N,Not at Intersection, ,Non-Junction,None,,,         ,Lennart,Schaaf,Fog,"Sideswipe, Same Direction",no,no,no,no,no,False
103505585,THP District 3 - Nashville,322104122,Davidson,Nashville,12/9/2022 10:06:00 AM,1,1,0,36.101360,-86.675070,CITATION DR,,,,77.00,Feet,East,DONELSON PKE,,,,0.00,N,Not at Intersection,N,Non-Junction,None,,,         ,Lennart,Schaaf,Fog,Not Collision with Motor Vehicle in Transport,no,no,no,no,no,False
103505592,METROPOLITAN NASHVILLE POLICE DEPT,20220623778,Davidson,Nashville,12/9/2022 6:10:00 PM,2,0,0,36.120830,-86.727100,I 24,,,,0.00,,,,,,,52.85,N,Not at Intersection,N,Non-Junction,None,,,         ,Jennifer,Liquori,Clear,Not Collision with Motor Vehicle in Transport,no,no,no,no,yes,False
103505605,METROPOLITAN NASHVILLE POLICE DEPT,20220623711,Davidson,Nashville,12/9/2022 5:09:00 PM,4,1,0,36.056900,-86.676380,I 24,,,,0.00,,,,,,,58.15,N,Not at Intersection,N,Non-Junction,None,,,         ,Corey,Schulz,Cloudy,Front to Rear,no,no,no,no,no,False
103505606,METROPOLITAN NASHVILLE POLICE DEPT,20220623945,Davidson,Nashville,12/9/2022 6:15:00 PM,2,0,0,36.131330,-86.896890,CHARLOTTE PKE,,,,0.00,,,I40 E EXT RAMP,,,,0.00,Y,Y-Intersection, ,Non-Junction,None,,,         ,Robert,Higgins,Clear,Front to Rear,no,no,no,no,no,False
103505615,METROPOLITAN NASHVILLE POLICE DEPT,20220623747,Davidson,Nashville,12/9/2022 5:37:00 PM,2,0,0,36.048410,-86.664110,I 24,,,,0.00,,,,,,,59.05,N,Not at Intersection,N,Non-Junction,None,,,         ,Alexandra,Foote,Clear,Angle,no,no,no,no,yes,False
103505713,METROPOLITAN NASHVILLE POLICE DEPT,20220623984,Davidson,Nashville,12/9/2022 8:35:00 PM,2,1,0,36.201280,-86.689450,OPRY MILLS DR,,,,398.00,Feet,North,BRILEY PKWYS,,,,0.00,N,Not at Intersection,N,Non-Junction,None,,,         ,Evan,Grace,Clear,Front to Rear,no,no,no,yes,no,False
103505715,THP District 3 - Nashville,322102847,Davidson,Nashville,12/5/2022 3:35:00 PM,2,0,0,36.141260,-86.733590,I 40,,,,0.00,,,,,,,212.70,N,Not at Intersection, ,Non-Junction,None,,,         ,Jason,Murray,Rain,Front to Rear,no,no,no,no,no,False
103505716,THP District 3 - Nashville,322102860,Davidson,Nashville,12/5/2022 4:20:00 PM,2,0,0,36.169120,-86.655730,LEBANON PKE,,,,58.00,Feet,West,CEDARSTONE WAY,,,,0.00,N,Not at Intersection,Y,Unknown,None,,,         ,Jason,Murray,Rain,Angle,no,no,no,no,no,False
103505717,METROPOLITAN NASHVILLE POLICE DEPT,20220622151,Davidson,Nashville,12/8/2022 10:15:00 PM,2,0,0,36.102010,-86.817990,HILLSBORO DR,,,,85.00,Feet,West,HILLSBORO PKE,,,,0.00,N,Not at Intersection,N,Non-Junction,None,,,         ,John,Jones,Clear,Other,no,no,no,no,yes,False
103505719,METROPOLITAN NASHVILLE POLICE DEPT,20220623993,Davidson,Not in City Limit,12/9/2022 9:00:00 PM,2,6,0,36.024220,-86.631310,I 24,,,,0.00,,,,,,,61.65,N,Not at Intersection,N,Non-Junction,None,,,         ,Nadine,Klemenz,Clear,Front to Rear,no,no,no,no,no,False
103505723,METROPOLITAN NASHVILLE POLICE DEPT,20220623753,Davidson,Goodlettsville,12/9/2022 5:45:00 PM,2,2,0,36.300780,-86.694830,RIVERGATE MALL PVTDR,,,,4.00,Feet,North,SHEPHERD HILLS DR,,,,0.00,N,Not at Intersection,N,Non-Junction,None,,,         ,Kendric,Catron,Clear,Angle,no,no,no,no,no,False
103505724,METROPOLITAN NASHVILLE POLICE DEPT,20220623946,Davidson,Goodlettsville,12/9/2022 8:28:00 PM,2,1,0,36.296850,-86.699220,GALLATIN PKEN,,,,27.00,Feet,South,RIVERGATE PKWY,,,,0.00,N,Not at Intersection,Y,Non-Junction,None,,,         ,Mary,Zoetvelt,Clear,Front to Rear,no,no,no,no,yes,False
103505726,METROPOLITAN NASHVILLE POLICE DEPT,20220623909,Davidson,Nashville,12/9/2022 6:55:00 PM,2,0,0,36.133370,-86.805670,24TH AVS,,,,0.00,,,BARTON AV,,,,0.00,Y,T-Intersection, ,Intersection-Related,None,,,         ,Nicholas,Carroll,Cloudy,"Sideswipe, Same Direction",no,no,no,no,no,False
103505736,METROPOLITAN NASHVILLE POLICE DEPT,20220623825,Davidson,Nashville,12/9/2022 6:42:00 PM,2,0,0,36.120700,-86.807970,LOMBARDY AV,,,,0.00,Feet,,HILLSBORO PKE,,,,0.00,Y,Four-Way,N,Intersection-Related,None,,,         ,Ryan,Thomas,Cloudy,Angle,no,no,no,no,no,False
103505738,METROPOLITAN NASHVILLE POLICE DEPT,20220624107,Davidson,Nashville,12/9/2022 12:00:00 AM,2,0,0,36.111620,-86.792620,WOODMONT BLVD,,,,10.00,Feet,West,GRANNY WHITE PKE,,,,0.00,N,Not at Intersection, ,Non-Junction,None,,,         ,Timothy,Lehnert,Unknown,"Sideswipe, Opposite Direction",no,no,no,no,yes,False
103505740,METROPOLITAN NASHVILLE POLICE DEPT,20220623590,Davidson,Nashville,12/9/2022 4:09:00 PM,3,1,0,36.086800,-86.691730,ANTIOCH PKE,,,,269.00,Feet,South,HARDING PL,,,,0.00,N,Not at Intersection,N,Non-Junction,None,,,         ,Justin,Ramos,Clear,Angle,no,no,no,no,no,False
103505741,METROPOLITAN NASHVILLE POLICE DEPT,20220623837,Davidson,Nashville,12/9/2022 6:55:00 PM,2,0,0,36.111980,-86.709980,BRILEY PKWYS,,,,107.00,Feet,West,BRILEY PKWYN,,,,0.00,N,Not at Intersection,N,Non-Junction,None,,,         ,Justin,Ramos,Clear,Front to Rear,no,no,no,no,no,False
103505760,GOODLETTSVILLE POLICE DEPT,22-37275,Davidson,Goodlettsville,12/9/2022 9:14:00 PM,2,0,0,36.309470,-86.695650,VIETNAM VETERANS BLVD SB EXT R,,,,0.00,Feet,East,CONFERENCE DR,,,,0.00,N,Not at Intersection, ,Entrance/Exit Ramp Related,None,,,         ,William,Campbell,Clear,Front to Rear,no,no,no,no,no,False
103505762,METROPOLITAN NASHVILLE POLICE DEPT,20220624037,Davidson,Nashville,12/9/2022 7:05:00 PM,1,1,0,36.188050,-86.812250,18TH AVN,,,,177.00,Feet,South,NUBELL ST,,,,0.00,N,Not at Intersection,N,Non-Junction,None,,,         ,Burton,Beeson,Clear,Not Collision with Motor Vehicle in Transport,no,no,no,no,no,False
103505787,METROPOLITAN NASHVILLE POLICE DEPT,20220623999,Davidson,Nashville,12/9/2022 8:42:00 PM,2,0,0,36.153830,-86.757060,I 40,,,,0.00,,,,,,,211.15,N,Not at Intersection, ,Non-Junction,None,,,         ,Stephen,Sciolinos,Clear,Angle,no,no,no,no,yes,False
103505788,METROPOLITAN NASHVILLE POLICE DEPT,20220623880,Davidson,Nashville,12/9/2022 7:20:00 PM,2,0,0,36.206990,-86.736120,MAYNOR AV,,,,11.00,Feet,West,GALLATIN PKE,,,,0.00,N,Not at Intersection, ,Non-Junction,None,,,         ,Anancia,Lunsford,Clear,Angle,no,no,no,no,no,False
103505807,METROPOLITAN NASHVILLE POLICE DEPT,20220624227,Davidson,Nashville,12/9/2022 12:00:00 AM,2,0,0,36.216450,-86.775070,I 65,,,,0.00,,,,,,,88.00,N,Not at Intersection,N,Non-Junction,None,,,         ,Ronald,Conner,Fog,"Sideswipe, Same Direction",no,no,no,no,no,False
103505821,METROPOLITAN NASHVILLE POLICE DEPT,20220623870,Davidson,Nashville,12/9/2022 7:22:00 PM,2,1,0,36.066710,-86.717970,NOLENSVILLE PKE,,,,17.00,Feet,North,NORTHCREST DR,,,,0.00,N,Not at Intersection,N,Non-Junction,None,,,         ,Parker,Vegas,Clear,Angle,no,no,no,no,yes,False
103505822,METROPOLITAN NASHVILLE POLICE DEPT,20220623992,Davidson,Nashville,12/9/2022 9:03:00 PM,1,2,0,36.109990,-86.721780,I 24,,,,0.00,,,,,,,53.70,N,Not at Intersection,N,Non-Junction,None,,,         ,Parker,Vegas,Clear,Not Collision with Motor Vehicle in Transport,no,no,no,no,no,False
103505829,METROPOLITAN NASHVILLE POLICE DEPT,202200769932,Davidson,Nashville,12/9/2022 5:56:00 PM,2,0,0,36.080690,-86.798670,TYNE BLVD,,,,112.00,Feet,East,SEWANEE RD,,,,0.00,N,Not at Intersection, ,,None,,,         ,Flynn,Ireland,,,no,no,no,no,no,False
103505842,METROPOLITAN NASHVILLE POLICE DEPT,20220623815,Davidson,Nashville,12/9/2022 6:25:00 PM,4,0,0,36.115814,-86.783027,,,I440 E,,0.10,Miles,East,,,,,4.60,N,Not at Intersection,N,Non-Junction,None,,,         ,Cory,Stratton,Cloudy,Front to Rear,no,no,no,no,no,False
103505843,METROPOLITAN NASHVILLE POLICE DEPT,20220623742,Davidson,Nashville,12/9/2022 5:25:00 PM,2,0,0,36.117327,-86.800126,,,I440 E,,0.10,Miles,East,,,,,3.60,N,Not at Intersection, ,,None,,,         ,Cory,Stratton,,,no,no,no,no,no,False
103505849,METROPOLITAN NASHVILLE POLICE DEPT,20220624008,Davidson,Nashville,12/10/2022 12:00:00 AM,2,0,0,36.056740,-86.742160,EDMONDSON PKE,,,,614.00,Feet,North,MCMURRAY DR,,,,0.00,N,Not at Intersection, ,Non-Junction,None,,,         ,Clayton,Cox,Clear,Front to Rear,no,no,no,no,yes,False
103505874,METROPOLITAN NASHVILLE POLICE DEPT,20220624345,Davidson,Nashville,12/9/2022 11:55:00 PM,1,0,0,36.158480,-86.777120,DEMONBREUN ST,,,,0.00,,,5TH AVS,,,,0.00,Y,Four-Way, ,,None,,,         ,Grey,Maxwell,,,no,no,no,no,no,False
103505887,METROPOLITAN NASHVILLE POLICE DEPT,20220624538,Davidson,Nashville,12/10/2022 12:00:00 AM,2,1,0,36.154130,-86.793310,WEST END AV,,,,133.00,Feet,West,BROADWAY,,,,0.00,N,Not at Intersection,N,Non-Junction,None,,,         ,Jeremy,Crisp,Clear,Front to Rear,no,no,no,no,yes,False
103505889,METROPOLITAN NASHVILLE POLICE DEPT,20220624545,Davidson,Nashville,12/10/2022 1:30:00 AM,2,3,0,36.213330,-86.691500,BRILEY PKWY N EXT RAMP,,,,0.00,Feet,East,BRILEY PKWYS,,,,0.00,N,Not at Intersection,N,Entrance/Exit Ramp Related,None,,,         ,Bryson,Wilkins,Clear,Other,no,no,no,no,yes,False
103505893,METROPOLITAN NASHVILLE POLICE DEPT,20220624437,Davidson,Nashville,12/9/2022 12:00:00 AM,2,0,0,36.045710,-86.640230,BABY RUTH LN,,,,892.00,Feet,North,MT VIEW RD,,,,0.00,N,Not at Intersection,N,Non-Junction,None,,,         ,Kristopher,Sharpe,Clear,"Sideswipe, Same Direction",no,no,no,yes,yes,False
103505913,METROPOLITAN NASHVILLE POLICE DEPT,20220624620,Davidson,Nashville,12/10/2022 3:05:00 AM,2,2,0,36.067240,-86.687000,I24 W EXT RAMP,,,,0.00,Feet,East,I 24,,,,0.00,N,Not at Intersection,Y,Entrance/Exit Ramp Related,None,,,         ,Douglas,Meringer,Clear,Angle,no,no,no,no,no,False
103505954,METROPOLITAN NASHVILLE POLICE DEPT,20220624635,Davidson,Goodlettsville,12/10/2022 3:30:00 AM,1,0,0,36.298050,-86.698240,GALLATIN PKEN,,,,475.00,Feet,East,RIVERGATE PKWY,,,,0.00,N,Not at Intersection,N,Non-Junction,None,,,         ,John,Robish,Clear,Not Collision with Motor Vehicle in Transport,no,no,no,yes,yes,False
103505986,METROPOLITAN NASHVILLE POLICE DEPT,20220624206,Davidson,Nashville,12/9/2022 10:00:00 PM,2,1,0,36.218490,-86.837040,US HWY 41 ALT,,,,0.00,,,KINGS LN,,,,0.00,Y,Four-Way,N,Intersection,None,,,         ,Lynsey,Fish,Clear,Angle,no,no,no,no,yes,False
103505987,METROPOLITAN NASHVILLE POLICE DEPT,20220624661,Davidson,Nashville,12/9/2022 12:00:00 AM,3,0,0,36.146150,-86.817780,LONG BLVD,,,,77.00,Feet,West,AVOCA AVE,,,,0.00,N,Not at Intersection,N,Non-Junction,None,,,         ,Lynsey,Fish,Clear,Front to Rear,no,no,no,no,yes,False
103505988,GOODLETTSVILLE POLICE DEPT,22-37293,Davidson,Goodlettsville,12/10/2022 3:35:00 AM,2,0,0,36.300620,-86.710990,I 65,,,,0.00,,,,,,,95.20,N,Not at Intersection,Y,Entrance/Exit Ramp Related,None,,,         ,Shane,Farrell,"Cloudy, Fog",Not Collision with Motor Vehicle in Transport,no,no,no,no,yes,False
103506016,METROPOLITAN NASHVILLE POLICE DEPT,20220624677,Davidson,Nashville,12/10/2022 12:00:00 AM,2,0,0,36.083730,-86.892870,SHADOWOOD DR,,,,218.00,Feet,East,PERCY WARNER BLVD,,,,0.00,N,Not at Intersection,N,Non-Junction,None,,,         ,Wyatt,Brooks,Clear,Unknown,no,no,no,yes,yes,False
103506034,METROPOLITAN NASHVILLE POLICE DEPT,20220624472,Davidson,Nashville,12/10/2022 1:10:00 AM,1,1,0,36.229560,-86.736780,BROADMOOR DR,,,,340.00,Feet,East,GRAYCROFT AV,,,,0.00,N,Not at Intersection,N,Non-Junction,None,,,         ,Peter,Kinsey,Fog,Not Collision with Motor Vehicle in Transport,no,no,no,no,no,False
103506197,METROPOLITAN NASHVILLE POLICE DEPT,20220624847,Davidson,Nashville,12/10/2022 12:00:00 AM,1,0,0,36.083870,-86.704920,LARGO DR,,,,242.00,Feet,East,LINBAR DR,,,,0.00,N,Not at Intersection,N,Non-Junction,None,,,         ,Zera,Ntahonirukiye,Clear,Not Collision with Motor Vehicle in Transport,no,no,no,yes,yes,False
103506230,METROPOLITAN NASHVILLE POLICE DEPT,20220624986,Davidson,Nashville,12/10/2022 10:57:00 AM,2,0,0,36.215290,-86.589020,LEBANON PKE,,,,154.00,Feet,West,BIG HORN DR,,,,0.00,N,Not at Intersection, ,Non-Junction,None,,,         ,Zachariah,Souza,Cloudy,Angle,no,no,no,no,no,False
103506233,METROPOLITAN NASHVILLE POLICE DEPT,20220624922,Davidson,Nashville,12/10/2022 10:00:00 AM,2,2,0,36.081060,-86.719420,WELCH RD,,,,398.00,Feet,West,JONQUIL DR,,,,0.00,N,Not at Intersection,N,Non-Junction,None,,,         ,Dennis,Diesel,Clear,"Sideswipe, Opposite Direction",no,no,no,no,no,False
103506234,METROPOLITAN NASHVILLE POLICE DEPT,20220625000,Davidson,Nashville,12/10/2022 10:52:00 AM,2,0,0,36.217600,-86.728540,GALLATIN PKE,,,,145.00,Feet,South,NORVEL AV,,,,0.00,N,Not at Intersection, ,Non-Junction,None,,,         ,Theodore,Kenney,Cloudy,Front to Rear,no,no,no,no,no,False
103506299,METROPOLITAN NASHVILLE POLICE DEPT,20220624960,Davidson,Nashville,12/10/2022 10:36:00 AM,2,0,0,36.109420,-86.811720,HILLSBORO PKE,,,,115.00,Feet,North,CRESTMOOR RD,,,,0.00,N,Not at Intersection, ,Non-Junction,None,,,         ,Tony,Folad,Cloudy,Angle,no,no,no,no,no,False
103506317,METROPOLITAN NASHVILLE POLICE DEPT,20220624775,Davidson,Not in City Limit,12/10/2022 7:16:00 AM,1,2,0,36.298390,-86.811760,I 24,,,,0.00,,,,,,,38.85,N,Not at Intersection,N,Non-Junction,None,,,         ,Judah,Parker,Clear,Not Collision with Motor Vehicle in Transport,no,no,no,no,yes,False