master_record_number,agency,agency_tracking_number,county,city,collision_date,vehicles_involved,number_injured,number_dead,latitude,longitude,roadway_name,roadway_suffix,roadway_number,roadway_local_id,distance_from_reference,miles-feet_indicator,direction_from_reference,intersection_road_name,intersection_road_name_suffix,intersection_road_number,intersection_local_id,mile_marker,intersection_indicator,intersect_type,interchange_related_indicator,relation_to_junction,work_zone_type,construction_maintenance_zone,construction_maintenance_zone_location,fatal_case_number,officer_first_name,officer_last_name,weather_condition(s),manner_of_crash,pedestrian,bicycle,scooter,parking,hitrun,mou
103508618,METROPOLITAN NASHVILLE POLICE DEPT,20220628797,Davidson,Nashville,12/12/2022 4:30:00 PM,2,0,0,36.158890,-86.800960,PEARL ST,,,,47.00,Feet,West,DR D B TODD JR BLVD,,,,0.00,N,Not at Intersection, ,Non-Junction,None,,,         ,Michael,Esposito,Clear,HeadOn,no,no,no,no,yes,False
103508619,METROPOLITAN NASHVILLE POLICE DEPT,20220628790,Davidson,Nashville,12/12/2022 4:26:00 PM,2,0,0,36.088470,-86.649640,MURFREESBORO PKE,,,,241.00,Feet,South,RANSOM PL,,,,0.00,N,Not at Intersection,N,Non-Junction,None,,,         ,Megan,Arnett,Clear,Front to Rear,no,no,no,no,no,False
103508625,METROPOLITAN NASHVILLE POLICE DEPT,20220628857,Davidson,Nashville,12/12/2022 4:58:00 PM,2,0,0,36.086340,-86.698640,I24 W EXT RAMP,,,,0.00,,,I 24,,,,0.00,Y,T-Intersection,N,Non-Junction,None,,,         ,Gary,Anderson,Clear,Front to Rear,no,no,no,no,yes,False
103508650,METROPOLITAN NASHVILLE POLICE DEPT,20220628892,Davidson,Nashville,12/12/2022 3:29:00 PM,2,0,0,36.147680,-86.868540,CHARLOTTE PKE,,,,92.00,Feet,East,CROLEY DR,,,,0.00,N,Not at Intersection,N,Non-Junction,None,,,         ,Ky,Luu,Clear,Angle,no,no,no,no,yes,False
103508701,METROPOLITAN NASHVILLE POLICE DEPT,20220628730,Davidson,Nashville,12/12/2022 4:00:00 PM,2,1,0,36.216630,-86.789580,OLD MATTHEWS RD,,,,4.00,Feet,North,SILAS DR,,,,0.00,N,Not at Intersection,N,Non-Junction,None,,,         ,Craig,Paschetti,Clear,"Sideswipe, Opposite Direction",no,no,no,no,no,False
103508714,METROPOLITAN NASHVILLE POLICE DEPT,20220628753,Davidson,Nashville,12/12/2022 4:17:00 PM,2,0,0,36.139510,-86.700310,KAREN DR,,,,0.00,,,BRILEY PKWY,,,,0.00,Y,Four-Way, ,Intersection-Related,None,,,         ,Robert,Marquez,Clear,Angle,no,no,no,no,no,False
103508715,METROPOLITAN NASHVILLE POLICE DEPT,20220628725,Davidson,Nashville,12/12/2022 3:45:00 PM,2,0,0,36.118970,-86.767140,I-440W,,,,0.00,,,,,,,0.00,,,N,Non-Junction,None,,,         ,David,Harms,Clear,Front to Rear,no,no,no,no,no,False
103508719,GOODLETTSVILLE POLICE DEPT,22-37229,Davidson,Goodlettsville,12/9/2022 5:30:00 AM,5,0,0,36.307940,-86.692870,VIETNAM VETERANS BLVDN,,,,295.00,Feet,East,VIETNAM VETERANS BLVD SB EXT R,,,,0.00,N,Not at Intersection,N,Entrance/Exit Ramp Related,None,,,         ,William,Monaghan,Rain,Angle,no,no,no,no,yes,False
103508770,METROPOLITAN NASHVILLE POLICE DEPT,20220628784,Davidson,Nashville,12/12/2022 4:00:00 PM,2,0,0,36.189100,-86.818130,26TH AVN,,,,231.00,Feet,North,DOWLAN ST,,,,0.00,N,Not at Intersection,N,Non-Junction,None,,,         ,Madison,Rolon,Clear,Angle,no,no,no,yes,no,False
103508776,METROPOLITAN NASHVILLE POLICE DEPT,20220629116,Davidson,Nashville,12/12/2022 7:53:00 PM,2,1,0,36.256190,-86.714380,GALLATIN PKES,,,,3.00,Feet,North,NEELYS BEND RD,,,,0.00,N,Not at Intersection,N,Non-Junction,None,,,         ,Brandon,Lopez,Clear,Angle,no,no,no,no,no,False
103508777,METROPOLITAN NASHVILLE POLICE DEPT,20220628893,Davidson,Nashville,12/12/2022 5:32:00 PM,3,0,0,36.188310,-86.629190,LEBANON PKE,,,,48.00,Feet,East,HICKORY HILL LN,,,,0.00,N,Not at Intersection,N,Non-Junction,None,,,         ,Jakub,Boyke,Clear,Front to Rear,no,no,no,no,no,False
103508781,METROPOLITAN NASHVILLE POLICE DEPT,20220628869,Davidson,Nashville,12/12/2022 3:38:00 PM,3,0,0,36.179650,-86.750140,GALLATIN AV,,,,81.00,Feet,West,N 11TH ST,,,,0.00,N,Not at Intersection,N,Non-Junction,None,,,         ,Daniel,Carney,Clear,Front to Rear,no,no,no,no,yes,False
103508784,METROPOLITAN NASHVILLE POLICE DEPT,20220628940,Davidson,Nashville,12/12/2022 6:00:00 PM,2,2,0,36.209820,-86.871720,BRILEY PKWYS,,,,4.00,Feet,North,ASHLAND CITY HWY,,,,0.00,N,Not at Intersection,N,Entrance/Exit Ramp Related,None,,,         ,Erin,Savidge,Clear,HeadOn,no,no,no,no,no,False
103508813,METROPOLITAN NASHVILLE POLICE DEPT,20220628904,Davidson,Nashville,12/12/2022 5:40:00 PM,2,0,0,36.085010,-86.763270,I 65,,,,0.00,,,,,,,78.00,N,Not at Intersection,N,Non-Junction,None,,,         ,Gabriel,Hamilton,Clear,Front to Rear,no,no,no,no,no,False
103508814,METROPOLITAN NASHVILLE POLICE DEPT,20220629092,Davidson,Nashville,12/12/2022 7:30:00 PM,2,0,0,36.045960,-86.675400,BELL RD,,,,321.00,Feet,West,BLUE HOLE RD,,,,0.00,N,Not at Intersection,N,Non-Junction,None,,,         ,Brian,Sherman,Clear,"Sideswipe, Opposite Direction",no,no,no,no,yes,False
103508815,METROPOLITAN NASHVILLE POLICE DEPT,20220628964,Davidson,Nashville,12/12/2022 4:20:00 PM,2,0,0,36.189270,-86.627780,LEBANON PKE,,,,593.00,Feet,East,HICKORY HILL LN,,,,0.00,N,Not at Intersection,N,Non-Junction,None,,,         ,Ryan,Wright,Clear,Front to Rear,no,no,no,no,yes,False
103508825,METROPOLITAN NASHVILLE POLICE DEPT,20220629075,Davidson,Nashville,12/12/2022 5:26:00 PM,2,0,0,36.045370,-86.713260,OLD HICKORY BLVD,,,,0.00,,,NOLENSVILLE PKE,,,,0.00,Y,Four-Way, ,Intersection-Related,None,,,         ,Andrew,Ellis,Clear,"Sideswipe, Same Direction",no,no,no,no,no,False
103508853,METROPOLITAN NASHVILLE POLICE DEPT,20220629166,Davidson,Nashville,12/12/2022 8:15:00 PM,2,0,0,36.045510,-86.704890,OLD HICKORY BLVD,,,,378.00,Feet,West,EULALA DR,,,,0.00,N,Not at Intersection,N,Non-Junction,None,,,         ,John,Braun,Clear,Front to Rear,no,no,no,no,no,False
103508855,METROPOLITAN NASHVILLE POLICE DEPT,20220629023,Davidson,Nashville,12/12/2022 6:45:00 PM,2,3,0,36.064390,-86.684460,I 24,,,,0.00,,,,,,,57.45,N,Not at Intersection,N,Non-Junction,Construction Zone,Work On Shoulder Or Median,Activity Area,         ,Keith,Parlato,Clear,Front to Rear,no,no,no,no,no,False
103508856,METROPOLITAN NASHVILLE POLICE DEPT,20220628918,Davidson,Nashville,12/12/2022 4:31:00 PM,2,0,0,36.154360,-86.821140,31ST AVN,,,,0.00,,,FELICIA ST,,,,0.00,Y,Four-Way,N,Intersection,None,,,         ,Kaitlyn,Powell,Clear,Angle,no,no,no,no,yes,False
103508866,METROPOLITAN NASHVILLE POLICE DEPT,20220628903,Davidson,Nashville,12/12/2022 5:14:00 PM,3,0,0,36.168010,-86.761140,SHELBY AV,,,,113.00,Feet,West,EDGEFIELD MANOR PVTDR,,,,0.00,N,Not at Intersection,N,Non-Junction,None,,,         ,Geovanny,Aguirre-Burgos,Clear,Front to Rear,no,no,no,no,no,False
103508868,THP District 3 - Nashville,322105183,Davidson,Nashville,12/12/2022 10:19:00 AM,3,0,0,36.188210,-86.629330,LEBANON PKE,,,,4.00,Feet,West,HICKORY HILL LN,,,,0.00,N,Not at Intersection,N,Non-Junction,None,,,         ,Keith,Velez,Clear,Front to Rear,no,no,no,no,no,False
103508908,METROPOLITAN NASHVILLE POLICE DEPT,20220629130,Davidson,Nashville,12/12/2022 7:55:00 PM,2,0,0,36.125650,-86.713040,EAST THOMPSON LN,,,,136.00,Feet,East,LAWNDALE DR,,,,0.00,N,Not at Intersection,N,Non-Junction,None,,,         ,Dean,Ferrari,Clear,Angle,no,no,no,no,no,False
103508918,METROPOLITAN NASHVILLE POLICE DEPT,20220629189,Davidson,Nashville,12/12/2022 8:37:00 PM,2,2,0,36.130770,-86.788770,SOUTH DOUGLAS AV,,,,0.00,,,12TH AVS,,,,0.00,Y,T-Intersection,Y,Intersection-Related,Construction Zone,Work On Shoulder Or Median,Activity Area,         ,Samuel,Sundra,Clear,Angle,no,no,no,no,no,False
103508919,METROPOLITAN NASHVILLE POLICE DEPT,20220629316,Davidson,Nashville,12/12/2022 9:39:00 PM,1,1,0,36.085360,-86.761870,SIDCO DR,,,,166.00,Feet,North,ELYSIAN FIELDS RD,,,,0.00,N,Not at Intersection,N,Non-Junction,None,,,         ,Mitchell,Cook,Cloudy,Not Collision with Motor Vehicle in Transport,no,no,no,no,no,False
103508923,METROPOLITAN NASHVILLE POLICE DEPT,20220629204,Davidson,Nashville,12/12/2022 7:10:00 PM,2,0,0,36.200550,-86.751260,ELLINGTON PKWYN,,,,0.55,Miles,North,ELLINGTON PKWY N ENT RAMP,,,,0.00,N,Not at Intersection,N,Non-Junction,None,,,         ,Jacob,Krispin,Clear,"Sideswipe, Same Direction",no,no,no,no,yes,False
103508933,METROPOLITAN NASHVILLE POLICE DEPT,20220629289,Davidson,Nashville,12/12/2022 2:15:00 PM,1,1,0,36.232840,-86.756500,MAPLEWOOD TRC,,,,227.00,Feet,West,HILLSIDE RD,,,,0.00,N,Not at Intersection,N,Non-Junction,None,,,         ,Nicholas,Terwilliger,Clear,Not Collision with Motor Vehicle in Transport,yes,no,no,no,yes,False
103508942,METROPOLITAN NASHVILLE POLICE DEPT,20220629543,Davidson,Nashville,12/12/2022 2:00:00 PM,2,0,0,36.079520,-86.717110,WALLACE RD,,,,139.00,Feet,West,FOLEY DR,,,,0.00,N,Not at Intersection,N,Non-Junction,None,,,         ,Gary,Anderson,Clear,Angle,no,no,no,yes,yes,False
103508943,METROPOLITAN NASHVILLE POLICE DEPT,20220629462,Davidson,Nashville,12/12/2022 10:52:00 PM,1,0,0,36.151540,-86.675250,ELM HILL PKE,,,,521.00,Feet,East,EMERY DR,,,,0.00,N,Not at Intersection,N,Non-Junction,None,,,         ,Richard,Luellen,Clear,Not Collision with Motor Vehicle in Transport,no,no,no,no,no,False
103508951,METROPOLITAN NASHVILLE POLICE DEPT,20220629561,Davidson,Nashville,12/12/2022 11:30:00 PM,1,1,0,36.176880,-86.776180,COWAN ST,,,,0.00,,,SPRING ST,,,,0.00,Y,Four-Way,Y,Intersection,None,,,         ,Jarrett,Messick,Clear,Not Collision with Motor Vehicle in Transport,yes,no,no,no,yes,False
103508954,METROPOLITAN NASHVILLE POLICE DEPT,20220629375,Davidson,Nashville,12/12/2022 10:03:00 PM,2,0,0,36.110450,-86.771020,I 65,,,,0.00,,,,,,,79.80,N,Not at Intersection,N,Non-Junction,None,,,         ,Bryan,Baldwin,Clear,"Sideswipe, Same Direction",no,no,no,no,yes,False
103508962,METROPOLITAN NASHVILLE POLICE DEPT,20220629567,Davidson,Nashville,12/12/2022 12:00:00 AM,2,0,0,36.061700,-86.740300,EDMONDSON PKE,,,,0.00,,,ELLINGTON AG CENTER PVTDR,,,,0.00,Y,T-Intersection,Y,Intersection,None,,,         ,Aaron,Brumley,Clear,Angle,no,no,no,no,yes,False
103508963,METROPOLITAN NASHVILLE POLICE DEPT,20220629569,Davidson,Nashville,12/12/2022 11:35:00 PM,2,1,0,36.150920,-86.750100,I 40,,,,0.00,,,,,,,211.60,N,Not at Intersection,N,Non-Junction,Construction Zone,Work On Shoulder Or Median,Advanced Warning Area,         ,Christopher,Gooding,Clear,"Sideswipe, Same Direction",no,no,no,no,yes,False
103508972,METROPOLITAN NASHVILLE POLICE DEPT,20220629480,Davidson,Nashville,12/12/2022 11:02:00 PM,1,1,0,36.121770,-86.805660,I440 E ENT RAMP,,,,0.00,,,,,,,0.00,,,N,Entrance/Exit Ramp Related,None,,,         ,Michael,Hodges,Clear,Not Collision with Motor Vehicle in Transport,no,no,no,no,no,False
103508977,GOODLETTSVILLE POLICE DEPT,22-37535,Davidson,Goodlettsville,12/12/2022 10:28:00 PM,1,0,0,36.318340,-86.700540,CONFERENCE DR,,,,14.00,Feet,North,NORTHCREEK BLVD,,,,0.00,N,Not at Intersection,N,Non-Junction,None,,,         ,Hallie,Mooney,Clear,Not Collision with Motor Vehicle in Transport,no,no,no,no,no,False
103509007,METROPOLITAN NASHVILLE POLICE DEPT,20220629761,Davidson,Nashville,12/13/2022 12:00:00 AM,2,0,0,36.153740,-86.825930,FELICIA ST,,,,218.00,Feet,East,35TH AVN,,,,0.00,N,Not at Intersection, ,OtherLocation,None,,,         ,Jayla,Johnson,Clear,"Sideswipe, Opposite Direction",no,no,no,yes,yes,False
103509010,METROPOLITAN NASHVILLE POLICE DEPT,20220629818,Davidson,Nashville,12/13/2022 2:19:00 AM,1,0,0,36.145730,-86.841900,46TH AVN,,,,81.00,Feet,North,WYOMING AV,,,,0.00,N,Not at Intersection,N,Non-Junction,None,,,         ,Justin,McCormick,Clear,Not Collision with Motor Vehicle in Transport,no,no,no,no,no,False
103509013,METROPOLITAN NASHVILLE POLICE DEPT,20220629826,Davidson,Nashville,12/12/2022 12:27:00 PM,2,0,0,36.101520,-86.818110,HILLSBORO PKE,,,,157.00,Feet,South,HILLSBORO DR,,,,0.00,N,Not at Intersection,N,Non-Junction,None,,,         ,Lisa,Beck,Clear,Angle,no,no,no,yes,yes,False
103509014,METROPOLITAN NASHVILLE POLICE DEPT,20220629763,Davidson,Nashville,12/13/2022 1:35:00 AM,2,0,0,36.065560,-86.717440,US HWY 31 ALT,,,,328.00,Feet,South,RAMP,,,,0.00,N,Not at Intersection,N,Non-Junction,None,,,         ,Bryan,Baldwin,Clear,Angle,no,no,no,no,no,False
103509015,METROPOLITAN NASHVILLE POLICE DEPT,20220629825,Davidson,Nashville,12/13/2022 12:00:00 AM,1,1,0,36.187580,-86.799950,DOMINICAN DR,,,,23.00,Feet,East,ATHENS WAY,,,,0.00,N,Not at Intersection,N,Non-Junction,None,,,         ,Carson,Denny,Cloudy,Not Collision with Motor Vehicle in Transport,no,no,no,no,no,False
103509017,METROPOLITAN NASHVILLE POLICE DEPT,20220629874,Davidson,Nashville,12/13/2022 12:00:00 AM,1,0,0,36.207280,-86.805030,W TRINITY LN,,,,576.00,Feet,East,DAY ST,,,,0.00,N,Not at Intersection,N,Non-Junction,None,,,         ,David,Crisman,Clear,Unknown,no,no,no,no,yes,False
103509052,METROPOLITAN NASHVILLE POLICE DEPT,20220629925,Davidson,Nashville,12/13/2022 12:00:00 AM,1,0,0,36.136010,-86.767560,SOUTHGATE AV,,,,64.00,Feet,East,NEAL TER,,,,0.00,N,Not at Intersection,N,Non-Junction,None,,,         ,Jack,Pfeiffer,Clear,Not Collision with Motor Vehicle in Transport,no,no,no,no,no,False
103509062,METROPOLITAN NASHVILLE POLICE DEPT,20220629945,Davidson,Antioch,12/13/2022 4:58:00 AM,1,0,0,36.053040,-86.599250,HOBSON PKE,,,,94.00,Feet,North,LAKEWALK DR,,,,0.00,N,Not at Intersection,N,Non-Junction,None,,,         ,Lisa,Beck,Clear,Not Collision with Motor Vehicle in Transport,no,no,no,no,no,False
103509105,METROPOLITAN NASHVILLE POLICE DEPT,20220630001,Davidson,Not in City Limit,12/13/2022 6:00:00 AM,1,0,0,35.991920,-86.654820,WHITTEMORE LN,,,,3.00,Feet,North,BURKITT RD,,,,0.00,N,Not at Intersection,N,Non-Junction,None,,,         ,Dillon,Gann,Clear,Not Collision with Motor Vehicle in Transport,no,no,no,no,yes,False
103509108,METROPOLITAN NASHVILLE POLICE DEPT,20220629512,Davidson,Nashville,12/12/2022 11:15:00 PM,1,1,0,36.085390,-86.728650,NOLENSVILLE PKE,,,,243.00,Feet,North,PARAGON MILLS RD,,,,0.00,N,Not at Intersection,N,Non-Junction,None,,,         ,Christopher,Valdez,Clear,Not Collision with Motor Vehicle in Transport,yes,no,no,no,no,False
103509112,METROPOLITAN NASHVILLE POLICE DEPT,20220628606,Davidson,Old Hickory,12/12/2022 2:20:00 PM,2,0,0,36.256560,-86.655000,ROBINSON RD,,,,416.00,Feet,West,MERRITT ST,,,,0.00,N,Not at Intersection,N,Non-Junction,None,,,         ,Thomas,Vasquez,Clear,Front to Rear,no,no,no,yes,yes,False
103509129,METROPOLITAN NASHVILLE POLICE DEPT,20220630062,Davidson,Nashville,12/13/2022 6:45:00 AM,2,0,0,36.159220,-86.623860,I 40,,,,0.00,,,,,,,219.35,N,Not at Intersection, ,Non-Junction,None,,,         ,Zachariah,Souza,Cloudy,Front to Rear,no,no,no,no,no,False
103509132,METROPOLITAN NASHVILLE POLICE DEPT,20220630035,Davidson,Nashville,12/13/2022 6:25:00 AM,2,0,0,36.047840,-86.612050,MURFREESBORO PKE,,,,1284.00,Feet,North,MOUNTAIN SPRINGS RD,,,,0.00,N,Not at Intersection, ,,None,,,         ,Zachary,Wilbanks,,,no,no,no,no,no,False
103509142,METROPOLITAN NASHVILLE POLICE DEPT,20220629147,Davidson,Nashville,12/12/2022 6:27:00 PM,2,0,0,36.103760,-86.715400,I 24,,,,0.00,,,,,,,54.25,N,Not at Intersection, ,Non-Junction,None,,,         ,Samuel,Corkins,Clear,Front to Rear,no,no,no,no,no,False
103509168,METROPOLITAN NASHVILLE POLICE DEPT,20220630058,Davidson,Nashville,12/13/2022 5:15:00 AM,2,0,0,36.166130,-86.794980,I 40,,,,0.00,,,,,,,208.65,N,Not at Intersection, ,Non-Junction,None,,,         ,Anthony,Butler,Clear,Front to Rear,no,no,no,no,no,False
103509177,METROPOLITAN NASHVILLE POLICE DEPT,20220630170,Davidson,Nashville,12/13/2022 7:15:00 AM,2,1,0,36.167970,-86.609590,I 40,,,,0.00,,,,,,,220.40,N,Not at Intersection,N,Non-Junction,None,,,         ,Mitchell,Tolzmann,Clear,Front to Rear,no,no,no,no,no,False
103509186,METROPOLITAN NASHVILLE POLICE DEPT,20220630132,Davidson,Nashville,12/13/2022 7:12:00 AM,2,0,0,36.179750,-86.773960,I 24,,,,0.00,,,,,,,47.70,N,Not at Intersection,N,Non-Junction,None,,,         ,Jeffery,Leiser,Clear,"Sideswipe, Same Direction",no,no,no,no,no,False
103509208,METROPOLITAN NASHVILLE POLICE DEPT,20220630144,Davidson,Nashville,12/13/2022 6:57:00 AM,2,0,0,36.157720,-86.797350,17TH AVN,,,,0.00,,,PATTERSON ST,,,,0.00,Y,Four-Way, ,,None,,,         ,Paxton,Montgomery,,,no,no,no,no,no,False
103509233,METROPOLITAN NASHVILLE POLICE DEPT,20220630097,Davidson,Nashville,12/13/2022 7:06:00 AM,3,0,0,36.159290,-86.760470,I 24,,,,0.00,,,,,,,49.65,N,Not at Intersection, ,Non-Junction,None,,,         ,Byron,Carter,Cloudy,Front to Rear,no,no,no,no,no,False
103509244,METROPOLITAN NASHVILLE POLICE DEPT,20220630248,Davidson,Nashville,12/13/2022 8:01:00 AM,2,0,0,36.051370,-86.669640,I 24,,,,0.00,,,,,,,58.70,N,Not at Intersection, ,Non-Junction,None,,,         ,Stanley,Collins,Cloudy,"Sideswipe, Same Direction",no,no,no,no,no,False
103509252,METROPOLITAN NASHVILLE POLICE DEPT,20220630372,Davidson,Nashville,12/13/2022 9:30:00 AM,2,1,0,36.153570,-86.756450,I 40,,,,0.00,,,,,,,211.15,N,Not at Intersection,N,Non-Junction,None,,,         ,Wesley,Young,Clear,Front to Rear,no,no,no,no,no,False
103509256,METROPOLITAN NASHVILLE POLICE DEPT,20220630318,Davidson,Nashville,12/13/2022 8:54:00 AM,2,0,0,36.138030,-86.805050,BLAKEMORE AV,,,,0.00,,,24TH AVS,,,,0.00,Y,Four-Way, ,Intersection,None,,,         ,Travis,Pemberton,Clear,"Sideswipe, Same Direction",no,no,no,no,no,Campus
103509286,GOODLETTSVILLE POLICE DEPT,22-37573,Davidson,Goodlettsville,12/13/2022 8:45:00 AM,2,0,0,36.308910,-86.690690,VIETNAM VETERANS BLVDN,,,,1293.00,Feet,East,CONFERENCE DR,,,,0.00,N,Not at Intersection,N,Non-Junction,None,,,         ,Daniel,Knalls,Clear,Front to Rear,no,no,no,no,no,False
103509287,GOODLETTSVILLE POLICE DEPT,22-37574,Davidson,Goodlettsville,12/13/2022 9:14:00 AM,2,0,0,36.312290,-86.673710,VIETNAM VETERANS BLVDS,,,,1.22,Miles,East,CONFERENCE DR,,,,0.00,N,Not at Intersection,N,Non-Junction,None,,,         ,Daniel,Knalls,Clear,Front to Rear,no,no,no,no,no,False
103509351,METROPOLITAN NASHVILLE POLICE DEPT,20220630301,Davidson,Nashville,12/13/2022 8:30:00 AM,3,0,0,36.089650,-86.806020,HARDING PL,,,,0.00,Feet,,BELMONT PARK TER,,,,0.00,Y,Four-Way,N,Intersection,None,,,         ,Samantha,Ramos,Clear,Angle,no,no,no,no,no,False
103509353,METROPOLITAN NASHVILLE POLICE DEPT,20220630477,Davidson,Nashville,12/13/2022 10:25:00 AM,2,0,0,36.118330,-86.809700,HILLSBORO PKE,,,,178.00,Feet,North,GOLF CLUB LN,,,,0.00,N,Not at Intersection, ,Non-Junction,None,,,         ,Sekou,Samassi,Clear,Front to Rear,no,no,no,no,no,False
103509371,METROPOLITAN NASHVILLE POLICE DEPT,20220630543,Davidson,Nashville,12/13/2022 11:08:00 AM,2,0,0,36.080370,-86.842190,TYNE BLVD,,,,101.00,Feet,West,EVERETT DR,,,,0.00,N,Not at Intersection, ,Non-Junction,None,,,         ,Douglas,Atwood,Cloudy,Angle,no,no,no,no,no,False
103509381,METROPOLITAN NASHVILLE POLICE DEPT,20220630506,Davidson,Nashville,12/13/2022 10:55:00 AM,2,0,0,36.077470,-86.773100,FRANKLIN PKE,,,,0.00,,,TYNE BLVD,,,,0.00,Y,Four-Way,N,Intersection,None,,,         ,Brent,Bauer,Cloudy,Angle,no,no,no,no,no,False
103509411,METROPOLITAN NASHVILLE POLICE DEPT,20220630522,Davidson,Nashville,12/13/2022 11:10:00 AM,2,1,0,36.253220,-86.716800,GALLATIN PKES,,,,0.00,,,MADISON SQ,,,,0.00,Y,Four-Way,N,Intersection,None,,,         ,Christopher,Littles,Cloudy,Angle,no,no,no,no,yes,False
103509412,METROPOLITAN NASHVILLE POLICE DEPT,20220630670,Davidson,Not in City Limit,12/13/2022 12:37:00 PM,2,3,0,36.281890,-86.691900,MYATT DR,,,,0.00,,,MYATT BLVD,,,,0.00,Y,T-Intersection,N,Intersection,None,,,         ,Christopher,Littles,Cloudy,Angle,no,no,no,no,no,False
103509414,METROPOLITAN NASHVILLE POLICE DEPT,20220630262,Davidson,Nashville,12/10/2022 4:45:00 PM,2,0,0,36.082500,-86.710450,TAMPA DR,,,,63.00,Feet,South,HARDING PL,,,,0.00,N,Not at Intersection,N,Non-Junction,None,,,         ,Jedidayah,Merriweather,Cloudy,Angle,no,no,no,no,yes,False
103509418,METROPOLITAN NASHVILLE POLICE DEPT,20220630592,Davidson,Nashville,12/13/2022 10:45:00 AM,2,0,0,36.130020,-86.727330,I24E,,,,0.00,,,I440 W ENT RAMP,,,,0.00,Y,Y-Intersection, ,Entrance/Exit Ramp Related,None,,,         ,Todd,Watson,Clear,Front to Rear,no,no,no,no,no,False
103509444,VANDERBILT UNIVERSITY POLICE,2022-0128106,Davidson,Nashville,12/13/2022 10:00:00 AM,2,0,0,36.134090,-86.801240,21ST AVS,,,,0.00,,,,,,,0.00,,,N,Non-Junction,None,,,         ,Laresa,Gore,Clear,Unknown,no,no,no,yes,yes,False
103509450,METROPOLITAN NASHVILLE POLICE DEPT,20220630668,Davidson,Nashville,12/13/2022 12:33:00 PM,2,0,0,36.167880,-86.664030,LEBANON PKE,,,,0.00,,,OLD LEBANON PKE,,,,0.00,Y,T-Intersection, ,Intersection,None,,,         ,Brian,Ritz,Cloudy,Angle,no,no,no,no,no,False
103509500,VANDERBILT UNIVERSITY POLICE,20220630773,Davidson,Nashville,12/13/2022 12:30:00 PM,2,0,0,36.109150,-86.763990,POWELL AV,,,,0.00,,,,,,,0.00,,Not at Intersection,N,Non-Junction,None,,,         ,Wintrust,Paul,Clear,Unknown,no,no,no,yes,yes,OHO
103509524,GOODLETTSVILLE POLICE DEPT,22-37582,Davidson,Goodlettsville,12/13/2022 12:27:00 PM,2,0,0,36.306840,-86.694360,CONFERENCE DR,,,,0.00,,,VIETNAM VETERANS BLVD NB ENT R,,,,0.00,Y,Four-Way,N,Intersection,None,,,         ,Daniel,Knalls,Cloudy,Front to Rear,no,no,no,no,no,False
103509543,METROPOLITAN NASHVILLE POLICE DEPT,202205630567,Davidson,Nashville,12/13/2022 11:33:00 AM,2,1,0,36.229720,-86.756320,HILLSIDE RD,,,,27.00,Feet,South,BROADMOOR DR,,,,0.00,N,Not at Intersection,N,Non-Junction,None,,,         ,Miranda,Vaughn,Clear,Angle,no,no,no,no,no,False
103509610,GOODLETTSVILLE POLICE DEPT,22-37586,Davidson,Goodlettsville,12/13/2022 12:38:00 PM,1,0,0,36.324110,-86.709470,E CEDAR ST,,,,376.00,Feet,East,CHURCH ST,,,,0.00,N,Not at Intersection, ,Non-Junction,None,,,         ,George,Forbes,Cloudy,Not Collision with Motor Vehicle in Transport,no,no,no,no,no,False
103509619,METROPOLITAN NASHVILLE POLICE DEPT,20220630744,Davidson,Nashville,12/13/2022 12:43:00 PM,2,2,0,36.204570,-86.749710,ELLINGTON PKWY N EXT RAMP,,,,0.00,Feet,East,ELLINGTON PKWY N ENT RAMP,,,,0.00,N,Not at Intersection,Y,Entrance/Exit Ramp Related,None,,,         ,Miranda,Vaughn,Cloudy,Angle,no,no,no,no,no,False
103509623,METROPOLITAN NASHVILLE POLICE DEPT,20220630814,Davidson,Nashville,12/13/2022 1:46:00 PM,2,0,0,36.178400,-86.644770,LEBANON PKE,,,,693.00,Feet,North,WELLINGTON SQ,,,,0.00,N,Not at Intersection,N,Non-Junction,None,,,         ,Michael,Brooks,Cloudy,Front to Rear,no,no,no,no,yes,False
103509624,METROPOLITAN NASHVILLE POLICE DEPT,20220630631,Davidson,Nashville,12/13/2022 12:12:00 PM,2,5,0,36.207530,-86.857930,ASHLAND CITY HWY,,,,41.00,Feet,East,DRAKES BRANCH RD,,,,0.00,N,Not at Intersection,N,Non-Junction,None,,,         ,Abdulkadir,Aden,Clear,"Sideswipe, Same Direction",no,no,no,no,no,False
103509634,THP District 9 - Administrative,322104270,Davidson,Nashville,12/9/2022 2:51:00 PM,1,1,0,36.118870,-86.767620,I65 ENT RAMP,,,,650.00,Feet,West,I 440,,,,0.00,N,Not at Intersection,Y,Entrance/Exit Ramp Related,None,,,         ,Cameron,Chatman,Cloudy,Not Collision with Motor Vehicle in Transport,no,no,no,no,no,False
103509644,METROPOLITAN NASHVILLE POLICE DEPT,20220630693,Davidson,Nashville,12/13/2022 12:00:00 AM,2,0,0,36.152490,-86.833570,CHARLOTTE AV,,,,85.00,Feet,West,39TH AVN,,,,0.00,N,Not at Intersection, ,Non-Junction,None,,,         ,Deon,Prather,Fog,Front to Rear,no,no,no,no,no,False