master_record_number,agency,agency_tracking_number,county,city,collision_date,vehicles_involved,number_injured,number_dead,latitude,longitude,roadway_name,roadway_suffix,roadway_number,roadway_local_id,distance_from_reference,miles-feet_indicator,direction_from_reference,intersection_road_name,intersection_road_name_suffix,intersection_road_number,intersection_local_id,mile_marker,intersection_indicator,intersect_type,interchange_related_indicator,relation_to_junction,work_zone_type,construction_maintenance_zone,construction_maintenance_zone_location,fatal_case_number,officer_first_name,officer_last_name,weather_condition(s),manner_of_crash,pedestrian,bicycle,scooter,parking,hitrun,mou
103515379,METROPOLITAN NASHVILLE POLICE DEPT,20220641325,Davidson,Nashville,12/19/2022 1:45:00 AM,1,0,0,36.187920,-86.746560,GALLATIN AV,,,,160.00,Feet,South,GRANADA AV,,,,0.00,N,Not at Intersection,N,OtherLocation,None,,,         ,Dillon,Hunt,Clear,Not Collision with Motor Vehicle in Transport,no,no,no,yes,yes,False
103515388,METROPOLITAN NASHVILLE POLICE DEPT,20220641236,Davidson,Nashville,12/19/2022 12:30:00 AM,2,1,0,36.204700,-86.750930,E TRINITY LN,,,,1.00,Feet,West,ELLINGTON PKWY S EXT RAMP,,,,0.00,N,Not at Intersection,N,Non-Junction,None,,,         ,Spencer,Arroyo,Clear,HeadOn,no,no,no,no,no,False
103515391,METROPOLITAN NASHVILLE POLICE DEPT,20220641313,Davidson,Not in City Limit,12/19/2022 1:30:00 AM,1,0,0,36.070140,-86.947170,RIVER PLANTATION PVTDR,,,,319.00,Feet,South,SAWYER BROWN RD,,,,0.00,N,Not at Intersection,N,Non-Junction,None,,,         ,Alexandra,Herring,Clear,Not Collision with Motor Vehicle in Transport,no,no,no,yes,yes,False
103515435,METROPOLITAN NASHVILLE POLICE DEPT,20220641451,Davidson,Nashville,12/19/2022 12:00:00 AM,1,0,0,36.254830,-86.714840,MADISON BLVD,,,,133.00,Feet,East,GALLATIN PKES,,,,0.00,N,Not at Intersection,N,Non-Junction,None,,,         ,Chase,Carter,Clear,Not Collision with Motor Vehicle in Transport,no,no,no,yes,no,False
103515490,METROPOLITAN NASHVILLE POLICE DEPT,20220641492,Davidson,Nashville,12/19/2022 5:55:00 AM,3,0,0,36.113940,-86.724070,I 24,,,,0.00,,,,,,,53.35,N,Not at Intersection,N,Non-Junction,None,,,         ,Andrew,Yurgil,Clear,Front to Rear,no,no,no,no,yes,False
103515491,METROPOLITAN NASHVILLE POLICE DEPT,20220641472,Davidson,Nashville,12/19/2022 5:34:00 AM,2,1,0,36.058720,-86.678560,I 24,,,,0.00,,,,,,,58.00,N,Not at Intersection,N,Non-Junction,None,,,         ,Sullivan,Souksanh,Clear,Front to Rear,no,no,no,no,no,False
103515497,METROPOLITAN NASHVILLE POLICE DEPT,20220641518,Davidson,Not in City Limit,12/19/2022 6:29:00 AM,2,0,0,36.278470,-86.772730,OLD HICKORY BLVD,,,,240.00,Feet,West,DALEMERE DR,,,,0.00,N,Not at Intersection,N,Non-Junction,None,,,         ,Christopher,Littles,Clear,"Sideswipe, Opposite Direction",no,no,no,no,yes,False
103515500,METROPOLITAN NASHVILLE POLICE DEPT,20220638990,Davidson,Goodlettsville,12/17/2022 11:45:00 AM,2,0,0,36.302230,-86.692590,GALLATIN PKEN,,,,52.00,Feet,East,CONFERENCE DR,,,,0.00,N,Not at Intersection,N,Non-Junction,None,,,         ,Sandra,Fly,Clear,Front to Rear,no,no,no,no,no,False
103515531,METROPOLITAN NASHVILLE POLICE DEPT,20220641631,Davidson,Nashville,12/19/2022 7:40:00 AM,2,1,0,36.236650,-86.724480,BRILEY PKWY W EXT RAMP,,,,0.00,,,GALLATIN PKES,,,,0.00,Y,Y-Intersection,N,Entrance/Exit Ramp Related,None,,,         ,Christopher,Littles,Cloudy,Angle,no,no,no,no,no,False
103515532,METROPOLITAN NASHVILLE POLICE DEPT,20220641547,Davidson,Nashville,12/19/2022 6:58:00 AM,2,0,0,36.154580,-86.788590,I 40,,,,0.00,,,,,,,209.20,N,Not at Intersection,N,Non-Junction,None,,,         ,Earl,Davis,Cloudy,"Sideswipe, Same Direction",no,no,no,no,yes,False
103515541,METROPOLITAN NASHVILLE POLICE DEPT,20220641552,Davidson,Nashville,12/19/2022 12:00:00 AM,1,0,0,36.051930,-86.676220,SAXONY LAKE DR,,,,214.00,Feet,North,FOUR LAKES DR,,,,0.00,N,Not at Intersection,N,Non-Junction,None,,,         ,James,Kikilas,Clear,Not Collision with Motor Vehicle in Transport,no,no,no,yes,yes,False
103515543,METROPOLITAN NASHVILLE POLICE DEPT,20220641601,Davidson,Nashville,12/19/2022 7:30:00 AM,2,0,0,36.187080,-86.757070,ELLINGTON PKWYS,,,,176.00,Feet,East,APEX ST,,,,0.00,N,Not at Intersection,N,Non-Junction,None,,,         ,Jason,Milyaro Lucas,Cloudy,"Sideswipe, Same Direction",no,no,no,no,no,False
103515548,GOODLETTSVILLE POLICE DEPT,22-38521,Davidson,Goodlettsville,12/19/2022 5:51:00 AM,2,0,0,36.304350,-86.707650,VIETNAM VETERANS BLVDS,,,,22.00,Feet,South,VIETNAM VETERANS BLVDN,,,,0.00,N,Not at Intersection,N,Non-Junction,None,,,         ,William,Campbell,Clear,Other,no,no,no,no,no,False
103515580,GOODLETTSVILLE POLICE DEPT,22-38252,Davidson,Goodlettsville,12/19/2022 6:00:00 AM,3,1,0,36.311910,-86.681330,VIETNAM VETERANS BLVDS,,,,600.00,Feet,East,VIETNAM VETERANS BLVDN,,,,0.00,N,Not at Intersection,N,Non-Junction,None,,,         ,Ryan,Scott,Clear,Front to Rear,no,no,no,no,no,False
103515587,METROPOLITAN NASHVILLE POLICE DEPT,20220641724,Davidson,Nashville,12/19/2022 12:00:00 AM,2,0,0,36.149090,-86.757320,FAIRFIELD AV,,,,139.00,Feet,South,ROBERTSON ST,,,,0.00,N,Not at Intersection,N,Non-Junction,None,,,         ,Michael,Fox,Unknown,Unknown,no,no,no,no,yes,False
103515611,METROPOLITAN NASHVILLE POLICE DEPT,20220641722,Davidson,Antioch,12/19/2022 8:49:00 AM,2,3,0,36.042850,-86.606550,MURFREESBORO PKE,,,,0.00,,,HOBSON PKE,,,,0.00,Y,Four-Way,N,Intersection,None,,,         ,Patrick,Martin,Clear,Angle,no,no,no,no,no,False
103515648,METROPOLITAN NASHVILLE POLICE DEPT,20220641856,Davidson,Not in City Limit,12/19/2022 9:52:00 AM,3,0,0,36.009500,-86.701660,NOLENSVILLE PKE,,,,0.00,,,BLUFF RD,,,,0.00,Y,T-Intersection,N,Intersection,None,,,         ,Earl,Davis,Cloudy,Angle,no,no,no,no,no,False
103515678,METROPOLITAN NASHVILLE POLICE DEPT,20220642023,Davidson,Nashville,12/19/2022 12:10:00 PM,2,1,0,36.104740,-86.669620,MURFREESBORO PKE,,,,411.00,Feet,West,OLD MURFREESBORO PKE,,,,0.00,N,Not at Intersection,N,Non-Junction,None,,,         ,Allison,Zornes,Clear,Front to Rear,no,no,no,no,no,False
103515679,METROPOLITAN NASHVILLE POLICE DEPT,20220641969,Davidson,Nashville,12/19/2022 11:27:00 AM,2,0,0,36.033520,-86.712980,BARNES RD,,,,0.00,,,NOLENSVILLE PKE,,,,0.00,Y,Four-Way,N,Intersection,None,,,         ,Patrick,Martin,Clear,Angle,no,no,no,no,no,False
103515692,METROPOLITAN NASHVILLE POLICE DEPT,20220641688,Davidson,Nashville,12/19/2022 8:06:00 AM,1,0,0,36.063630,-86.691150,PACKARD DR,,,,113.00,Feet,West,BRENDA LN,,,,0.00,N,Not at Intersection,N,Non-Junction,None,,,         ,Matthew,Mrowiec,Cloudy,Not Collision with Motor Vehicle in Transport,no,no,no,no,no,False
103515705,METROPOLITAN NASHVILLE POLICE DEPT,20220641963,Davidson,Nashville,12/19/2022 10:42:00 AM,3,0,0,36.039740,-86.756090,OLD HICKORY BLVD,,,,600.00,Feet,West,BARRINGTON PLACE DR,,,,0.00,N,Not at Intersection,N,Non-Junction,None,,,         ,Earl,Davis,Cloudy,Front to Rear,no,no,no,no,no,False
103515714,METROPOLITAN NASHVILLE POLICE DEPT,20220642041,Davidson,Nashville,12/19/2022 12:20:00 PM,2,2,0,36.240510,-86.766440,OAKVIEW DR,,,,375.00,Feet,South,DOVERSIDE DR,,,,0.00,N,Not at Intersection,N,Non-Junction,None,,,         ,Christopher,Littles,Cloudy,Front to Rear,no,no,no,no,no,False
103515721,THP District 3 - Nashville,322106724,Davidson,Not in City Limit,12/17/2022 9:48:00 PM,2,0,0,36.077870,-86.992800,I 40,,,,0.00,,,,,,,194.05,N,Not at Intersection, ,Non-Junction,None,,,         ,Jason,Murray,Clear,Front to Rear,no,no,no,no,yes,False
103515749,METROPOLITAN NASHVILLE POLICE DEPT,20220642031,Davidson,Nashville,12/19/2022 12:12:00 PM,2,0,0,36.114260,-86.814030,WOODMONT BLVD,,,,326.00,Feet,North,VALLEY BROOK RD,,,,0.00,N,Not at Intersection,N,Non-Junction,None,,,         ,Douglas,Atwood,Cloudy,Front to Rear,no,no,no,no,no,False
103515799,METROPOLITAN NASHVILLE POLICE DEPT,20220626934,Davidson,Nashville,12/11/2022 4:41:00 PM,2,3,1,36.237120,-86.757970,DICKERSON PKE,,,,103.00,Feet,South,I65 N EXT RAMP,,,,0.00,N,Not at Intersection,N,Non-Junction,None,,,         ,Kevin,Coleman,Clear,HeadOn,no,no,no,no,no,False
103515879,METROPOLITAN NASHVILLE POLICE DEPT,20220642282,Davidson,Nashville,12/19/2022 2:41:00 PM,2,0,0,36.092060,-86.684860,HARDING PL,,,,160.00,Feet,East,MCGAVOCK PKE,,,,0.00,N,Not at Intersection, ,,None,,,         ,Charles,Agius,,,no,no,no,no,no,False
103515885,METROPOLITAN NASHVILLE POLICE DEPT,20220641787,Davidson,Nashville,12/19/2022 8:52:00 AM,2,0,0,36.046820,-86.661320,I 24,,,,0.00,,,,,,,59.25,N,Not at Intersection, ,Non-Junction,None,,,         ,Andrew,Campbell,Cloudy,Front to Rear,no,no,no,no,no,False
103515886,METROPOLITAN NASHVILLE POLICE DEPT,20220642197,Davidson,Nashville,12/19/2022 1:46:00 PM,2,1,0,36.139640,-86.700190,BRILEY PKWYN,,,,49.00,Feet,North,I40 E ENT RAMP,,,,0.00,N,Not at Intersection,N,Non-Junction,None,,,         ,Brian,Ritz,Cloudy,"Sideswipe, Same Direction",no,no,no,no,yes,False
103515922,METROPOLITAN NASHVILLE POLICE DEPT,20220642225,Davidson,Nashville,12/19/2022 2:02:00 PM,2,2,0,36.094290,-86.758250,SIDCO DR,,,,0.00,,,POWELL AV,,,,0.00,Y,T-Intersection,N,Intersection,None,,,         ,Earl,Davis,Cloudy,Angle,no,no,no,no,no,False
103515929,METROPOLITAN NASHVILLE POLICE DEPT,20220641823,Davidson,Nashville,12/19/2022 9:37:00 AM,2,0,0,36.152150,-86.843490,CHARLOTTE AV,,,,0.00,,,47TH AVN,,,,0.00,Y,OTHER,N,Non-Junction,None,,,         ,Jessica,Johnson,Clear,Other,no,no,no,yes,yes,False
103515940,BERRY HILL POLICE DEPT,22-3653,Davidson,Berry Hill,12/19/2022 12:00:00 AM,2,0,0,36.125790,-86.765870,BRANSFORD AV,,,,0.00,,,CRAIGHEAD ST,,,,0.00,Y,Four-Way, ,,None,,,         ,John,Gleixner,,,no,no,no,no,no,False
103515944,METROPOLITAN NASHVILLE POLICE DEPT,20220642124,Davidson,Nashville,12/19/2022 12:52:00 PM,2,0,0,36.035800,-86.640200,CROSSINGS BLVD,,,,558.00,Feet,West,OLD FRANKLIN RD,,,,0.00,N,Not at Intersection,N,Non-Junction,None,,,         ,Lisa,Vidrios,Cloudy,Other,no,no,no,no,no,False
103515946,METROPOLITAN NASHVILLE POLICE DEPT,20220642378,Davidson,Nashville,12/19/2022 3:45:00 PM,2,0,0,36.154610,-86.842340,46TH AVN,,,,57.00,Feet,North,DELAWARE AV,,,,0.00,N,Not at Intersection, ,Non-Junction,None,,,         ,Robert,Crow,Clear,Angle,no,no,no,no,no,False
103515974,METROPOLITAN NASHVILLE POLICE DEPT,20220642315,Davidson,Nashville,12/19/2022 2:55:00 PM,2,0,0,36.142190,-86.711270,I 40,,,,0.00,,,,,,,214.10,N,Not at Intersection, ,,None,,,         ,Alex,Mendoza-Aguilera,,,no,no,no,no,no,False
103515999,METROPOLITAN NASHVILLE POLICE DEPT,20220642410,Davidson,Nashville,12/19/2022 4:00:00 PM,2,0,0,36.048900,-86.653010,BELL RD,,,,404.00,Feet,West,HICKORY HOLLOW MALL PVTDR PL,,,,0.00,N,Not at Intersection, ,Non-Junction,None,,,         ,John,Braun,Clear,"Sideswipe, Opposite Direction",no,no,no,no,no,False
103516001,METROPOLITAN NASHVILLE POLICE DEPT,20220642583,Davidson,Nashville,12/19/2022 5:48:00 PM,2,0,0,36.150330,-86.697850,ELM HILL PKE,,,,0.00,,,AIR LANE DR,,,,0.00,Y,T-Intersection,Y,Intersection,None,,,         ,Reagan,Heath,Clear,Angle,no,no,no,no,no,False
103516013,METROPOLITAN NASHVILLE POLICE DEPT,20220642514,Davidson,Nashville,12/19/2022 5:12:00 PM,2,1,0,36.061130,-86.912670,HIGHWAY 100,,,,1040.00,Feet,East,OLD HICKORY BLVD,,,,0.00,N,Not at Intersection,N,Non-Junction,None,,,         ,Robert,Crow,Clear,Front to Rear,no,no,no,no,no,False
103516014,METROPOLITAN NASHVILLE POLICE DEPT,20220642556,Davidson,Nashville,12/19/2022 5:32:00 PM,2,0,0,36.142900,-86.650040,ELM HILL PKE,,,,5.00,Feet,West,MCCRORY CREEK RD,,,,0.00,N,Not at Intersection, ,Non-Junction,None,,,         ,Robert,Marquez,Clear,"Sideswipe, Same Direction",no,no,no,no,no,False
103516015,METROPOLITAN NASHVILLE POLICE DEPT,20220642584,Davidson,Nashville,12/19/2022 5:55:00 PM,2,3,0,36.234030,-86.758500,DICKERSON PKE,,,,327.00,Feet,North,MAPLEWOOD TRC,,,,0.00,N,Not at Intersection,N,Non-Junction,None,,,         ,Jacob,Krispin,Clear,Front to Rear,no,no,no,no,no,False
103516018,METROPOLITAN NASHVILLE POLICE DEPT,20220642432,Davidson,Nashville,12/19/2022 4:15:00 PM,2,1,0,36.022210,-86.863030,BEECH CREEK RDS,,,,0.51,Miles,South,MURRAY LN,,,,0.00,N,Not at Intersection,N,Non-Junction,None,,,         ,Dean,Ferrari,Clear,Front to Rear,no,no,no,no,no,False
103516031,METROPOLITAN NASHVILLE POLICE DEPT,20220642670,Davidson,Nashville,12/19/2022 6:20:00 PM,2,0,0,36.145080,-86.666740,DONELSON PKE,,,,53.00,Feet,South,SHACKLETT DR,,,,0.00,N,Not at Intersection,N,Non-Junction,None,,,         ,Reagan,Heath,Clear,Front to Rear,no,no,no,no,no,False
103516037,METROPOLITAN NASHVILLE POLICE DEPT,20220642496,Davidson,Nashville,12/19/2022 4:58:00 PM,3,1,0,36.077850,-86.695150,I 24,,,,0.00,,,,,,,56.35,N,Not at Intersection,N,Non-Junction,None,,,         ,Jennifer,Liquori,Clear,Front to Rear,no,no,no,no,no,False
103516059,METROPOLITAN NASHVILLE POLICE DEPT,20220642528,Davidson,Not in City Limit,12/19/2022 5:24:00 PM,2,2,0,36.078800,-86.956110,COLEY DAVIS RD,,,,312.00,Feet,West,HARPETH YOUTH SOCCER PVTDR,,,,0.00,N,Not at Intersection,N,Non-Junction,None,,,         ,Ryan,Thomas,Clear,HeadOn,no,no,no,no,no,False
103516060,METROPOLITAN NASHVILLE POLICE DEPT,20220642669,Davidson,Nashville,12/19/2022 6:45:00 PM,2,0,0,36.171190,-86.768890,INTERSTATE DR,,,,9.00,Feet,North,MAIN ST,,,,0.00,N,Not at Intersection,N,Non-Junction,None,,,         ,Blake,Curry,Clear,Angle,no,no,no,no,no,False
103516067,METROPOLITAN NASHVILLE POLICE DEPT,20220642663,Davidson,Nashville,12/19/2022 6:15:00 PM,2,1,0,36.118460,-86.631080,BELL RD,,,,99.00,Feet,North,HERON POINTE DR,,,,0.00,N,Not at Intersection,N,Non-Junction,None,,,         ,Charis,Holland,Clear,Front to Rear,no,no,no,no,no,False
103516068,METROPOLITAN NASHVILLE POLICE DEPT,20220642363,Davidson,Nashville,12/19/2022 3:37:00 PM,2,0,0,36.037100,-86.645640,I 24,,,,0.00,,,,,,,60.35,N,Not at Intersection,N,Non-Junction,None,,,         ,Alexandra,Foote,Clear,Front to Rear,no,no,no,no,no,False
103516088,THP District 3 - Nashville,322107136,Davidson,Nashville,12/19/2022 6:00:00 AM,2,1,0,36.046760,-86.661200,I 24,,,,0.00,,,,,,,59.25,N,Not at Intersection,N,Non-Junction,None,,,         ,Keith,Velez,Clear,"Sideswipe, Same Direction",no,no,no,no,no,False
103516091,METROPOLITAN NASHVILLE POLICE DEPT,20220642644,Davidson,Nashville,12/19/2022 6:35:00 PM,3,2,0,36.065420,-86.629130,MURFREESBORO PKE,,,,156.00,Feet,South,HAMILTON CROSSINGS,,,,0.00,N,Not at Intersection,N,Non-Junction,None,,,         ,Alexandra,Foote,Clear,Front to Rear,no,no,no,no,no,False
103516103,METROPOLITAN NASHVILLE POLICE DEPT,20220642420,Davidson,Nashville,12/19/2022 12:00:00 AM,2,0,0,36.125170,-86.848350,WHITE BRIDGE PKE,,,,220.00,Feet,West,HARDING PKE,,,,0.00,N,Not at Intersection,N,Non-Junction,None,,,         ,Maxwell,Fritz,Clear,Unknown,no,no,no,yes,yes,False
103516115,METROPOLITAN NASHVILLE POLICE DEPT,20220642795,Davidson,Nashville,12/19/2022 6:51:00 PM,2,0,0,36.096590,-86.656290,MURFREESBORO PKE,,,,85.00,Feet,West,SMITH SPRINGS RD,,,,0.00,N,Not at Intersection,N,Non-Junction,None,,,         ,Robert,Marquez,Clear,Front to Rear,no,no,no,no,yes,False
103516132,METROPOLITAN NASHVILLE POLICE DEPT,20220642544,Davidson,Nashville,12/19/2022 5:35:00 PM,2,0,0,36.174730,-86.614260,CENTRAL PKE,,,,0.00,,,DODSON CHAPEL RD,,,,0.00,Y,Four-Way, ,,None,,,         ,Zachary,Nichols,,,no,no,no,no,no,False
103516139,METROPOLITAN NASHVILLE POLICE DEPT,20220642695,Davidson,Nashville,12/19/2022 5:00:00 PM,2,0,0,36.169690,-86.797300,I 40,,,,0.00,,,,,,,207.80,N,Not at Intersection,N,Non-Junction,None,,,         ,Tyler,Jordan,Clear,Front to Rear,no,no,no,no,no,False
103516169,METROPOLITAN NASHVILLE POLICE DEPT,20220642845,Davidson,Nashville,12/19/2022 4:21:00 PM,2,0,0,36.096620,-86.749480,ALLIED DR,,,,0.00,,,TROUSDALE DR,,,,0.00,Y,T-Intersection,N,Intersection,None,,,         ,Dakota,Davis,Clear,Angle,no,no,no,no,yes,False
103516177,METROPOLITAN NASHVILLE POLICE DEPT,20220642684,Davidson,Not in City Limit,12/19/2022 5:52:00 PM,1,0,0,36.138790,-86.952020,RIVER ROAD PKE,,,,1047.00,Feet,East,INDIAN CREEK RD,,,,0.00,N,Not at Intersection,N,Non-Junction,None,,,         ,Maxwell,Fritz,Clear,Not Collision with Motor Vehicle in Transport,no,no,no,no,no,False
103516190,METROPOLITAN NASHVILLE POLICE DEPT,20220642607,Davidson,Nashville,12/19/2022 5:05:00 PM,2,0,0,36.107960,-86.768900,I 65,,,,0.00,,,,,,,79.60,N,Not at Intersection, ,,None,,,         ,Gabriel,Hamilton,,,no,no,no,no,no,False
103516205,THP District 3 - Nashville,322106129,Davidson,Not in City Limit,12/15/2022 7:25:00 PM,2,0,0,36.284520,-86.806400,I 24,,,,0.00,,,,,,,39.85,N,Not at Intersection,N,Non-Junction,None,,,         ,Vincent,Meaker,Clear,Front to Rear,no,no,no,no,no,False
103516213,METROPOLITAN NASHVILLE POLICE DEPT,20220642911,Davidson,Nashville,12/19/2022 7:15:00 PM,2,1,0,36.262840,-86.757330,DICKERSON PKE,,,,135.00,Feet,South,WESTCHESTER DR,,,,0.00,N,Not at Intersection,N,Non-Junction,None,,,         ,Jonathon,Sheppard,Clear,Angle,no,no,no,no,yes,False
103516216,METROPOLITAN NASHVILLE POLICE DEPT,20220642706,Davidson,Goodlettsville,12/19/2022 7:00:00 PM,2,0,0,36.301730,-86.694640,RIVERGATE MALL PVTDR,,,,351.00,Feet,North,GALLATIN PKEN,,,,0.00,N,Not at Intersection,N,Non-Junction,None,,,         ,Kyle,Eicholtz,Clear,Angle,no,no,no,yes,yes,False
103516224,METROPOLITAN NASHVILLE POLICE DEPT,20220643003,Davidson,Nashville,12/19/2022 10:15:00 PM,2,0,0,36.152000,-86.753210,I 40,,,,0.00,,,,,,,211.40,N,Not at Intersection,N,Non-Junction,None,,,         ,Richard,Luellen,Clear,Front to Rear,no,no,no,no,yes,False
103516237,METROPOLITAN NASHVILLE POLICE DEPT,20220642833,Davidson,Nashville,12/19/2022 6:42:00 PM,2,0,0,36.111320,-86.724470,EAST THOMPSON LN,,,,371.00,Feet,West,I24 E EXT RAMP,,,,0.00,N,Not at Intersection, ,Non-Junction,None,,,         ,Jennifer,Liquori,Clear,Angle,no,no,no,no,yes,False
103516255,METROPOLITAN NASHVILLE POLICE DEPT,20220639930,Davidson,Nashville,12/17/2022 12:00:00 AM,2,0,0,36.151440,-86.627470,BLACKWOOD DR,,,,763.00,Feet,West,BELL RD,,,,0.00,N,Not at Intersection,N,Non-Junction,None,,,         ,Christopher,Gooding,Clear,Other,no,no,no,yes,yes,False
103516263,METROPOLITAN NASHVILLE POLICE DEPT,20220643080,Davidson,Nashville,12/19/2022 5:30:00 PM,2,0,0,36.194250,-86.775610,I 65,,,,0.00,,,,,,,86.45,N,Not at Intersection,N,Non-Junction,None,,,         ,Joao,Pinho,Clear,"Sideswipe, Same Direction",no,no,no,no,yes,False
103516272,METROPOLITAN NASHVILLE POLICE DEPT,20220643254,Davidson,Nashville,12/19/2022 11:32:00 PM,2,0,0,36.086690,-86.648540,MURFREESBORO PKE,,,,101.00,Feet,South,NASHBORO BLVD,,,,0.00,N,Not at Intersection,N,OtherLocation,None,,,         ,Alex,DiBernardo,Clear,Rear to Rear,no,no,no,yes,yes,False
103516275,METROPOLITAN NASHVILLE POLICE DEPT,20220642693,Davidson,Nashville,12/19/2022 6:51:00 PM,3,1,0,36.113640,-86.772540,I 65,,,,0.00,,,,,,,80.00,N,Not at Intersection,N,Non-Junction,None,,,         ,Gabriel,Hamilton,Clear,Front to Rear,no,no,no,no,no,False
103516279,METROPOLITAN NASHVILLE POLICE DEPT,20220643149,Davidson,Nashville,12/19/2022 11:28:00 PM,2,0,0,36.234800,-86.784030,PARKWOOD VILLA APTS PVTDR,,,,0.00,,,,,,,0.00,,,Y,Non-Junction,None,,,         ,Coleman,McKellar,Clear,Other,no,no,no,yes,yes,False
103516282,METROPOLITAN NASHVILLE POLICE DEPT,20220643269,Davidson,Nashville,12/20/2022 12:00:00 AM,1,0,0,36.119330,-86.697770,BRILEY PKWYS,,,,662.00,Feet,South,BRILEY PKWYN,,,,0.00,N,Not at Intersection,N,Non-Junction,None,,,         ,Richard,Luellen,Clear,Not Collision with Motor Vehicle in Transport,no,no,no,no,yes,False
103516352,METROPOLITAN NASHVILLE POLICE DEPT,20220643527,Davidson,Not in City Limit,12/20/2022 4:42:00 AM,1,0,0,36.306070,-86.861150,WHITES CREEK PKE,,,,2191.00,Feet,North,BEAR HOLLOW RD PVTDR,,,,0.00,N,Not at Intersection, ,Non-Junction,None,,,         ,Matthew,Jorgensen,Clear,Not Collision with Motor Vehicle in Transport,no,no,no,no,no,False
103516355,METROPOLITAN NASHVILLE POLICE DEPT,20220643505,Davidson,Not in City Limit,12/20/2022 12:00:00 AM,1,0,0,36.266660,-86.691490,N DUPONT AV,,,,69.00,Feet,West,MCARTHUR DR,,,,0.00,N,Not at Intersection,N,Non-Junction,None,,,         ,Chase,Carter,Clear,Not Collision with Motor Vehicle in Transport,no,no,no,no,no,False
103516370,METROPOLITAN NASHVILLE POLICE DEPT,20220643281,Davidson,Nashville,12/20/2022 12:40:00 AM,1,0,0,36.212620,-86.596800,BATON ROUGE DR,,,,310.00,Feet,South,TRENTON DR,,,,0.00,N,Not at Intersection,N,Non-Junction,None,,,         ,Nelson,Hemingway,Clear,Not Collision with Motor Vehicle in Transport,no,no,no,no,yes,False
103516429,METROPOLITAN NASHVILLE POLICE DEPT,20220643579,Davidson,Nashville,12/20/2022 6:08:00 AM,1,1,0,36.042160,-86.636540,MT VIEW RD,,,,1287.00,Feet,West,OLD FRANKLIN RD,,,,0.00,N,Not at Intersection,N,Non-Junction,None,,,         ,Patrick,Martin,Clear,Not Collision with Motor Vehicle in Transport,no,no,no,no,no,False
103516430,METROPOLITAN NASHVILLE POLICE DEPT,20220643648,Davidson,Nashville,12/20/2022 5:30:00 AM,2,0,0,36.171290,-86.767840,I 24,,,,0.00,,,,,,,48.40,N,Not at Intersection, ,Non-Junction,None,,,         ,Jeffery,Leiser,Clear,"Sideswipe, Same Direction",no,no,no,no,yes,False
103516450,METROPOLITAN NASHVILLE POLICE DEPT,20220643642,Davidson,Nashville,12/20/2022 7:00:00 AM,2,0,0,36.062310,-86.904610,STATE HWY 254,,,,0.00,Feet,,STATE HWY 100,,,,0.00,Y,Four-Way,N,Intersection-Related,None,,,         ,Darren,Key,Cloudy,Angle,no,no,no,no,no,False
103516456,METROPOLITAN NASHVILLE POLICE DEPT,20220643610,Davidson,Nashville,12/20/2022 6:30:00 AM,2,3,0,36.050449,-86.614729,,,SR70S,,0.00,Feet,,PINHOOK RD/MURFREESBORO,PIKE,SR,,0.00,Y,Four-Way,Y,Intersection,None,,,         ,James,Kikilas,Clear,Angle,no,no,no,no,no,False
103516462,METROPOLITAN NASHVILLE POLICE DEPT,20220643759,Davidson,Nashville,12/20/2022 8:17:00 AM,2,2,0,36.040590,-86.771070,OLD HICKORY BLVD,,,,0.00,,,VALLEY VIEW RD,,,,0.00,Y,Four-Way,N,Intersection,None,,,         ,Earl,Davis,Cloudy,Angle,no,no,no,no,no,False
103516472,VANDERBILT UNIVERSITY POLICE,20220642238,Davidson,Nashville,12/19/2022 1:45:00 PM,2,1,0,36.137570,-86.800760,BLAKEMORE AVE,,,,0.00,,,US HWY 431,,,,0.00,Y,Four-Way,N,Intersection-Related,None,,,         ,Christopher,Dion,Cloudy,"Sideswipe, Same Direction",no,no,no,no,no,Campus
103516475,METROPOLITAN NASHVILLE POLICE DEPT,20220643811,Davidson,Nashville,12/20/2022 8:52:00 AM,2,2,0,36.089650,-86.806020,HARDING PL,,,,0.00,,,BELMONT PARK TER,,,,0.00,Y,Four-Way,N,Intersection,None,,,         ,Earl,Davis,Cloudy,Angle,no,no,no,no,no,False
103516476,METROPOLITAN NASHVILLE POLICE DEPT,20220643790,Davidson,Nashville,12/20/2022 8:41:00 AM,3,1,0,36.173370,-86.601740,CENTRAL PKE,,,,146.00,Feet,East,OLD HICKORY BLVD,,,,0.00,N,Not at Intersection,N,Non-Junction,None,,,         ,Ian,Hammond,Cloudy,Front to Rear,no,no,no,no,no,False
103516511,METROPOLITAN NASHVILLE POLICE DEPT,20220643937,Davidson,Nashville,12/20/2022 10:05:00 AM,2,0,0,36.191840,-86.753140,ELLINGTON PKWYS,,,,20.00,Feet,South,ELLINGTON PKWY S ENT RAMP,,,,0.00,N,Not at Intersection,Y,Entrance/Exit Ramp Related,None,,,         ,Theodore,Kenney,Cloudy,"Sideswipe, Same Direction",no,no,no,no,yes,False
103516535,METROPOLITAN NASHVILLE POLICE DEPT,20220644045,Davidson,Goodlettsville,12/20/2022 11:22:00 AM,2,0,0,36.302070,-86.692820,GALLATIN PKEN,,,,0.00,,,TWIN HILLS DR,,,,0.00,Y,OTHER,N,Non-Junction,None,,,         ,Christopher,Littles,Clear,Front to Rear,no,no,no,no,no,False