master_record_number,agency,agency_tracking_number,county,city,collision_date,vehicles_involved,number_injured,number_dead,latitude,longitude,roadway_name,roadway_suffix,roadway_number,roadway_local_id,distance_from_reference,miles-feet_indicator,direction_from_reference,intersection_road_name,intersection_road_name_suffix,intersection_road_number,intersection_local_id,mile_marker,intersection_indicator,intersect_type,interchange_related_indicator,relation_to_junction,work_zone_type,construction_maintenance_zone,construction_maintenance_zone_location,fatal_case_number,officer_first_name,officer_last_name,weather_condition(s),manner_of_crash,pedestrian,bicycle,scooter,parking,hitrun,mou
103516581,METROPOLITAN NASHVILLE POLICE DEPT,20220643910,Davidson,Nashville,12/20/2022 9:45:00 AM,2,1,0,36.044460,-86.713150,NOLENSVILLE PKE,,,,77.00,Feet,North,BRENTWOOD EAST DR,,,,0.00,N,Not at Intersection,N,Non-Junction,None,,,         ,James,Kikilas,Clear,HeadOn,no,no,no,yes,yes,False
103516625,METROPOLITAN NASHVILLE POLICE DEPT,20220644092,Davidson,Nashville,12/20/2022 11:41:00 AM,2,0,0,36.168520,-86.785430,JAMES ROBERTSON PKWY,,,,61.00,Feet,West,6TH AVN,,,,0.00,N,Not at Intersection,N,Non-Junction,None,,,         ,Wesley,Young,Clear,Front to Rear,no,no,no,no,no,False
103516631,METROPOLITAN NASHVILLE POLICE DEPT,20220644109,Davidson,Nashville,12/20/2022 12:02:00 PM,2,2,0,36.203160,-86.738850,GALLATIN PIKE,,,,0.00,Feet,,GALLATIN PIKE,,US,,0.00,Y,Y-Intersection,N,Intersection,None,,,         ,Faye,Denson,Clear,Front to Rear,no,no,no,no,no,False
103516653,METROPOLITAN NASHVILLE POLICE DEPT,20220644180,Davidson,Nashville,12/20/2022 11:52:00 AM,2,0,0,36.186100,-86.806040,CASS ST,,,,25.00,Feet,East,OWEN ST,,,,0.00,N,Not at Intersection,N,Non-Junction,None,,,         ,Abdulkadir,Aden,Clear,Front to Rear,no,no,no,no,yes,False
103516663,METROPOLITAN NASHVILLE POLICE DEPT,20220644188,Davidson,Nashville,12/20/2022 12:46:00 PM,2,1,0,36.156570,-86.775870,KOREAN VETERANS BLVD,,,,0.00,,,5TH AVS,,,,0.00,Y,Four-Way,N,Intersection,None,,,         ,Wesley,Young,Clear,"Sideswipe, Same Direction",no,no,no,no,no,False
103516687,METROPOLITAN NASHVILLE POLICE DEPT,20220644101,Davidson,Nashville,12/20/2022 11:50:00 AM,2,1,0,36.140570,-86.746250,FESSLERS LN,,,,384.00,Feet,North,ENOS REED DR,,,,0.00,N,Not at Intersection,N,"Driveway, Alley Access, etc",None,,,         ,Todd,Watson,Cloudy,Angle,no,no,no,no,no,False
103516694,METROPOLITAN NASHVILLE POLICE DEPT,20220644175,Davidson,Nashville,12/20/2022 12:43:00 PM,2,0,0,36.091360,-86.828510,HARDING PL,,,,0.00,,,HILLSBORO PKE,,,,0.00,Y,Four-Way, ,Intersection,None,,,         ,Earl,Davis,Cloudy,Front to Rear,no,no,no,no,no,False
103516706,METROPOLITAN NASHVILLE POLICE DEPT,20220644033,Davidson,Nashville,12/20/2022 12:00:00 PM,3,0,0,36.209820,-86.776060,I 65,,,,0.00,,,,,,,87.55,N,Not at Intersection, ,Non-Junction,None,,,         ,James,Wray,Clear,Front to Rear,no,no,no,no,no,False
103516743,METROPOLITAN NASHVILLE POLICE DEPT,20220644258,Davidson,Nashville,12/20/2022 1:31:00 PM,2,0,0,36.141180,-86.817080,WEST END AV,,,,0.00,,,33RD AVS,,,,0.00,Y,T-Intersection, ,Intersection,None,,,         ,Earl,Davis,Clear,"Sideswipe, Same Direction",no,no,no,no,no,False
103516781,METROPOLITAN NASHVILLE POLICE DEPT,20220642275,Davidson,Nashville,12/19/2022 2:44:00 PM,3,1,0,36.130920,-86.806040,24TH AVS,,,,9.00,Feet,North,BLAIR BLVD,,,,0.00,N,Not at Intersection,N,Non-Junction,None,,,         ,Joseph,Jakes,Clear,Angle,no,no,no,no,no,False
103516803,METROPOLITAN NASHVILLE POLICE DEPT,20220644211,Davidson,Nashville,12/20/2022 12:36:00 PM,2,0,0,36.168410,-86.688030,LEBANON PKE,,,,0.00,,,BRILEY PKWY N ENT RAMP,,,,0.00,Y,OTHER, ,Intersection,None,,,         ,Brian,Ritz,Clear,Other,no,no,no,no,no,False
103516822,METROPOLITAN NASHVILLE POLICE DEPT,20220644103,Davidson,Nashville,12/20/2022 11:58:00 AM,2,0,0,36.209090,-86.776150,I 65,,,,0.00,,,,,,,87.50,N,Not at Intersection, ,Non-Junction,None,,,         ,James,Wray,Clear,"Sideswipe, Same Direction",no,no,no,no,no,False
103516824,METROPOLITAN NASHVILLE POLICE DEPT,20220644321,Davidson,Nashville,12/20/2022 12:00:00 AM,2,0,0,36.100500,-86.711560,I 24,,,,0.00,,,,,,,54.50,N,Not at Intersection,N,Non-Junction,None,,,         ,Eric,Burford,Clear,Angle,no,no,no,no,yes,False
103516825,METROPOLITAN NASHVILLE POLICE DEPT,20220644390,Davidson,Nashville,12/20/2022 1:20:00 PM,2,0,0,36.178030,-86.751850,MAIN ST,,,,69.00,Feet,West,N 10TH ST,,,,0.00,N,Not at Intersection,N,Non-Junction,None,,,         ,Randy,Puckett,Clear,Angle,no,no,no,no,yes,False
103516857,GOODLETTSVILLE POLICE DEPT,22-38377,Davidson,Goodlettsville,12/20/2022 12:48:00 PM,2,1,0,36.325670,-86.702170,E CEDAR ST,,,,235.00,Feet,North,LONG HOLLOW PKE,,,,0.00,N,Not at Intersection,N,Non-Junction,None,,,         ,Benny,Alexander,Clear,"Sideswipe, Same Direction",no,no,no,no,no,False
103516866,METROPOLITAN NASHVILLE POLICE DEPT,20220644478,Davidson,Nashville,12/20/2022 3:44:00 PM,2,0,0,36.161590,-86.861060,MARILYN RD,,,,210.00,Feet,South,MORROW RD,,,,0.00,N,Not at Intersection,N,Non-Junction,None,,,         ,Jared,Dick,Clear,"Sideswipe, Same Direction",no,no,no,no,yes,False
103516876,METROPOLITAN NASHVILLE POLICE DEPT,20220644232,Davidson,Nashville,12/20/2022 11:49:00 AM,2,2,0,36.219760,-86.693350,BRILEY PKWYS,,,,31.00,Feet,South,BRILEY PKWY S EXT RAMP,,,,0.00,N,Not at Intersection,N,Entrance/Exit Ramp Related,None,,,         ,Evan,Grace,Clear,Angle,no,no,no,no,yes,False
103516892,METROPOLITAN NASHVILLE POLICE DEPT,20220644496,Davidson,Nashville,12/20/2022 4:25:00 PM,2,1,0,36.130010,-86.838650,HARDING PKE,,,,0.00,,,MONTGOMERY BELL AV,,,,0.00,Y,T-Intersection,N,Intersection,None,,,         ,Robert,Crow,Clear,Front to Rear,no,no,no,no,no,False
103516902,METROPOLITAN NASHVILLE POLICE DEPT,20220644406,Davidson,Nashville,12/20/2022 3:25:00 PM,3,0,0,36.140570,-86.723110,I 40,,,,0.00,,,,,,,213.55,N,Not at Intersection, ,Entrance/Exit Ramp Related,None,,,         ,Forrest,Punke,Clear,Front to Rear,no,no,no,no,no,False
103516909,METROPOLITAN NASHVILLE POLICE DEPT,20220644539,Davidson,Nashville,12/20/2022 4:27:00 PM,3,0,0,36.124490,-86.848340,HARDING PKE,,,,248.00,Feet,East,ROYAL OAKS CONDOS PVTDR,,,,0.00,N,Not at Intersection,N,Non-Junction,None,,,         ,Jared,Dick,Clear,Front to Rear,no,no,no,no,no,False
103516919,METROPOLITAN NASHVILLE POLICE DEPT,20220638269,Davidson,Old Hickory,12/16/2022 11:44:00 PM,1,0,1,36.260390,-86.660220,ROBINSON RD,,,,618.00,Feet,West,HADLEY VILLAGE BLVD,,,,0.00,N,Not at Intersection,N,Non-Junction,None,,,         ,Christopher,Valdez,Clear,Not Collision with Motor Vehicle in Transport,yes,no,no,no,no,False
103516920,METROPOLITAN NASHVILLE POLICE DEPT,20220641290,Davidson,Nashville,12/19/2022 1:20:00 AM,2,1,1,36.221880,-86.870730,BRILEY PKWYN,,,,472.00,Feet,West,HARVEST LN,,,,0.00,N,Not at Intersection,N,Non-Junction,None,,,         ,Christopher,Valdez,Clear,HeadOn,no,no,no,no,no,False
103516935,METROPOLITAN NASHVILLE POLICE DEPT,20220644565,Davidson,Nashville,12/20/2022 5:14:00 PM,3,1,0,36.147240,-86.743650,I 40,,,,0.00,,,,,,,212.00,N,Not at Intersection,N,Non-Junction,None,,,         ,Brandon,Chapman,Clear,Front to Rear,no,no,no,no,no,False
103516940,METROPOLITAN NASHVILLE POLICE DEPT,20220644620,Davidson,Nashville,12/20/2022 5:47:00 PM,1,0,0,36.151370,-86.806450,23RD AVN,,,,172.00,Feet,South,STATE ST,,,,0.00,N,Not at Intersection,N,Non-Junction,None,,,         ,Garrett,Latham,Clear,Not Collision with Motor Vehicle in Transport,no,no,no,yes,no,False
103516953,METROPOLITAN NASHVILLE POLICE DEPT,20220644690,Davidson,Nashville,12/20/2022 6:12:00 PM,1,0,0,36.155000,-86.830830,I 40,,,,0.00,,,,,,,205.40,N,Not at Intersection, ,Non-Junction,None,,,         ,Robert,Crow,Clear,Not Collision with Motor Vehicle in Transport,no,no,no,no,no,False
103516963,METROPOLITAN NASHVILLE POLICE DEPT,20220644625,Davidson,Nashville,12/20/2022 5:00:00 PM,2,0,0,36.050910,-86.646600,BELL RD,,,,111.00,Feet,East,HICKORY HOLLOW TER,,,,0.00,N,Not at Intersection,N,Non-Junction,None,,,         ,Lauren,Ferrer,Clear,"Sideswipe, Same Direction",no,no,no,no,yes,False
103516967,METROPOLITAN NASHVILLE POLICE DEPT,20220644643,Davidson,Nashville,12/20/2022 6:06:00 PM,2,0,0,36.154030,-86.762400,I 40,,,,0.00,,,,,,,210.80,N,Not at Intersection,N,Non-Junction,None,,,         ,Evan,Grace,Clear,Front to Rear,no,no,no,no,no,False
103516970,BERRY HILL POLICE DEPT,22-3663,Davidson,Berry Hill,12/20/2022 12:00:00 AM,2,0,0,36.118860,-86.774590,FRANKLIN PKE,,,,0.00,,,BERRY RD,,,,0.00,Y,T-Intersection,Y,Intersection-Related,None,,,         ,John,Gleixner,Clear,Front to Rear,no,no,no,no,no,False
103516990,METROPOLITAN NASHVILLE POLICE DEPT,20220644696,Davidson,Nashville,12/20/2022 5:43:00 PM,2,0,0,36.181600,-86.581940,N NEW HOPE RD,,,,0.00,,,FARMINGHAM WOODS DR,,,,0.00,Y,T-Intersection, ,Intersection,None,,,         ,Forrest,Punke,Clear,HeadOn,no,no,no,no,no,False
103516993,METROPOLITAN NASHVILLE POLICE DEPT,20220644704,Davidson,Nashville,12/20/2022 6:14:00 PM,2,0,0,36.201660,-86.776590,I 65,,,,0.00,,,,,,,87.00,N,Not at Intersection,N,Non-Junction,None,,,         ,Randy,Puckett,Clear,Angle,no,no,no,no,yes,False
103516994,METROPOLITAN NASHVILLE POLICE DEPT,20220644631,Davidson,Nashville,12/20/2022 5:47:00 PM,2,1,0,36.250650,-86.840820,CLARKSVILLE PKE,,,,586.00,Feet,East,LLOYD RD,,,,0.00,N,Not at Intersection,N,Non-Junction,None,,,         ,Gabriel,Centeno,Clear,Angle,no,no,no,no,no,False
103517004,GOODLETTSVILLE POLICE DEPT,22-38402,Davidson,Goodlettsville,12/20/2022 6:09:00 PM,2,0,0,36.309680,-86.689210,VIETNAM VETERANS BLVD SB EXT R,,,,0.00,Feet,East,VIETNAM VETERANS BLVDN,,,,0.00,N,Not at Intersection, ,Non-Junction,None,,,         ,Sam,Buchanan,Clear,"Sideswipe, Same Direction",no,no,no,no,no,False
103517017,METROPOLITAN NASHVILLE POLICE DEPT,20220644608,Davidson,Nashville,12/20/2022 5:45:00 PM,3,1,0,36.118460,-86.631080,BELL RD,,,,99.00,Feet,North,HERON POINTE DR,,,,0.00,N,Not at Intersection,N,Non-Junction,None,,,         ,Charis,Holland,Clear,Front to Rear,no,no,no,no,no,False
103517018,METROPOLITAN NASHVILLE POLICE DEPT,20220644603,Davidson,Nashville,12/20/2022 5:37:00 PM,3,0,0,36.154970,-86.830940,I 40,,,,0.00,,,,,,,205.40,N,Not at Intersection,Y,Non-Junction,None,,,         ,Robert,Crow,Clear,Front to Rear,no,no,no,no,no,False
103517019,METROPOLITAN NASHVILLE POLICE DEPT,20220644671,Davidson,Nashville,12/20/2022 5:53:00 PM,2,0,0,36.073870,-86.638070,MURFREESBORO PKE,,,,281.00,Feet,South,RURAL HILL RD,,,,0.00,N,Not at Intersection, ,Non-Junction,None,,,         ,Keith,Parlato,Clear,Front to Rear,no,no,no,no,no,False
103517020,Nashville Airport Police,2022-05420,Davidson,Nashville,12/20/2022 12:00:00 AM,1,0,0,36.136080,-86.664180,TERMINAL DR,,,,0.00,,,,,,,0.00,,,N,Non-Junction,None,,,         ,Chevy,Estes,Clear,Not Collision with Motor Vehicle in Transport,no,no,no,no,no,False
103517028,METROPOLITAN NASHVILLE POLICE DEPT,20220644703,Davidson,Nashville,12/20/2022 6:04:00 PM,2,0,0,36.074650,-86.920400,HIGHWAY 70S,,,,137.00,Feet,West,BELLE FOREST SHOPPING CENTER P,,,,0.00,N,Not at Intersection, ,Non-Junction,None,,,         ,Ky,Luu,Clear,"Sideswipe, Same Direction",no,no,no,no,no,False
103517030,METROPOLITAN NASHVILLE POLICE DEPT,20220644630,Davidson,Nashville,12/20/2022 6:01:00 PM,2,1,0,36.047650,-86.713540,NOLENSVILLE PKE,,,,420.00,Feet,South,HICKORYVIEW DR,,,,0.00,N,Not at Intersection,N,Non-Junction,None,,,         ,Brian,Sherman,Clear,Angle,no,no,no,no,no,False
103517031,METROPOLITAN NASHVILLE POLICE DEPT,20220644790,Davidson,Antioch,12/20/2022 7:18:00 PM,2,0,0,36.028970,-86.591180,MURFREESBORO PKE,,,,308.00,Feet,North,LAVERGNE COUCHVILLE PKE,,,,0.00,N,Not at Intersection, ,Non-Junction,None,,,         ,John,McDonnell,Clear,Angle,no,no,no,no,no,False
103517047,METROPOLITAN NASHVILLE POLICE DEPT,20220644642,Davidson,Nashville,12/20/2022 6:09:00 PM,2,1,0,36.186110,-86.798370,ROSA L PARKS BLVD,,,,0.00,,,I65 S EXT RAMP,,,,0.00,Y,OTHER,Y,Entrance/Exit Ramp Related,None,,,         ,Kaitlyn,Powell,Clear,Front to Rear,no,no,no,no,no,False
103517064,METROPOLITAN NASHVILLE POLICE DEPT,20220644709,Davidson,Antioch,12/20/2022 6:55:00 PM,3,1,0,36.015140,-86.620270,I24 W EXT RAMP,,,,0.00,,,I 24,,,,0.00,Y,Four-Way,N,Intersection,None,,,         ,Steven,Bowler,Clear,Angle,no,no,no,no,no,False
103517065,METROPOLITAN NASHVILLE POLICE DEPT,20220644628,Davidson,Nashville,12/20/2022 5:54:00 PM,2,0,0,36.135590,-86.726730,I 24,,,,0.00,,,,,,,52.10,N,Not at Intersection,N,Non-Junction,None,,,         ,Robert,Marquez,Clear,"Sideswipe, Same Direction",no,no,no,no,yes,False
103517099,METROPOLITAN NASHVILLE POLICE DEPT,20220644858,Davidson,Nashville,12/20/2022 8:27:00 PM,2,0,0,36.192910,-86.744270,GALLATIN AV,,,,77.00,Feet,North,DOUGLAS AV,,,,0.00,N,Not at Intersection,N,Non-Junction,None,,,         ,Randy,Puckett,Clear,Angle,no,no,no,no,yes,False
103517112,METROPOLITAN NASHVILLE POLICE DEPT,20220644734,Davidson,Nashville,12/20/2022 7:05:00 PM,2,0,0,36.219930,-86.774310,I 65,,,,0.00,,,,,,,88.25,N,Not at Intersection, ,Non-Junction,None,,,         ,Jacob,Krispin,Clear,"Sideswipe, Same Direction",no,no,no,no,no,False
103517126,METROPOLITAN NASHVILLE POLICE DEPT,20220644965,Davidson,Nashville,12/20/2022 9:15:00 PM,2,0,0,36.111090,-86.730570,ENNIS RD,,,,0.00,,,MASHBURN RD,,,,0.00,Y,Y-Intersection,N,Non-Junction,None,,,         ,Jonathan,Handley,Clear,Angle,no,no,no,no,yes,False
103517127,METROPOLITAN NASHVILLE POLICE DEPT,20220644881,Davidson,Nashville,12/20/2022 3:50:00 PM,2,0,0,36.215080,-86.594850,LEBANON PKE,,,,830.00,Feet,East,ANDREW JACKSON PKWY,,,,0.00,N,Not at Intersection,N,Non-Junction,None,,,         ,Zachary,Aldrich,Clear,"Sideswipe, Same Direction",no,no,no,no,yes,False
103517136,METROPOLITAN NASHVILLE POLICE DEPT,20220644961,Davidson,Nashville,12/20/2022 9:34:00 PM,2,0,0,36.152340,-86.771580,4TH AVS,,,,0.00,,,ASH ST,,,,0.00,Y,Four-Way,N,Intersection,None,,,         ,Blake,Lutz,Clear,Angle,no,no,no,no,yes,False
103517139,METROPOLITAN NASHVILLE POLICE DEPT,20220644936,Davidson,Nashville,12/20/2022 8:47:00 PM,2,0,0,36.204720,-86.751220,E TRINITY LN,,,,21.00,Feet,West,PITTWAY DR,,,,0.00,N,Not at Intersection,N,Non-Junction,None,,,         ,Michael,McCord,Clear,Front to Rear,no,no,no,no,no,False
103517150,METROPOLITAN NASHVILLE POLICE DEPT,20220644490,Davidson,Nashville,12/20/2022 4:21:00 PM,2,0,0,36.108640,-86.769760,I 65,,,,0.00,,,,,,,79.65,N,Not at Intersection,N,Non-Junction,None,,,         ,Gabriel,Hamilton,Clear,Front to Rear,no,no,no,no,no,False
103517153,METROPOLITAN NASHVILLE POLICE DEPT,20220644723,Davidson,Nashville,12/20/2022 6:00:00 PM,2,1,0,36.142860,-86.666640,DONELSON PKE,,,,208.00,Feet,North,I40 W ENT RAMP,,,,0.00,N,Not at Intersection,N,Non-Junction,None,,,         ,Charis,Holland,Clear,Angle,no,no,no,no,no,False
103517154,METROPOLITAN NASHVILLE POLICE DEPT,20220644952,Davidson,Nashville,12/20/2022 5:29:00 PM,2,0,0,36.077080,-86.734850,HARDING PL,,,,227.00,Feet,West,OVERCREST DR,,,,0.00,N,Not at Intersection,N,Non-Junction,None,,,         ,Brady,Reynolds,Clear,Angle,no,no,no,no,yes,False
103517162,METROPOLITAN NASHVILLE POLICE DEPT,20220644662,Davidson,Nashville,12/20/2022 5:57:00 PM,2,1,0,36.239020,-86.755010,I65 S EXT RAMP,,,,0.00,Feet,East,I 65,,,,0.00,N,Not at Intersection,N,Non-Junction,None,,,         ,Wesley,Carver,Clear,Front to Rear,no,no,no,no,no,False
103517163,METROPOLITAN NASHVILLE POLICE DEPT,20220644787,Davidson,Goodlettsville,12/20/2022 6:34:00 PM,2,0,0,36.293020,-86.702420,GALLATIN PKEN,,,,46.00,Feet,South,RIVERGATE STATION PVTDR,,,,0.00,N,Not at Intersection, ,Non-Junction,None,,,         ,Wesley,Carver,Clear,Front to Rear,no,no,no,no,no,False
103517164,METROPOLITAN NASHVILLE POLICE DEPT,20220644912,Davidson,Goodlettsville,12/20/2022 7:24:00 PM,2,0,0,36.298140,-86.699850,RIVERGATE PKWY,,,,0.00,Feet,,GLEAVES ST,,,,0.00,Y,T-Intersection, ,Non-Junction,None,,,         ,Wesley,Carver,Clear,Angle,no,no,no,no,no,False
103517166,METROPOLITAN NASHVILLE POLICE DEPT,20220645114,Davidson,Nashville,12/20/2022 10:22:00 PM,2,2,0,36.096440,-86.656060,SMITH SPRINGS RD,,,,0.00,,,MURFREESBORO PKE,,,,0.00,Y,T-Intersection,N,Non-Junction,None,,,         ,Alex,Mendoza-Aguilera,Clear,Angle,no,no,no,no,no,False
103517167,METROPOLITAN NASHVILLE POLICE DEPT,20220644997,Davidson,Nashville,12/20/2022 8:13:00 PM,2,0,0,36.130320,-86.899950,I40 W EXT RAMP,,,,0.00,,,I 40,,,,0.00,Y,T-Intersection, ,Intersection,None,,,         ,David,Moser,Clear,Front to Rear,no,no,no,no,yes,False
103517176,METROPOLITAN NASHVILLE POLICE DEPT,20220644464,Davidson,Nashville,12/20/2022 3:55:00 PM,4,0,0,36.230050,-86.812520,WHITES CREEK PKE,,,,2320.00,Feet,North,KNIGHT DR,,,,0.00,N,Not at Intersection,N,Non-Junction,None,,,         ,Craig,Paschetti,Clear,Angle,no,no,no,yes,no,False
103517190,METROPOLITAN NASHVILLE POLICE DEPT,20220644892,Davidson,Nashville,12/20/2022 8:35:00 PM,3,0,0,36.215090,-86.764010,DELLWAY DR,,,,0.00,,,DICKERSON PKE,,,,0.00,Y,T-Intersection,N,Intersection,None,,,         ,Jacob,Krispin,Clear,Angle,no,no,no,no,yes,False
103517221,METROPOLITAN NASHVILLE POLICE DEPT,20220645008,Davidson,Nashville,12/20/2022 9:45:00 PM,2,0,0,36.161200,-86.792680,CHARLOTTE AV,,,,0.00,,,GEORGE L DAVIS BLVD,,,,0.00,Y,Four-Way,Y,Intersection,None,,,         ,Clayton,Lewis,Clear,Angle,no,no,no,no,no,False
103517225,METROPOLITAN NASHVILLE POLICE DEPT,20220645522,Davidson,Nashville,12/21/2022 1:55:00 AM,1,0,0,36.143090,-86.874350,CHARLOTTE PKE,,,,61.00,Feet,West,CHARLOTTE ROAD CIR,,,,0.00,N,Not at Intersection,N,Non-Junction,None,,,         ,David,Moser,Clear,Not Collision with Motor Vehicle in Transport,no,no,no,no,no,False
103517227,METROPOLITAN NASHVILLE POLICE DEPT,20220645226,Davidson,Nashville,12/20/2022 11:00:00 PM,1,0,0,36.205260,-86.777990,BRICK CHURCH PKE,,,,20.00,Feet,South,I65 S ENT RAMP,,,,0.00,N,Not at Intersection,N,Non-Junction,Construction Zone,Work On Shoulder Or Median,Activity Area,         ,Pamela,Caulder,Cloudy,Not Collision with Motor Vehicle in Transport,no,no,no,no,no,False
103517230,METROPOLITAN NASHVILLE POLICE DEPT,20220645452,Davidson,Nashville,12/21/2022 12:54:00 AM,2,2,0,36.167010,-86.763750,I24 W ENT RAMP,,,,0.00,Feet,East,I 24,,,,0.00,N,Not at Intersection,Y,Non-Junction,None,,,         ,Shaquille,Graham,Clear,Angle,no,no,no,no,no,False
103517241,METROPOLITAN NASHVILLE POLICE DEPT,20220645387,Davidson,Nashville,12/21/2022 12:15:00 AM,2,1,0,36.177020,-86.776160,COWAN ST,,,,53.00,Feet,North,SPRING ST,,,,0.00,N,Not at Intersection,N,Non-Junction,None,,,         ,Clayton,Lewis,Clear,Front to Rear,no,no,no,no,no,False
103517243,METROPOLITAN NASHVILLE POLICE DEPT,20220645570,Davidson,Antioch,12/21/2022 2:16:00 AM,2,2,0,36.010270,-86.615720,I 24,,,,0.00,,,,,,,62.90,N,Not at Intersection,N,Non-Junction,None,,,         ,Hunter,Davis-Meints,Clear,Front to Rear,no,no,no,no,no,False
103517263,METROPOLITAN NASHVILLE POLICE DEPT,20220645258,Davidson,Nashville,12/20/2022 10:22:00 PM,2,1,0,36.192400,-86.815850,ROSA L PARKS BLVD,,,,46.00,Feet,West,MAINSTREAM DR,,,,0.00,N,Not at Intersection,N,Non-Junction,None,,,         ,James,Harben,Clear,Front to Rear,no,no,no,no,yes,False
103517318,METROPOLITAN NASHVILLE POLICE DEPT,20220645784,Davidson,Nashville,12/21/2022 6:33:00 AM,2,0,0,36.156510,-86.631240,I40 W EXT RAMP,,,,0.00,,,I 40,,,,0.00,Y,T-Intersection, ,Entrance/Exit Ramp Related,None,,,         ,Ian,Hammond,Clear,Front to Rear,no,no,no,no,no,False
103517325,METROPOLITAN NASHVILLE POLICE DEPT,20220645821,Davidson,Nashville,12/21/2022 6:56:00 AM,1,1,0,36.171430,-86.803670,I 40,,,,0.00,,,,,,,207.45,N,Not at Intersection,N,Non-Junction,None,,,         ,Ryan,Caulfield,Clear,Not Collision with Motor Vehicle in Transport,no,no,no,no,no,False
103517331,METROPOLITAN NASHVILLE POLICE DEPT,20220645805,Davidson,Nashville,12/21/2022 6:40:00 AM,2,0,0,36.183150,-86.797870,I65 N ENT RAMP,,,,0.00,Feet,East,I 65,,,,0.00,N,Not at Intersection,N,Entrance/Exit Ramp Related,None,,,         ,Anthony,Butler,Clear,Front to Rear,no,no,no,no,yes,False
103517374,METROPOLITAN NASHVILLE POLICE DEPT,20220645731,Davidson,Nashville,12/21/2022 12:00:00 AM,1,0,0,36.051320,-86.884450,OLD HICKORY BLVD,,,,304.00,Feet,East,EDINBURGH DR,,,,0.00,N,Not at Intersection,N,Non-Junction,None,,,         ,Christopher,Alceus,Clear,Unknown,no,no,no,no,yes,False
103517391,METROPOLITAN NASHVILLE POLICE DEPT,20220645902,Davidson,Nashville,12/21/2022 7:40:00 AM,3,0,0,36.079570,-86.695930,I 24,,,,0.00,,,,,,,56.25,N,Not at Intersection, ,Non-Junction,None,,,         ,Gerald,Gomes,Clear,Front to Rear,no,no,no,no,no,False
103517397,METROPOLITAN NASHVILLE POLICE DEPT,20220646026,Davidson,Nashville,12/21/2022 12:00:00 AM,2,0,0,36.131550,-86.781670,ELLIOTT AV,,,,32.00,Feet,North,SOUTH DOUGLAS AV,,,,0.00,N,Not at Intersection, ,Non-Junction,Unknown,,,         ,Sekou,Samassi,Unknown,Unknown,no,no,no,no,yes,False
103517398,METROPOLITAN NASHVILLE POLICE DEPT,20220645993,Davidson,Joelton,12/21/2022 8:39:00 AM,1,1,0,36.316780,-86.834410,I 24,,,,0.00,,,,,,,37.00,N,Not at Intersection,N,Non-Junction,None,,,         ,Abdulkadir,Aden,Clear,Not Collision with Motor Vehicle in Transport,no,no,no,no,no,False
103517403,VANDERBILT UNIVERSITY POLICE,20220646027,Davidson,Nashville,12/19/2022 12:00:00 AM,1,0,0,36.139670,-86.799950,SOUTH DR,,,,0.00,,,,,,,0.00,,, ,Non-Junction,None,,,         ,Adam,Dorris,,Not Collision with Motor Vehicle in Transport,no,no,no,yes,yes,Campus
103517414,METROPOLITAN NASHVILLE POLICE DEPT,20220646069,Davidson,Nashville,12/21/2022 9:31:00 AM,2,0,0,36.188360,-86.776150,I 24,,,,0.00,,,,,,,47.00,N,Not at Intersection, ,Non-Junction,None,,,         ,Cory,Fetner,Clear,"Sideswipe, Same Direction",no,no,no,no,no,False
103517419,METROPOLITAN NASHVILLE POLICE DEPT,20220646078,Davidson,Nashville,12/21/2022 9:39:00 AM,2,1,0,36.025470,-86.713050,NOLENSVILLE PKE,,,,0.00,,,LENOX VILLAGE DR,,,,0.00,Y,Four-Way,N,Intersection,None,,,         ,Earl,Davis,Cloudy,Front to Rear,no,no,no,no,no,False
103517422,METROPOLITAN NASHVILLE POLICE DEPT,20220646019,Davidson,Nashville,12/21/2022 9:07:00 AM,1,1,0,36.045210,-86.779090,I 65,,,,0.00,,,,,,,75.10,N,Not at Intersection,N,Non-Junction,None,,,         ,Bianca,Crawford,Clear,Not Collision with Motor Vehicle in Transport,no,no,no,no,no,False
103517433,METROPOLITAN NASHVILLE POLICE DEPT,20220646034,Davidson,Nashville,12/21/2022 8:50:00 AM,2,0,0,36.087120,-86.708000,JEFFERY DR,,,,0.00,Feet,,DONNA KAY DR,,,,0.00,Y,T-Intersection,Y,Intersection-Related,None,,,         ,Neil,Wolfe,Clear,Angle,no,no,no,no,no,False
103517434,METROPOLITAN NASHVILLE POLICE DEPT,20220645995,Davidson,Nashville,12/21/2022 8:56:00 AM,2,1,0,36.166200,-86.764710,I 24,,,,0.00,,,,,,,49.00,N,Not at Intersection,N,Non-Junction,None,,,         ,Byron,Carter,Cloudy,Angle,no,no,no,no,no,False
103517450,METROPOLITAN NASHVILLE POLICE DEPT,20220646184,Davidson,Nashville,12/21/2022 10:14:00 AM,2,0,0,36.046020,-86.657930,BELL RD,,,,0.00,,,COLLINS PARK DR,,,,0.00,Y,Four-Way, ,Intersection,None,,,         ,Joe,Hooper,Clear,Angle,no,no,no,no,no,False
103517454,Nashville Airport Police,2022-05350,Davidson,Nashville,12/16/2022 12:00:00 AM,2,0,0,36.139830,-86.666320,DONELSON PKE,,,,0.00,,,I40 E ENT RAMP,,,,0.00,Y,T-Intersection,N,Entrance/Exit Ramp Related,None,,,         ,Anthony,Bass,Clear,Angle,no,no,no,no,no,False