master_record_number,agency,agency_tracking_number,county,city,collision_date,vehicles_involved,number_injured,number_dead,latitude,longitude,roadway_name,roadway_suffix,roadway_number,roadway_local_id,distance_from_reference,miles-feet_indicator,direction_from_reference,intersection_road_name,intersection_road_name_suffix,intersection_road_number,intersection_local_id,mile_marker,intersection_indicator,intersect_type,interchange_related_indicator,relation_to_junction,work_zone_type,construction_maintenance_zone,construction_maintenance_zone_location,fatal_case_number,officer_first_name,officer_last_name,weather_condition(s),manner_of_crash,pedestrian,bicycle,scooter,parking,hitrun,mou
103519217,METROPOLITAN NASHVILLE POLICE DEPT,20220649510,Davidson,Nashville,12/22/2022 9:00:00 PM,2,0,0,36.169130,-86.681800,LEBANON PKE,,,,179.00,Feet,East,FAIRWAY DR,,,,0.00,N,Not at Intersection,N,Non-Junction,None,,,         ,Hunter,Levan,Snow,Front to Rear,no,no,no,no,yes,False
103519218,METROPOLITAN NASHVILLE POLICE DEPT,20220649558,Davidson,Nashville,12/23/2022 12:00:00 AM,1,0,0,36.060940,-86.680880,I 24,,,,0.00,,,,,,,57.75,N,Not at Intersection,N,Non-Junction,None,,,         ,Taylor,Blackwelder,"Blowing Snow, Freezing Rain ",Not Collision with Motor Vehicle in Transport,no,no,no,no,no,False
103519219,METROPOLITAN NASHVILLE POLICE DEPT,20220649362,Davidson,Nashville,12/22/2022 10:37:00 PM,3,0,0,36.044930,-86.659730,I24 E ENT RAMP,,,,0.00,Feet,East,I 24,,,,0.00,N,Not at Intersection,N,Non-Junction,None,,,         ,Justin,Ramos,Snow,Angle,no,no,no,no,yes,False
103519220,METROPOLITAN NASHVILLE POLICE DEPT,20220649539,Davidson,Nashville,12/23/2022 12:00:00 AM,1,0,0,36.197570,-86.752110,ELLINGTON PKWYN,,,,389.00,Feet,North,ELLINGTON PKWYS,,,,0.00,N,Not at Intersection,N,Non-Junction,None,,,         ,Benjamin,Kopriva,"Blowing Snow, Freezing Rain ",Not Collision with Motor Vehicle in Transport,no,no,no,no,no,False
103519223,METROPOLITAN NASHVILLE POLICE DEPT,20220649482,Davidson,Antioch,12/22/2022 12:00:00 AM,1,0,0,36.014220,-86.620520,I 24,,,,0.00,,,,,,,62.55,N,Not at Intersection,Y,Non-Junction,None,,,         ,Kristopher,Sharpe,Blowing Snow,Not Collision with Motor Vehicle in Transport,no,no,no,no,no,False
103519224,METROPOLITAN NASHVILLE POLICE DEPT,20220649412,Davidson,Nashville,12/22/2022 10:40:00 PM,2,0,0,36.174890,-86.760030,MAIN ST,,,,296.00,Feet,East,N 7TH ST,,,,0.00,N,Not at Intersection, ,Non-Junction,None,,,         ,Jordan,Knight,Snow,Front to Rear,no,no,no,no,yes,False
103519226,METROPOLITAN NASHVILLE POLICE DEPT,20220649547,Davidson,Nashville,12/22/2022 11:40:00 PM,1,0,0,36.143820,-86.700520,I 40,,,,0.00,,,,,,,214.70,N,Not at Intersection, ,Non-Junction,None,,,         ,Timothy,McVey,"Cloudy, Snow",Not Collision with Motor Vehicle in Transport,no,no,no,no,no,False
103519227,METROPOLITAN NASHVILLE POLICE DEPT,20220649583,Davidson,Nashville,12/23/2022 12:43:00 AM,1,0,0,36.174090,-86.605340,CENTRAL PKE,,,,0.00,,,CENTRAL PKE ENT RAMP,,,,0.00,Y,T-Intersection,N,Entrance/Exit Ramp Related,None,,,         ,Torry,Hill,Snow,Not Collision with Motor Vehicle in Transport,no,no,no,no,no,False
103519235,METROPOLITAN NASHVILLE POLICE DEPT,20220649567,Davidson,Nashville,12/23/2022 12:20:00 AM,2,1,0,36.207920,-86.777750,BRICK CHURCH PKE,,,,10.00,Feet,South,I65 S EXT RAMP,,,,0.00,N,Not at Intersection,N,Entrance/Exit Ramp Related,None,,,         ,Burton,Beeson,Snow,Front to Rear,no,no,no,no,yes,False
103519236,METROPOLITAN NASHVILLE POLICE DEPT,20220649577,Davidson,Madison,12/22/2022 12:00:00 AM,2,0,0,36.282080,-86.716050,SLAYTON DR,,,,160.00,Feet,North,APPLE VALLEY RD,,,,0.00,N,Not at Intersection,N,"Driveway, Alley Access, etc",None,,,         ,Thomas,Denenea,"Rain, Severe Cross-Winds",Angle,no,no,no,no,yes,False
103519250,METROPOLITAN NASHVILLE POLICE DEPT,20220649632,Davidson,Nashville,12/23/2022 12:00:00 AM,2,0,0,36.141160,-86.662620,I40 W EXT RAMP,,,,0.00,Feet,East,I 40,,,,0.00,N,Not at Intersection,N,Non-Junction,None,,,         ,Jacob,Snyder,"Blowing Snow, Severe Cross-Winds",Front to Rear,no,no,no,no,yes,False
103519262,METROPOLITAN NASHVILLE POLICE DEPT,20220649614,Davidson,Nashville,12/22/2022 10:26:00 PM,2,0,0,36.141270,-86.664560,I 40,,,,0.00,,,,,,,269.75,N,Not at Intersection,N,Non-Junction,Construction Zone,Work On Shoulder Or Median,Activity Area,         ,Jeffrey,Palomino-Gonzalez,"Snow, Blowing Snow",Angle,no,no,no,no,yes,False
103519267,METROPOLITAN NASHVILLE POLICE DEPT,20220649622,Davidson,Nashville,12/23/2022 1:31:00 AM,1,1,0,36.167060,-86.765230,I 24,,,,0.00,,,,,,,48.90,N,Not at Intersection,N,Non-Junction,None,,,         ,Blake,Lutz,Snow,Not Collision with Motor Vehicle in Transport,no,no,no,no,no,False
103519268,METROPOLITAN NASHVILLE POLICE DEPT,20220649628,Davidson,Nashville,12/22/2022 11:24:00 PM,2,0,0,36.030080,-86.679120,DEER VALLEY TRL,,,,112.00,Feet,North,BLUFFHOLLOW GAP,,,,0.00,N,Not at Intersection, ,,None,,,         ,Jonathan,Seidl,,,no,no,no,no,no,False
103519279,METROPOLITAN NASHVILLE POLICE DEPT,20220649660,Davidson,Nashville,12/23/2022 1:35:00 AM,1,0,0,36.246680,-86.721170,BERKLEY DR,,,,0.00,Feet,,GALLATIN PKES,,,,0.00,Y,T-Intersection,N,SharedUsePathOrTrail,None,,,         ,Stephen,Carlson,Snow,Not Collision with Motor Vehicle in Transport,no,no,no,no,yes,False
103519288,METROPOLITAN NASHVILLE POLICE DEPT,20220649581,Davidson,Nashville,12/23/2022 12:40:00 AM,3,1,0,36.127000,-86.727780,I 24,,,,0.00,,,,,,,51.50,N,Not at Intersection,N,Non-Junction,None,,,         ,Autumn,Manning,"Blowing Snow, Severe Cross-Winds",Angle,no,no,no,no,yes,False
103519293,METROPOLITAN NASHVILLE POLICE DEPT,20220649511,Davidson,Nashville,12/22/2022 12:00:00 AM,8,3,0,36.141100,-86.657640,I 40,,,,0.00,,,,,,,217.15,N,Not at Intersection,Y,Non-Junction,None,,,         ,Timothy,Lehnert,"Snow, Other","Sideswipe, Same Direction",no,no,no,no,yes,False
103519300,METROPOLITAN NASHVILLE POLICE DEPT,20220649394,Davidson,Nashville,12/22/2022 12:00:00 AM,1,0,0,36.135240,-86.759820,NOLENSVILLE PKE,,,,89.00,Feet,South,WINGROVE ST,,,,0.00,N,Not at Intersection,N,Non-Junction,None,,,         ,Jeremy,Crisp,Snow,Unknown,no,no,no,no,yes,False
103519308,METROPOLITAN NASHVILLE POLICE DEPT,20220649679,Davidson,Nashville,12/23/2022 2:40:00 AM,1,0,0,36.145000,-86.857970,BURGESS AV,,,,0.00,,,WHITE BRIDGE PKE,,,,0.00,Y,Four-Way,N,Intersection-Related,None,,,         ,Justin,McCormick,Clear,Not Collision with Motor Vehicle in Transport,no,no,no,no,no,False
103519312,METROPOLITAN NASHVILLE POLICE DEPT,20220649672,Davidson,Nashville,12/23/2022 2:33:00 AM,2,0,0,36.042260,-86.671340,BELL TRACE DR,,,,0.00,,,HICKORY PARK DR,,,,0.00,Y,OTHER,N,Intersection,None,,,         ,William,Williams,Snow,HeadOn,no,no,no,no,no,False
103519314,METROPOLITAN NASHVILLE POLICE DEPT,20220649675,Davidson,Nashville,12/23/2022 12:00:00 AM,2,0,0,36.069330,-86.689530,I 24,,,,0.00,,,,,,,57.00,N,Not at Intersection,N,Non-Junction,None,,,         ,Kristopher,Sharpe,"Sleet/Hail, Blowing Snow","Sideswipe, Same Direction",no,no,no,no,no,False
103519315,METROPOLITAN NASHVILLE POLICE DEPT,20220649668,Davidson,Nashville,12/23/2022 2:28:00 AM,2,2,0,36.144050,-86.691390,I 40,,,,0.00,,,,,,,215.20,N,Not at Intersection,N,Non-Junction,None,,,         ,Timothy,Lehnert,Snow,Angle,no,no,no,no,no,False
103519321,METROPOLITAN NASHVILLE POLICE DEPT,20220649694,Davidson,Madison,12/23/2022 3:00:00 AM,1,0,0,36.246750,-86.749360,SKYLINE MEMORIAL CT,,,,695.00,Feet,South,OLD DUE WEST AV,,,,0.00,N,Not at Intersection,N,Non-Junction,None,,,         ,Thomas,Denenea,"Sleet/Hail, Snow",Not Collision with Motor Vehicle in Transport,no,no,no,no,no,False
103519327,METROPOLITAN NASHVILLE POLICE DEPT,20220649731,Davidson,Nashville,12/23/2022 2:24:00 AM,3,0,0,36.211390,-86.584360,LADY NASHVILLE DR,,,,2.00,Feet,North,SAM PATCH CT,,,,0.00,N,Not at Intersection, ,Non-Junction,None,,,         ,Bryan,Malone,Snow,Angle,no,no,no,yes,no,False
103519328,METROPOLITAN NASHVILLE POLICE DEPT,20220649771,Davidson,Nashville,12/23/2022 5:31:00 AM,1,0,0,36.058790,-86.773040,I 65,,,,0.00,,,,,,,76.15,N,Not at Intersection,N,Non-Junction,None,,,         ,Dillon,Deleacaes,Clear,Not Collision with Motor Vehicle in Transport,no,no,no,no,no,False
103519333,METROPOLITAN NASHVILLE POLICE DEPT,20220649775,Davidson,Nashville,12/23/2022 5:40:00 AM,1,0,0,36.073310,-86.769100,I 65,,,,0.00,,,,,,,77.20,N,Not at Intersection,N,Non-Junction,None,,,         ,Tony,Mingsing,Snow,Not Collision with Motor Vehicle in Transport,no,no,no,no,no,False
103519345,METROPOLITAN NASHVILLE POLICE DEPT,20220649574,Davidson,Nashville,12/23/2022 12:00:00 AM,2,2,0,36.128610,-86.900490,I 40,,,,0.00,,,,,,,200.90,N,Not at Intersection,N,Non-Junction,None,,,         ,Jack,Burke,"Sleet/Hail, Snow","Sideswipe, Same Direction",no,no,no,no,yes,False
103519348,METROPOLITAN NASHVILLE POLICE DEPT,20220649701,Davidson,Nashville,12/23/2022 3:25:00 AM,1,0,0,36.130290,-86.899940,CHARLOTTE PKE,,,,0.00,,,I40 W EXT RAMP,,,,0.00,Y,T-Intersection, ,Intersection,None,,,         ,Fady,Aziz,"Snow, Blowing Snow",Not Collision with Motor Vehicle in Transport,no,no,no,no,no,False
103519354,METROPOLITAN NASHVILLE POLICE DEPT,20220649607,Davidson,Nashville,12/23/2022 12:00:00 AM,2,0,0,36.206220,-86.772910,W TRINITY LN,,,,168.00,Feet,East,I65 N ENT RAMP,,,,0.00,N,Not at Intersection,N,Non-Junction,None,,,         ,Peter,Kinsey,Blowing Snow,"Sideswipe, Same Direction",no,no,no,no,yes,False
103519365,METROPOLITAN NASHVILLE POLICE DEPT,20220649827,Davidson,Nashville,12/23/2022 6:55:00 AM,2,1,0,36.142590,-86.815500,WEST END AV,,,,0.00,,,31ST AVN,,,,0.00,Y,Four-Way,N,Intersection,None,,,         ,Earl,Davis,Snow,Angle,no,no,no,no,no,Campus
103519375,METROPOLITAN NASHVILLE POLICE DEPT,20220649794,Davidson,Nashville,12/23/2022 5:31:00 AM,1,0,0,36.141020,-86.659890,I 40,,,,0.00,,,,,,,217.00,N,Not at Intersection, ,Non-Junction,None,,,         ,Kristopher,Marmolejo,Clear,Not Collision with Motor Vehicle in Transport,no,no,no,no,no,False
103519388,METROPOLITAN NASHVILLE POLICE DEPT,20220649861,Davidson,Nashville,12/23/2022 7:24:00 AM,1,0,0,36.165730,-86.612910,I 40,,,,0.00,,,,,,,220.15,N,Not at Intersection,N,Non-Junction,None,,,         ,Ian,Hammond,Cloudy,Not Collision with Motor Vehicle in Transport,no,no,no,no,no,False
103519390,METROPOLITAN NASHVILLE POLICE DEPT,20220649834,Davidson,Nashville,12/23/2022 7:03:00 AM,2,0,0,36.162260,-86.838910,43RD AVN,,,,406.00,Feet,North,ALBION ST,,,,0.00,N,Not at Intersection,N,Non-Junction,None,,,         ,Justin,McCormick,Clear,Front to Rear,no,no,no,no,no,False
103519391,METROPOLITAN NASHVILLE POLICE DEPT,20220649848,Davidson,Nashville,12/23/2022 6:42:00 AM,1,0,0,36.147860,-86.673410,ROYAL PKWY,,,,496.00,Feet,West,RACHEL DR,,,,0.00,N,Not at Intersection, ,Non-Junction,None,,,         ,Brian,Cavaliere,"Snow, Severe Cross-Winds",Not Collision with Motor Vehicle in Transport,no,no,no,no,no,False
103519397,METROPOLITAN NASHVILLE POLICE DEPT,20220649879,Davidson,Nashville,12/23/2022 7:40:00 AM,1,1,0,36.166750,-86.611720,I 40,,,,0.00,,,,,,,220.25,N,Not at Intersection,N,Non-Junction,None,,,         ,Dillon,Hanna,"Cloudy, Snow",Not Collision with Motor Vehicle in Transport,no,no,no,no,no,False
103519398,METROPOLITAN NASHVILLE POLICE DEPT,20220649844,Davidson,Nashville,12/23/2022 6:27:00 AM,2,0,0,36.156310,-86.807250,CHARLOTTE AV,,,,0.00,,,22ND AVN,,,,0.00,Y,Four-Way, ,Intersection,None,,,         ,Cody,Oliphant,Clear,Front to Rear,no,no,no,no,no,False
103519410,METROPOLITAN NASHVILLE POLICE DEPT,20220649847,Davidson,Nashville,12/22/2022 11:38:00 PM,2,0,0,36.141840,-86.713440,I 40,,,,0.00,,,,,,,214.00,N,Not at Intersection,N,Non-Junction,None,,,         ,Kristopher,Marmolejo,Cloudy,Front to Rear,no,no,no,no,no,False
103519430,METROPOLITAN NASHVILLE POLICE DEPT,20220649913,Davidson,Nashville,12/23/2022 8:05:00 AM,2,0,0,36.134060,-86.776410,WEDGEWOOD AV,,,,0.00,,,I65 S EXT RAMP,,,,0.00,Y,OTHER,Y,Entrance/Exit Ramp Related,None,,,         ,Earl,Davis,Sleet/Hail,Angle,no,no,no,no,no,False
103519438,METROPOLITAN NASHVILLE POLICE DEPT,20220649965,Davidson,Nashville,12/23/2022 7:00:00 AM,1,0,0,36.131240,-86.834920,WEST END AV,,,,110.00,Feet,West,MAYFAIR RD,,,,0.00,N,Not at Intersection, ,Non-Junction,None,,,         ,Tony,Folad,Snow,Not Collision with Motor Vehicle in Transport,no,no,no,no,no,False
103519444,METROPOLITAN NASHVILLE POLICE DEPT,20220649973,Davidson,Nashville,12/23/2022 9:00:00 AM,2,0,0,36.150710,-86.785700,I 40,,,,0.00,,,,,,,209.50,N,Not at Intersection,N,Non-Junction,None,,,         ,James,Thornton,"Severe Cross-Winds, Freezing Rain ",Angle,no,no,no,no,no,False
103519446,METROPOLITAN NASHVILLE POLICE DEPT,20220649964,Davidson,Nashville,12/23/2022 8:55:00 AM,1,0,0,36.075250,-86.693270,I 24,,,,0.00,,,,,,,56.55,N,Not at Intersection,N,Non-Junction,None,,,         ,Ashley,Kelley,Snow,Not Collision with Motor Vehicle in Transport,no,no,no,no,no,False
103519447,METROPOLITAN NASHVILLE POLICE DEPT,20220649955,Davidson,Nashville,12/23/2022 8:53:00 AM,2,0,0,36.061830,-86.638400,BELL RD,,,,616.00,Feet,South,BELL CREST DR,,,,0.00,N,Not at Intersection,N,Non-Junction,None,,,         ,Igor,Dmitriyev,Snow,Other,no,no,no,no,no,False
103519454,THP District 3 - Nashville,322108679,Davidson,Nashville,12/23/2022 9:10:00 AM,1,0,0,36.143590,-86.648680,I 40,,,,0.00,,,,,,,217.65,N,Not at Intersection,N,Non-Junction,None,,,         ,Alexander,Campbell,Cloudy,Not Collision with Motor Vehicle in Transport,no,no,no,no,no,False
103519462,METROPOLITAN NASHVILLE POLICE DEPT,20220650039,Davidson,Nashville,12/23/2022 10:05:00 AM,2,0,0,36.089530,-86.762480,I 65,,,,0.00,,,,,,,78.35,N,Not at Intersection,N,Non-Junction,None,,,         ,Kyle,Kinsman,Snow,Angle,no,no,no,no,no,False
103519464,METROPOLITAN NASHVILLE POLICE DEPT,20220649996,Davidson,Nashville,12/23/2022 9:10:00 AM,2,0,0,36.129490,-86.714700,MURFREESBORO PKE,,,,0.00,,,MILLWOOD DR,,,,0.00,Y,T-Intersection,Y,Intersection-Related,None,,,         ,Neil,Wolfe,Snow,Angle,no,no,no,no,no,False
103519465,METROPOLITAN NASHVILLE POLICE DEPT,20220650018,Davidson,Nashville,12/23/2022 8:30:00 AM,1,0,0,36.156220,-86.692240,BRILEY PKWYN,,,,10.00,Feet,North,BRILEY PKWY N ENT RAMP,,,,0.00,N,Not at Intersection,N,Non-Junction,None,,,         ,Brian,Cavaliere,"Sleet/Hail, Snow",Not Collision with Motor Vehicle in Transport,no,no,no,no,no,False
103519466,METROPOLITAN NASHVILLE POLICE DEPT,20220650028,Davidson,Nashville,12/23/2022 9:50:00 AM,2,0,0,36.043510,-86.781120,I65 N ENT RAMP,,,,0.00,Feet,East,I 65,,,,0.00,N,Not at Intersection,N,Entrance/Exit Ramp Related,None,,,         ,Sekou,Samassi,Snow,Angle,no,no,no,no,no,False
103519471,METROPOLITAN NASHVILLE POLICE DEPT,20220649958,Davidson,Nashville,12/23/2022 8:50:00 AM,1,0,0,36.059800,-86.772490,I 65,,,,0.00,,,,,,,76.20,N,Not at Intersection,N,Non-Junction,None,,,         ,Michael,Sipos,Cloudy,Not Collision with Motor Vehicle in Transport,no,no,no,no,no,False
103519486,METROPOLITAN NASHVILLE POLICE DEPT,20220650115,Davidson,Nashville,12/23/2022 10:55:00 AM,2,0,0,36.137470,-86.726780,I 24,,,,0.00,,,,,,,52.20,N,Not at Intersection,Y,Non-Junction,None,,,         ,Matthew,Cammarn,Snow,Front to Rear,no,no,no,no,yes,False
103519493,METROPOLITAN NASHVILLE POLICE DEPT,20220650008,Davidson,Nashville,12/23/2022 9:37:00 AM,1,0,0,36.060750,-86.680680,I 24,,,,0.00,,,,,,,57.80,N,Not at Intersection,N,Non-Junction,None,,,         ,Andrew,Campbell,Cloudy,Not Collision with Motor Vehicle in Transport,no,no,no,no,no,False
103519504,METROPOLITAN NASHVILLE POLICE DEPT,20220650098,Davidson,Nashville,12/23/2022 10:50:00 AM,1,1,0,36.059140,-86.772850,I 65,,,,0.00,,,,,,,76.20,N,Not at Intersection,N,Non-Junction,None,,,         ,Michael,Sipos,Cloudy,Not Collision with Motor Vehicle in Transport,no,no,no,no,no,False
103519533,METROPOLITAN NASHVILLE POLICE DEPT,20220650031,Davidson,Nashville,12/23/2022 10:00:00 AM,1,0,0,36.193150,-86.776250,I 24,,,,0.00,,,,,,,46.30,N,Not at Intersection,N,Non-Junction,None,,,         ,Chase,Harriman,Cloudy,Not Collision with Motor Vehicle in Transport,no,no,no,no,yes,False
103519535,METROPOLITAN NASHVILLE POLICE DEPT,20220650072,Davidson,Nashville,12/23/2022 10:20:00 AM,3,0,0,36.061690,-86.771890,I 65,,,,0.00,,,,,,,76.35,N,Not at Intersection,N,Non-Junction,None,,,         ,Bianca,Crawford,Snow,Unknown,no,no,no,no,no,False
103519546,METROPOLITAN NASHVILLE POLICE DEPT,20220649855,Davidson,Nashville,12/23/2022 7:15:00 AM,1,0,0,36.148800,-86.640170,I 40,,,,0.00,,,,,,,218.25,N,Not at Intersection,N,Non-Junction,None,,,         ,Peabo,McAlmont,Snow,Not Collision with Motor Vehicle in Transport,no,no,no,no,no,False
103519559,METROPOLITAN NASHVILLE POLICE DEPT,20220649977,Davidson,Nashville,12/23/2022 8:46:00 AM,1,0,0,36.139350,-86.819100,WEST END AV,,,,0.00,,,MURPHY RD,,,,0.00,Y,Four-Way,N,Intersection,None,,,         ,Earl,Davis,Snow,Not Collision with Motor Vehicle in Transport,no,no,no,no,no,False
103519560,METROPOLITAN NASHVILLE POLICE DEPT,20220650064,Davidson,Nashville,12/23/2022 9:59:00 AM,2,0,0,36.194040,-86.776190,I 24,,,,0.00,,,,,,,46.40,N,Not at Intersection, ,Non-Junction,None,,,         ,Chase,Harriman,Cloudy,Angle,no,no,no,no,no,False
103519579,METROPOLITAN NASHVILLE POLICE DEPT,20220650132,Davidson,Nashville,12/23/2022 11:20:00 AM,2,0,0,36.100350,-86.739820,NOLENSVILLE PKE,,,,79.00,Feet,South,CHILTON ST,,,,0.00,N,Not at Intersection,N,Non-Junction,None,,,         ,John,Walden,Snow,Angle,no,no,no,no,no,False
103519597,METROPOLITAN NASHVILLE POLICE DEPT,20220650026,Davidson,Nashville,12/23/2022 9:53:00 AM,1,0,0,36.214060,-86.748420,ELLINGTON PKWYS,,,,536.00,Feet,South,ELLINGTON PKWYN,,,,0.00,N,Not at Intersection,N,Non-Junction,None,,,         ,Joseph,Galante,Clear,Not Collision with Motor Vehicle in Transport,no,no,no,no,no,False
103519598,METROPOLITAN NASHVILLE POLICE DEPT,20220650085,Davidson,Nashville,12/23/2022 10:39:00 AM,1,0,0,36.219520,-86.747980,ELLINGTON PKWY S EXT RAMP,,,,169.00,Feet,North,ELLINGTON PKWYS,,,,0.00,N,Not at Intersection,N,Non-Junction,None,,,         ,Joseph,Galante,Clear,Not Collision with Motor Vehicle in Transport,no,no,no,no,yes,False
103519600,METROPOLITAN NASHVILLE POLICE DEPT,20220650105,Davidson,Nashville,12/23/2022 11:00:00 AM,1,0,0,36.192890,-86.776270,I 24,,,,0.00,,,,,,,46.30,N,Not at Intersection, ,Non-Junction,None,,,         ,Chase,Harriman,Cloudy,Not Collision with Motor Vehicle in Transport,no,no,no,no,no,False
103519610,METROPOLITAN NASHVILLE POLICE DEPT,20220650298,Davidson,Nashville,12/23/2022 1:58:00 PM,1,0,0,36.140180,-86.840340,WESTLAWN DR,,,,272.00,Feet,North,SLOAN RD,,,,0.00,N,Not at Intersection,N,Non-Junction,None,,,         ,Robert,Higgins,Snow,Not Collision with Motor Vehicle in Transport,no,no,no,no,no,False
103519623,METROPOLITAN NASHVILLE POLICE DEPT,20220650182,Davidson,Nashville,12/23/2022 12:25:00 PM,1,1,0,36.167950,-86.771620,RUSSELL ST,,,,0.00,,,S 1ST ST,,,,0.00,Y,T-Intersection,N,Intersection,None,,,         ,Daniel,Russett,Other,Not Collision with Motor Vehicle in Transport,no,no,no,no,no,False
103519628,METROPOLITAN NASHVILLE POLICE DEPT,20220650266,Davidson,Nashville,12/23/2022 1:40:00 PM,2,0,0,36.081570,-86.697160,I 24,,,,0.00,,,,,,,56.10,N,Not at Intersection,N,Non-Junction,None,,,         ,Earl,Davis,Clear,Not Collision with Motor Vehicle in Transport,no,no,no,no,no,False
103519637,METROPOLITAN NASHVILLE POLICE DEPT,20220650314,Davidson,Nashville,12/23/2022 2:02:00 PM,1,1,0,36.242760,-86.638160,PITTS AV,,,,0.00,,,RAY AV,,,,0.00,Y,Y-Intersection,N,Non-Junction,None,,,         ,Kyle,Burks,Clear,Not Collision with Motor Vehicle in Transport,no,no,no,no,no,False
103519648,METROPOLITAN NASHVILLE POLICE DEPT,20220650053,Davidson,Nashville,12/23/2022 10:13:00 AM,6,1,0,36.069190,-86.689490,HAYWOOD LN,,,,0.00,Feet,East,I 24,,,,0.00,N,Not at Intersection,N,Entrance/Exit Ramp Related,None,,,         ,Tavin,Emlund,Clear,Angle,no,no,no,no,no,False
103519654,METROPOLITAN NASHVILLE POLICE DEPT,20220650290,Davidson,Nashville,12/23/2022 12:45:00 PM,2,0,0,36.145590,-86.663340,ROYAL PKWY,,,,107.00,Feet,West,AIRPORT CENTER DR,,,,0.00,N,Not at Intersection,N,Non-Junction,None,,,         ,Brian,Cavaliere,"Sleet/Hail, Snow",Angle,no,no,no,no,no,False
103519655,METROPOLITAN NASHVILLE POLICE DEPT,20220650162,Davidson,Nashville,12/23/2022 11:47:00 AM,3,1,0,36.055570,-86.636450,HAMILTON CHURCH RD,,,,235.00,Feet,North,ZELIDA AV,,,,0.00,N,Not at Intersection,N,Non-Junction,None,,,         ,Joseph,Progar,Snow,HeadOn,no,no,no,no,yes,False
103519664,METROPOLITAN NASHVILLE POLICE DEPT,20220650095,Davidson,Nashville,12/23/2022 10:55:00 AM,1,3,0,36.098740,-86.670110,TOWN PARK DR,,,,190.00,Feet,North,SOUTHWIND DR,,,,0.00,N,Not at Intersection,N,Non-Junction,None,,,         ,David,Rehm,Cloudy,Not Collision with Motor Vehicle in Transport,no,no,no,no,no,False
103519671,METROPOLITAN NASHVILLE POLICE DEPT,20220650306,Davidson,Nashville,12/23/2022 2:03:00 PM,2,0,0,36.050840,-86.775150,I 65,,,,0.00,,,,,,,75.60,N,Not at Intersection,N,Non-Junction,None,,,         ,Richard,Gilbert,Other,Not Collision with Motor Vehicle in Transport,no,no,no,no,no,False
103519680,THP District 3 - Nashville,322108681,Davidson,Nashville,12/23/2022 9:26:00 AM,2,1,0,36.200580,-86.751240,US HWY 31E,,,,1524.00,Feet,South,E TRINITY LN,,,,0.00,N,Not at Intersection,N,Non-Junction,None,,,         ,Vincent,Turocy,Cloudy,Front to Rear,no,no,no,no,no,False
103519700,METROPOLITAN NASHVILLE POLICE DEPT,20220649891,Davidson,Nashville,12/23/2022 7:51:00 AM,1,0,0,36.164720,-86.615020,I 40,,,,0.00,,,,,,,220.00,N,Not at Intersection, ,Non-Junction,None,,,         ,Kristopher,Marmolejo,Clear,Not Collision with Motor Vehicle in Transport,no,no,no,no,no,False
103519702,METROPOLITAN NASHVILLE POLICE DEPT,20220650040,Davidson,Nashville,12/23/2022 10:07:00 AM,3,0,0,36.060750,-86.680680,I 24,,,,0.00,,,,,,,57.80,N,Not at Intersection, ,Non-Junction,None,,,         ,Andrew,Campbell,Cloudy,Angle,no,no,no,no,no,False
103519704,METROPOLITAN NASHVILLE POLICE DEPT,20220650327,Davidson,Nashville,12/23/2022 1:15:00 PM,2,0,0,36.083000,-86.698000,I24 W EXT RAMP,,,,0.00,Feet,East,I 24,,,,0.00,N,Not at Intersection,N,Non-Junction,None,,,         ,Ashley,Kelley,Other,Front to Rear,no,no,no,no,yes,False
103519712,METROPOLITAN NASHVILLE POLICE DEPT,20220650104,Davidson,Nashville,12/23/2022 11:02:00 AM,5,1,0,36.193650,-86.776210,I 24,,,,0.00,,,,,,,46.35,N,Not at Intersection,N,Non-Junction,None,,,         ,Chase,Harriman,Cloudy,"Sideswipe, Same Direction",no,no,no,no,no,False
103519723,METROPOLITAN NASHVILLE POLICE DEPT,20220650310,Davidson,Nashville,12/23/2022 2:04:00 PM,2,1,0,36.106960,-86.922300,STATE HWY 251,,,,184.00,Feet,North,TOLBERT RD,,,,0.00,N,Not at Intersection,N,Non-Junction,None,,,         ,Deon,Prather,Cloudy,"Sideswipe, Same Direction",no,no,no,no,no,False
103519724,THP District 3 - Nashville,322108566,Davidson,Nashville,12/23/2022 6:25:00 AM,2,0,0,36.164410,-86.615510,I 40,,,,0.00,,,,,,,220.00,N,Not at Intersection, ,Non-Junction,None,,,         ,Lennart,Schaaf,Snow,"Sideswipe, Same Direction",no,no,no,no,no,False
103519725,THP District 3 - Nashville,322108580,Davidson,Nashville,12/23/2022 12:00:00 AM,1,0,0,36.164800,-86.614890,I 40,,,,0.00,,,,,,,220.00,N,Not at Intersection, ,Non-Junction,None,,,         ,Lennart,Schaaf,Snow,Not Collision with Motor Vehicle in Transport,no,no,no,no,no,False