master_record_number,agency,agency_tracking_number,county,city,collision_date,vehicles_involved,number_injured,number_dead,latitude,longitude,roadway_name,roadway_suffix,roadway_number,roadway_local_id,distance_from_reference,miles-feet_indicator,direction_from_reference,intersection_road_name,intersection_road_name_suffix,intersection_road_number,intersection_local_id,mile_marker,intersection_indicator,intersect_type,interchange_related_indicator,relation_to_junction,work_zone_type,construction_maintenance_zone,construction_maintenance_zone_location,fatal_case_number,officer_first_name,officer_last_name,weather_condition(s),manner_of_crash,pedestrian,bicycle,scooter,parking,hitrun,mou
103521094,METROPOLITAN NASHVILLE POLICE DEPT,20220654026,Davidson,Nashville,12/26/2022 2:01:00 PM,1,0,0,36.244280,-86.709100,FERNBANK DR,,,,0.00,,,DUE WEST AVE,,,,0.00,Y,T-Intersection,N,Intersection,None,,,         ,Christopher,Littles,"Cloudy, Snow",Not Collision with Motor Vehicle in Transport,no,no,no,no,no,False
103521117,METROPOLITAN NASHVILLE POLICE DEPT,20220653905,Davidson,Nashville,12/26/2022 11:55:00 AM,2,0,0,36.204010,-86.785030,EDGEWOOD AV,,,,400.00,Feet,West,LIBERIA ST,,,,0.00,N,Not at Intersection,N,Non-Junction,None,,,         ,Walter,Gray II,Snow,Angle,no,no,no,no,yes,False
103521127,METROPOLITAN NASHVILLE POLICE DEPT,20220654024,Davidson,Nashville,12/26/2022 2:10:00 PM,2,1,0,36.141000,-86.730810,I 24,,,,0.00,,,,,,,51.50,N,Not at Intersection,N,Non-Junction,None,,,         ,Yaroslav,Holodkov,Snow,Angle,no,no,no,no,no,False
103521231,METROPOLITAN NASHVILLE POLICE DEPT,20220654141,Davidson,Nashville,12/26/2022 2:00:00 PM,2,0,0,36.252590,-86.835420,LLOYD RD,,,,1626.00,Feet,West,CLARKSVILLE PKE,,,,0.00,N,Not at Intersection,N,Non-Junction,None,,,         ,Tyler,Jordan,Snow,Front to Rear,no,no,no,no,yes,False
103521255,METROPOLITAN NASHVILLE POLICE DEPT,20220653834,Davidson,Nashville,12/26/2022 10:49:00 AM,2,0,0,36.153500,-86.851830,I 40,,,,0.00,,,,,,,204.30,N,Not at Intersection,N,Non-Junction,None,,,         ,Stacia,Getz,"Cloudy, Snow",Angle,no,no,no,no,yes,False
103521261,METROPOLITAN NASHVILLE POLICE DEPT,20220654233,Davidson,Nashville,12/26/2022 12:51:00 PM,1,0,0,36.155450,-86.827650,DELAWARE AV,,,,17.00,Feet,East,36TH AVN,,,,0.00,N,Not at Intersection, ,Non-Junction,None,,,         ,Ryan,Thomas,Snow,Not Collision with Motor Vehicle in Transport,no,no,no,no,no,False
103521266,METROPOLITAN NASHVILLE POLICE DEPT,20220654219,Davidson,Madison,12/26/2022 4:55:00 PM,1,2,0,36.273820,-86.722330,NESBITT LN,,,,267.00,Feet,West,GRAYLAND DR,,,,0.00,N,Not at Intersection,N,Non-Junction,None,,,         ,Kyle,Eicholtz,Snow,Not Collision with Motor Vehicle in Transport,yes,no,no,no,no,False
103521273,METROPOLITAN NASHVILLE POLICE DEPT,20220654276,Davidson,Nashville,12/26/2022 3:00:00 PM,1,0,0,36.202980,-86.829310,STIVERS ST,,,,66.00,Feet,North,WEST ST,,,,0.00,N,Not at Intersection, ,Non-Junction,None,,,         ,Tyler,Edwards,Snow,Not Collision with Motor Vehicle in Transport,no,no,no,no,no,False
103521275,METROPOLITAN NASHVILLE POLICE DEPT,20220654318,Davidson,Nashville,12/26/2022 6:04:00 PM,1,0,0,36.127990,-86.695610,BRILEY PKWY,,,,0.00,Feet,East,KENTON PL,,,,0.00,N,Not at Intersection, ,,None,,,         ,Rami,Rouhi,,,no,no,no,no,no,False
103521307,METROPOLITAN NASHVILLE POLICE DEPT,20220654264,Davidson,Nashville,12/26/2022 5:21:00 PM,2,0,0,36.087940,-86.691040,HARDING PL,,,,392.00,Feet,East,ANTIOCH PKE,,,,0.00,N,Not at Intersection,N,Non-Junction,None,,,         ,Amgad,Bekhit,Cloudy,Angle,no,no,no,no,no,False
103521312,METROPOLITAN NASHVILLE POLICE DEPT,20220654380,Davidson,Nashville,12/26/2022 2:00:00 PM,1,0,0,36.071740,-86.687880,BAKERTOWN RD,,,,451.00,Feet,West,HAYSTACK LN,,,,0.00,N,Not at Intersection,N,Non-Junction,None,,,         ,Laura,Williams,Snow,Not Collision with Motor Vehicle in Transport,no,no,no,no,yes,False
103521319,METROPOLITAN NASHVILLE POLICE DEPT,20220654365,Davidson,Nashville,12/26/2022 6:47:00 PM,1,0,0,36.250800,-86.707950,DENSON AV,,,,0.00,Feet,West,EMMITT AV,,,,0.00,N,Not at Intersection,N,Non-Junction,None,,,         ,Brandon,Lopez,Cloudy,Not Collision with Motor Vehicle in Transport,no,no,no,no,no,False
103521322,VANDERBILT UNIVERSITY POLICE,20220654317,Davidson,Nashville,12/26/2022 5:33:00 PM,2,0,0,36.142260,-86.801290,MEDICAL CENTER DR,,,,421.00,Feet,West,21ST AVS,,,,0.00,N,Not at Intersection, ,,None,,,         ,Shannon,McVey,,,no,no,no,yes,no,Campus
103521325,METROPOLITAN NASHVILLE POLICE DEPT,20220654369,Davidson,Nashville,12/26/2022 6:45:00 PM,1,0,0,36.200370,-86.786440,BAPTIST WORLD CENTER DR,,,,124.00,Feet,East,SEMINARY ST,,,,0.00,N,Not at Intersection,N,Non-Junction,None,,,         ,Craig,Paschetti,Clear,Not Collision with Motor Vehicle in Transport,no,no,no,no,no,False
103521361,METROPOLITAN NASHVILLE POLICE DEPT,20220654455,Davidson,Whites Creek,12/26/2022 8:02:00 PM,2,0,0,36.281010,-86.790030,COBBLESTONE CREEK DR,,,,253.00,Feet,South,RYAN ALLEN CIR,,,,0.00,N,Not at Intersection,N,Non-Junction,None,,,         ,Kyle,Eicholtz,Snow,Front to Rear,no,no,no,no,no,False
103521364,METROPOLITAN NASHVILLE POLICE DEPT,20220654393,Davidson,Nashville,12/26/2022 6:28:00 PM,2,0,0,36.148290,-86.833330,DAKOTA AV,,,,88.00,Feet,East,40TH AVN,,,,0.00,N,Not at Intersection, ,Non-Junction,None,,,         ,Jared,Dick,"Cloudy, Snow",Angle,no,no,no,no,no,False
103521374,METROPOLITAN NASHVILLE POLICE DEPT,20220654344,Davidson,Nashville,12/26/2022 5:31:00 PM,1,0,0,36.197210,-86.749260,MCCLURKAN AV PV,,,,184.00,Feet,West,MCCLURKAN AV,,,,0.00,N,Not at Intersection,N,Non-Junction,None,,,         ,Seth,Wilson,Snow,Not Collision with Motor Vehicle in Transport,no,no,no,no,no,False
103521429,THP District 3 - Nashville,322109162,Davidson,Nashville,12/24/2022 11:00:00 AM,1,0,0,36.154290,-86.816650,CHARLOTTE AV,,,,30.00,Feet,East,27TH AVN,,,,0.00,N,Not at Intersection,N,Non-Junction,None,,,         ,Keith,Velez,Clear,Not Collision with Motor Vehicle in Transport,no,no,no,no,no,False
103521430,THP District 3 - Nashville,322109168,Davidson,Nashville,12/24/2022 11:25:00 AM,2,0,0,36.153960,-86.818220,28TH AVN,,,,0.00,Feet,,CHARLOTTE AV,,,,0.00,Y,Four-Way,Y,Intersection,None,,,         ,Keith,Velez,Clear,Angle,no,no,no,no,no,False
103521435,THP District 3 - Nashville,322109589,Davidson,Joelton,12/26/2022 9:30:00 AM,1,0,0,36.337770,-86.914290,I 24,,,,0.00,,,,,,,32.20,N,Not at Intersection,N,Non-Junction,None,,,         ,Keith,Velez,"Snow, Blowing Snow",Not Collision with Motor Vehicle in Transport,no,no,no,no,no,False
103521479,METROPOLITAN NASHVILLE POLICE DEPT,20220654431,Davidson,Nashville,12/26/2022 6:50:00 PM,3,0,0,36.145790,-86.760560,LINCOLN ST,,,,152.00,Feet,South,TRIMBLE ST,,,,0.00,N,Not at Intersection,N,Non-Junction,None,,,         ,Dalton,Crum,Snow,Angle,no,no,no,no,yes,False
103521486,METROPOLITAN NASHVILLE POLICE DEPT,20220654148,Davidson,Goodlettsville,12/26/2022 3:02:00 PM,1,0,0,36.294420,-86.693800,SPRING BRANCH APTS PVTDR,,,,0.00,Feet,East,SPRING BRANCH DR,,,,0.00,N,Not at Intersection, ,Non-Junction,None,,,         ,Wesley,Carver,"Snow, Freezing Rain ",Not Collision with Motor Vehicle in Transport,no,no,no,no,no,False
103521487,METROPOLITAN NASHVILLE POLICE DEPT,20220654173,Davidson,Madison,12/26/2022 4:18:00 PM,1,0,0,36.294980,-86.693070,SPRING BRANCH DR,,,,0.00,,,CUDE LN,,,,0.00,Y,T-Intersection, ,Non-Junction,None,,,         ,Wesley,Carver,"Snow, Freezing Rain ",Not Collision with Motor Vehicle in Transport,no,no,no,yes,yes,False
103521499,METROPOLITAN NASHVILLE POLICE DEPT,20220654331,Davidson,Nashville,12/26/2022 6:07:00 PM,2,0,0,36.199970,-86.599580,NETHERLANDS DR,,,,49.00,Feet,North,LIBBY LN,,,,0.00,N,Not at Intersection, ,Non-Junction,None,,,         ,Zachary,Nichols,Cloudy,Front to Rear,no,no,no,no,no,False
103521550,METROPOLITAN NASHVILLE POLICE DEPT,20220654568,Davidson,Nashville,12/26/2022 10:00:00 PM,1,0,0,36.223280,-86.826420,BOYD DR,,,,248.00,Feet,South,FAIRMEADE DR,,,,0.00,N,Not at Intersection, ,Non-Junction,None,,,         ,Luke,Steigerwalt,Snow,Not Collision with Motor Vehicle in Transport,no,no,no,no,no,False
103521563,METROPOLITAN NASHVILLE POLICE DEPT,20220654626,Davidson,Nashville,12/26/2022 10:39:00 PM,1,0,0,36.207020,-86.586180,DEBBIE DR,,,,168.00,Feet,North,SHADOWLAWN DR,,,,0.00,N,Not at Intersection, ,Non-Junction,None,,,         ,Patrick,Deau,Snow,Not Collision with Motor Vehicle in Transport,no,no,no,no,no,False
103521573,METROPOLITAN NASHVILLE POLICE DEPT,20220654447,Davidson,Nashville,12/26/2022 7:50:00 PM,2,0,0,36.161360,-86.596700,BELL RD,,,,145.00,Feet,East,OLD HICKORY BLVD,,,,0.00,N,Not at Intersection,N,Non-Junction,None,,,         ,Thomas,Vasquez,"Cloudy, Snow",Angle,no,no,no,yes,yes,False
103521593,METROPOLITAN NASHVILLE POLICE DEPT,20220654865,Davidson,Nashville,12/27/2022 1:24:00 AM,2,0,0,36.148840,-86.762470,WHARF AV,,,,0.00,Feet,,CHARLES E DAVIS BLVD,,,,0.00,Y,Four-Way,Y,Intersection,None,,,         ,Richard,Luellen,Clear,Angle,no,no,no,no,yes,False
103521595,METROPOLITAN NASHVILLE POLICE DEPT,20220654613,Davidson,Nashville,12/26/2022 9:25:00 PM,1,0,0,36.214950,-86.812710,CHATEAU VALLEY DR,,,,172.00,Feet,West,CHATEAU VALLEY LN,,,,0.00,N,Not at Intersection,N,Non-Junction,None,,,         ,Emelie,Skye,Snow,Not Collision with Motor Vehicle in Transport,no,no,no,no,no,False
103521598,METROPOLITAN NASHVILLE POLICE DEPT,20220654814,Davidson,Nashville,12/27/2022 12:12:00 AM,3,0,0,36.210110,-86.825120,HARTMAN PARK PVTDR,,,,280.00,Feet,South,WHITES CREEK GRNWY,,,,0.00,N,Not at Intersection,N,Non-Junction,None,,,         ,Nicholas,Terwilliger,Snow,"Sideswipe, Same Direction",no,no,no,no,yes,False
103521605,METROPOLITAN NASHVILLE POLICE DEPT,20220654863,Davidson,Nashville,12/27/2022 1:30:00 AM,1,1,0,36.148480,-86.780950,I 40,,,,0.00,,,,,,,209.75,N,Not at Intersection,N,Non-Junction,None,,,         ,Michael,Hodges,"Rain, Freezing Rain ",Not Collision with Motor Vehicle in Transport,no,no,no,no,no,False
103521617,METROPOLITAN NASHVILLE POLICE DEPT,20220654844,Davidson,Nashville,12/27/2022 12:00:00 AM,2,0,0,36.210110,-86.825120,HARTMAN PARK PVTDR,,,,280.00,Feet,South,WHITES CREEK GRNWY,,,,0.00,N,Not at Intersection, ,Non-Junction,None,,,         ,Nicholas,Terwilliger,"Sleet/Hail, Snow",Not Collision with Motor Vehicle in Transport,no,no,no,no,yes,False
103521702,METROPOLITAN NASHVILLE POLICE DEPT,20220654988,Davidson,Nashville,12/27/2022 3:59:00 AM,1,0,1,36.088240,-86.695920,METROPLEX DR,,,,502.00,Feet,North,HARDING PL,,,,0.00,N,Not at Intersection,N,Non-Junction,None,,,         ,Ryan,Allen,Cloudy,Not Collision with Motor Vehicle in Transport,yes,no,no,no,no,False
103521714,METROPOLITAN NASHVILLE POLICE DEPT,20220655088,Davidson,Nashville,12/27/2022 4:47:00 AM,2,0,0,36.264070,-86.690290,STATE RT 45,,,,0.00,,,MYATT DR,,,,0.00,Y,Four-Way, ,Intersection,None,,,         ,Rodney,Phipps,Cloudy,Angle,no,no,no,no,yes,False
103521736,METROPOLITAN NASHVILLE POLICE DEPT,20220655214,Davidson,Nashville,12/27/2022 8:34:00 AM,2,1,0,36.045610,-86.719770,OLD HICKORY BLVD,,,,0.00,,,ZERMATT AV,,,,0.00,Y,T-Intersection,N,Intersection-Related,None,,,         ,Earl,Davis,Clear,Front to Rear,no,no,no,no,no,False
103521742,METROPOLITAN NASHVILLE POLICE DEPT,20220655080,Davidson,Nashville,12/27/2022 5:10:00 AM,1,0,0,36.248560,-86.689450,JASPERSON DR,,,,0.00,,,CENTER ST,,,,0.00,Y,T-Intersection,N,Intersection,None,,,         ,Jessica,Johnson,Snow,Not Collision with Motor Vehicle in Transport,no,no,no,yes,yes,False
103521759,METROPOLITAN NASHVILLE POLICE DEPT,20220655176,Davidson,Nashville,12/27/2022 7:45:00 AM,2,0,0,36.155740,-86.819360,DELAWARE AV,,,,169.00,Feet,West,28TH AVN,,,,0.00,N,Not at Intersection, ,Non-Junction,None,,,         ,Kevin,McCaffrey,Clear,"Sideswipe, Same Direction",no,no,no,no,no,False
103521760,METROPOLITAN NASHVILLE POLICE DEPT,20220655077,Davidson,Nashville,12/27/2022 6:11:00 AM,2,1,0,36.155650,-86.789720,BROADWAY,,,,0.00,Feet,West,I40 E EXT RAMP,,,,0.00,N,Not at Intersection,N,Non-Junction,None,,,         ,Paxton,Montgomery,Clear,Angle,no,no,no,no,no,False
103521840,METROPOLITAN NASHVILLE POLICE DEPT,20220655296,Davidson,Nashville,12/27/2022 10:06:00 AM,2,0,0,36.044930,-86.667110,BELL RD,,,,0.00,,,CEDAR POINTE PKWY,,,,0.00,Y,T-Intersection,N,Intersection-Related,None,,,         ,Stanley,Collins,Clear,Angle,no,no,no,no,no,False
103521842,METROPOLITAN NASHVILLE POLICE DEPT,20220654336,Davidson,Nashville,12/26/2022 6:24:00 PM,2,0,0,36.216730,-86.587640,SHSHONE DR,,,,144.00,Feet,East,BIG HORN DR,,,,0.00,N,Not at Intersection, ,Non-Junction,None,,,         ,Cheri,Cox,"Cloudy, Snow",HeadOn,no,no,no,no,no,False
103521861,METROPOLITAN NASHVILLE POLICE DEPT,20220655399,Davidson,Nashville,12/27/2022 11:20:00 AM,2,0,0,36.121070,-86.777580,KIRKWOOD AV,,,,730.00,Feet,West,FRANKLIN PKE,,,,0.00,N,Not at Intersection, ,Non-Junction,None,,,         ,Earl,Davis,Clear,Other,no,no,no,yes,yes,False
103521904,METROPOLITAN NASHVILLE POLICE DEPT,20220653990,Davidson,Nashville,12/26/2022 1:40:00 PM,2,1,0,36.162190,-86.798000,16TH AVN,,,,0.00,,,JO JOHNSTON AV,,,,0.00,Y,Four-Way,N,Intersection,None,,,         ,Jean,McCormack,Snow,Angle,no,no,no,no,no,False
103521947,METROPOLITAN NASHVILLE POLICE DEPT,20220655417,Davidson,Nashville,12/27/2022 11:44:00 AM,3,2,0,36.175420,-86.783030,JEFFERSON ST,,,,181.00,Feet,East,2ND AVN,,,,0.00,N,Not at Intersection,N,Non-Junction,None,,,         ,Russell,Freeman,Clear,Front to Rear,no,no,no,no,yes,False
103521962,THP District 3 - Nashville,322109872,Davidson,Nashville,12/27/2022 8:15:00 AM,2,0,0,36.117430,-86.699220,MURFREESBORO PKE,,,,0.00,,,BRILEY PKWY N ENT RAMP,,,,0.00,Y,Four-Way, ,Entrance/Exit Ramp Related,None,,,         ,Matthew,Priest,Clear,Front to Rear,no,no,no,no,no,False
103521963,METROPOLITAN NASHVILLE POLICE DEPT,20220655490,Davidson,Nashville,12/27/2022 12:30:00 PM,2,0,0,36.157760,-86.875280,ROBERTSON AV,,,,182.00,Feet,West,CROLEY DR,,,,0.00,N,Not at Intersection, ,Non-Junction,None,,,         ,Tony,Folad,Clear,Angle,no,no,no,yes,yes,False
103521971,Metro Park Police,20220653751,Davidson,Nashville,12/26/2022 8:45:00 AM,1,0,0,36.148870,-86.769290,US HWY 31 ALT,,,,0.00,,,OAK ST,,,,0.00,Y,OTHER,N,Non-Junction,None,,,         ,Brian,Thompson,Snow,Not Collision with Motor Vehicle in Transport,no,no,no,no,no,False
103521992,METROPOLITAN NASHVILLE POLICE DEPT,20220655590,Davidson,Nashville,12/27/2022 1:00:00 PM,2,0,0,36.129630,-86.795560,BELMONT BLVD,,,,0.00,,,BLAIR BLVD,,,,0.00,Y,Four-Way, ,Unknown,None,,,         ,Megan,Lamon,Clear,Unknown,no,no,no,no,yes,False
103522025,METROPOLITAN NASHVILLE POLICE DEPT,20220655447,Davidson,Goodlettsville,12/27/2022 12:09:00 PM,2,0,0,36.298600,-86.695290,RIVERGATE BUSINESS CENTER PVTD,,,,0.00,,,CUDE LN,,,,0.00,Y,OTHER,N,Non-Junction,None,,,         ,Keith,Covert,Snow,Front to Rear,no,no,no,yes,yes,False
103522129,GOODLETTSVILLE POLICE DEPT,22-39054,Davidson,Goodlettsville,12/27/2022 11:00:00 AM,1,0,0,36.295450,-86.740150,OLD DICKERSON PIKE,,,,151.00,Feet,South,ECHO HILL BLVD,,,,0.00,N,Not at Intersection,N,Non-Junction,None,,,         ,Jesse,Welch,Cloudy,Not Collision with Motor Vehicle in Transport,no,no,no,no,yes,False
103522134,METROPOLITAN NASHVILLE POLICE DEPT,20220655700,Davidson,Nashville,12/27/2022 3:40:00 PM,2,0,0,36.263180,-86.713150,OLD HICKORY BLVDW,,,,17.00,Feet,West,OLD TIME VILLAGE PVTDR,,,,0.00,N,Not at Intersection, ,Non-Junction,None,,,         ,Brian,Otto,Clear,Angle,no,no,no,no,no,False
103522140,METROPOLITAN NASHVILLE POLICE DEPT,20220655582,Davidson,Nashville,12/27/2022 1:24:00 PM,2,0,0,36.176880,-86.776180,COWAN ST,,,,0.00,,,SPRING ST,,,,0.00,Y,Four-Way,N,Intersection,None,,,         ,Brandon,O'Guin,Clear,Angle,no,no,no,no,no,False
103522165,METROPOLITAN NASHVILLE POLICE DEPT,20220655629,Davidson,Nashville,12/27/2022 12:37:00 PM,2,0,0,36.069170,-86.690980,I24 E EXT RAMP,,,,0.00,Feet,East,I 24,,,,0.00,N,Not at Intersection, ,Entrance/Exit Ramp Related,None,,,         ,Tyler,Heckaman,Clear,Front to Rear,no,no,no,no,no,False
103522166,METROPOLITAN NASHVILLE POLICE DEPT,20220655735,Davidson,Nashville,12/27/2022 3:14:00 PM,2,0,0,36.193520,-86.830990,CLARKSVILLE PKE,,,,84.00,Feet,East,BUENA VISTA PKE,,,,0.00,N,Not at Intersection, ,Non-Junction,None,,,         ,Robert,Laboy,Clear,Front to Rear,no,no,no,no,no,False
103522177,METROPOLITAN NASHVILLE POLICE DEPT,20220655785,Davidson,Nashville,12/27/2022 12:00:00 AM,2,0,0,36.166210,-86.654020,BLUE BRICK DR,,,,0.00,Feet,East,STEWARTS FERRY PKE,,,,0.00,N,Not at Intersection,N,Non-Junction,None,,,         ,Keenan,McCann,Clear,Front to Rear,no,no,no,no,yes,False
103522191,VANDERBILT UNIVERSITY POLICE,20220655795,Davidson,Nashville,12/27/2022 12:00:00 AM,2,0,0,36.107330,-86.764080,POWELL AV,,,,0.00,,,,,,,0.00,,, ,Non-Junction,None,,,         ,Nancy,Douglas,Clear,Unknown,no,no,no,yes,yes,OHO
103522213,METROPOLITAN NASHVILLE POLICE DEPT,20220655845,Davidson,Nashville,12/27/2022 5:00:00 PM,1,0,0,36.192890,-86.777600,I 65,,,,0.00,,,,,,,86.45,N,Not at Intersection,N,Entrance/Exit Ramp Related,None,,,         ,Tyler,Jordan,Clear,Not Collision with Motor Vehicle in Transport,no,no,no,no,no,False
103522219,METROPOLITAN NASHVILLE POLICE DEPT,20220655793,Davidson,Nashville,12/27/2022 4:33:00 PM,2,0,0,36.119970,-86.702470,MURFREESBORO PKE,,,,219.00,Feet,West,JUPITER DR,,,,0.00,N,Not at Intersection,N,Non-Junction,None,,,         ,Amgad,Bekhit,Clear,Angle,no,no,no,no,no,False
103522231,METROPOLITAN NASHVILLE POLICE DEPT,20220655804,Davidson,Nashville,12/27/2022 4:40:00 PM,2,3,0,36.172420,-86.794810,JEFFERSON ST,,,,0.00,Feet,East,10TH AVN,,,,0.00,N,Not at Intersection,N,Non-Junction,None,,,         ,Michael,Esposito,Clear,Angle,no,no,no,no,no,False
103522246,METROPOLITAN NASHVILLE POLICE DEPT,20220655852,Davidson,Nashville,12/27/2022 5:15:00 PM,2,0,0,36.141130,-86.627970,BELL RD,,,,0.00,,,ELM HILL PKE,,,,0.00,Y,T-Intersection,N,Intersection,None,,,         ,Rami,Rouhi,Clear,Angle,no,no,no,no,no,False
103522248,METROPOLITAN NASHVILLE POLICE DEPT,20220655760,Davidson,Madison,12/27/2022 3:40:00 PM,3,0,0,36.263760,-86.711680,GALLATIN PKEN,,,,18.00,Feet,East,OLD TIME VILLAGE PVTDR,,,,0.00,N,Not at Intersection, ,Non-Junction,None,,,         ,Bradley,Campbell,Clear,Angle,no,no,no,no,no,False
103522251,METROPOLITAN NASHVILLE POLICE DEPT,20220655911,Davidson,Nashville,12/27/2022 5:50:00 PM,2,0,0,36.306270,-86.817380,I 24,,,,0.00,,,,,,,38.20,N,Not at Intersection,N,Non-Junction,None,,,         ,Tyler,Jordan,Clear,Front to Rear,no,no,no,no,yes,False
103522255,METROPOLITAN NASHVILLE POLICE DEPT,20220655860,Davidson,Nashville,12/27/2022 5:18:00 PM,2,0,0,36.153790,-86.794410,17TH AVS,,,,0.00,,,WEST END AV,,,,0.00,Y,Four-Way,N,Non-Junction,None,,,         ,Dakota,Davis,Clear,Angle,no,no,no,no,yes,False
103522259,METROPOLITAN NASHVILLE POLICE DEPT,20220655839,Davidson,Nashville,12/27/2022 4:45:00 PM,2,0,0,36.146710,-86.742850,I 40,,,,0.00,,,,,,,212.10,N,Not at Intersection,Y,Non-Junction,None,,,         ,Alex,Mendoza-Aguilera,Clear,Front to Rear,no,no,no,no,no,False
103522272,METROPOLITAN NASHVILLE POLICE DEPT,20220656032,Davidson,Antioch,12/27/2022 7:40:00 PM,1,0,0,36.047840,-86.612050,MURFREESBORO PKE,,,,1284.00,Feet,North,MOUNTAIN SPRINGS RD,,,,0.00,N,Not at Intersection, ,,None,,,         ,Brandon,Simpkins,,,no,no,no,no,no,False
103522288,METROPOLITAN NASHVILLE POLICE DEPT,20220655897,Davidson,Nashville,12/27/2022 5:40:00 PM,2,0,0,36.068700,-86.639830,RICE RD,,,,0.00,Feet,,RURAL HILL RD,,,,0.00,Y,Four-Way, ,Intersection-Related,None,,,         ,Lauren,Ferrer,Clear,Front to Rear,no,no,no,no,yes,False
103522289,METROPOLITAN NASHVILLE POLICE DEPT,20220655891,Davidson,Nashville,12/27/2022 6:47:00 PM,2,0,0,36.187370,-86.794780,I 65,,,,0.00,,,,,,,85.40,N,Not at Intersection, ,Non-Junction,None,,,         ,Ralph,Gault,Clear,Front to Rear,no,no,no,no,no,False
103522299,METROPOLITAN NASHVILLE POLICE DEPT,20220655870,Davidson,Nashville,12/27/2022 5:35:00 PM,2,2,0,36.150410,-86.749010,I 40,,,,0.00,,,,,,,211.65,N,Not at Intersection,N,Non-Junction,None,,,         ,Alex,Mendoza-Aguilera,Clear,Front to Rear,no,no,no,no,no,False
103522300,METROPOLITAN NASHVILLE POLICE DEPT,20220655681,Davidson,Antioch,12/27/2022 12:25:00 PM,2,0,0,36.073830,-86.596520,TIMBER TRAIL DR,,,,20.00,Feet,North,COUNTRY WAY RD,,,,0.00,N,Not at Intersection, ,Non-Junction,None,,,         ,Michael,Raash,Clear,HeadOn,no,no,no,no,no,False
103522301,METROPOLITAN NASHVILLE POLICE DEPT,20220655921,Davidson,Nashville,12/27/2022 6:17:00 PM,2,0,0,36.049330,-86.648560,MT VIEW RD,,,,362.00,Feet,East,BELL RD,,,,0.00,N,Not at Intersection, ,Non-Junction,None,,,         ,Michael,Raash,Clear,Angle,no,no,no,no,yes,False
103522303,METROPOLITAN NASHVILLE POLICE DEPT,20220655954,Davidson,Nashville,12/27/2022 6:14:00 PM,2,0,0,36.188220,-86.629320,LEBANON PKE,,,,0.00,,,HICKORY HILL LN,,,,0.00,Y,T-Intersection, ,,None,,,         ,Keenan,McCann,,,no,no,no,no,no,False
103522304,METROPOLITAN NASHVILLE POLICE DEPT,20220655915,Davidson,Nashville,12/27/2022 6:07:00 PM,2,0,0,36.081180,-86.630310,BELL RD,,,,146.00,Feet,West,PRIEST LAKE DR,,,,0.00,N,Not at Intersection,N,Non-Junction,None,,,         ,Ernest,Jones,Cloudy,"Sideswipe, Opposite Direction",no,no,no,no,yes,False
103522416,METROPOLITAN NASHVILLE POLICE DEPT,20220655956,Davidson,Nashville,12/27/2022 6:50:00 PM,2,0,0,36.051450,-86.702710,OCALA DR,,,,0.00,Feet,,EULALA DR,,,,0.00,Y,Four-Way, ,Intersection-Related,None,,,         ,Lauren,Ferrer,Clear,Angle,no,no,no,no,no,False
103522426,METROPOLITAN NASHVILLE POLICE DEPT,20220656143,Davidson,Nashville,12/27/2022 8:52:00 PM,2,0,0,36.161130,-86.776940,BROADWAY,,,,70.00,Feet,East,4TH AVN,,,,0.00,N,Not at Intersection, ,Non-Junction,None,,,         ,James,Hill,Clear,Front to Rear,no,no,no,no,no,False
103522434,METROPOLITAN NASHVILLE POLICE DEPT,20220654231,Davidson,Antioch,12/26/2022 2:00:00 PM,2,0,0,36.048230,-86.584930,LAKEWOOD VILLAGE DR,,,,45.00,Feet,North,DUPREE POINT DR,,,,0.00,N,Not at Intersection,N,Non-Junction,None,,,         ,Michael,Hones,Snow,Front to Rear,no,no,no,no,yes,False
103522485,METROPOLITAN NASHVILLE POLICE DEPT,20220656071,Davidson,Nashville,12/27/2022 8:08:00 PM,2,1,0,36.028830,-86.648860,CANE RIDGE RD,,,,0.00,,,OLD FRANKLIN RD,,,,0.00,Y,Four-Way,Y,Intersection,None,,,         ,Brandon,Simpkins,Clear,Angle,no,no,no,no,no,False
103522486,METROPOLITAN NASHVILLE POLICE DEPT,20220655934,Davidson,Nashville,12/27/2022 6:21:00 PM,3,1,0,36.148190,-86.805920,WEST END AV,,,,187.00,Feet,East,24TH AVN,,,,0.00,N,Not at Intersection,N,Non-Junction,None,,,         ,Dakota,Davis,Clear,Angle,no,no,no,no,yes,Campus
103522493,METROPOLITAN NASHVILLE POLICE DEPT,20220655853,Davidson,Nashville,12/27/2022 5:10:00 PM,2,1,0,36.052650,-86.644480,BELL RD,,,,204.00,Feet,North,EAGLE VIEW BLVD,,,,0.00,N,Not at Intersection,N,Non-Junction,None,,,         ,Keith,Parlato,Clear,Front to Rear,no,no,no,no,yes,False
103522510,METROPOLITAN NASHVILLE POLICE DEPT,20220656288,Davidson,Nashville,12/27/2022 9:55:00 PM,2,2,0,36.089350,-86.802940,BATTERY LN,,,,0.00,,,GRANNY WHITE PKE,,,,0.00,Y,Four-Way,Y,Intersection,None,,,         ,Ricardo,Cruz,Clear,Angle,no,no,no,no,no,False