master_record_number,agency,agency_tracking_number,county,city,collision_date,vehicles_involved,number_injured,number_dead,latitude,longitude,roadway_name,roadway_suffix,roadway_number,roadway_local_id,distance_from_reference,miles-feet_indicator,direction_from_reference,intersection_road_name,intersection_road_name_suffix,intersection_road_number,intersection_local_id,mile_marker,intersection_indicator,intersect_type,interchange_related_indicator,relation_to_junction,work_zone_type,construction_maintenance_zone,construction_maintenance_zone_location,fatal_case_number,officer_first_name,officer_last_name,weather_condition(s),manner_of_crash,pedestrian,bicycle,scooter,parking,hitrun,mou
103522514,METROPOLITAN NASHVILLE POLICE DEPT,20220656381,Davidson,Nashville,12/27/2022 10:45:00 PM,1,0,0,36.238200,-86.784080,BRILEY PKWYW,,,,265.00,Feet,West,I24 W ENT RAMP,,,,0.00,N,Not at Intersection, ,Non-Junction,None,,,         ,Joshua,Dodge,Clear,Not Collision with Motor Vehicle in Transport,no,no,no,no,no,False
103522528,METROPOLITAN NASHVILLE POLICE DEPT,20220655902,Davidson,Nashville,12/27/2022 6:05:00 PM,2,0,0,36.142740,-86.787030,EDGEHILL AV,,,,0.00,,,12TH AVS,,,,0.00,Y,Four-Way, ,,None,,,         ,Garrett,Latham,,,no,no,no,no,no,False
103522548,METROPOLITAN NASHVILLE POLICE DEPT,20220655705,Davidson,Nashville,12/27/2022 2:30:00 PM,2,0,0,36.215130,-86.600310,LEBANON PKE,,,,420.00,Feet,North,ANDREW JACKSON PKWY,,,,0.00,N,Not at Intersection,N,Non-Junction,None,,,         ,Charis,Holland,Clear,Angle,no,no,no,yes,yes,False
103522564,METROPOLITAN NASHVILLE POLICE DEPT,20220656639,Davidson,Nashville,12/27/2022 8:15:00 PM,2,0,0,36.089070,-86.649990,RANSOM PL,,,,0.00,,,MURFREESBORO PKE,,,,0.00,Y,T-Intersection,N,Intersection,None,,,         ,Alex,DiBernardo,Clear,Front to Rear,no,no,no,no,yes,False
103522567,METROPOLITAN NASHVILLE POLICE DEPT,20220656256,Davidson,Nashville,12/27/2022 12:00:00 AM,1,0,0,36.172320,-86.765040,S 5TH ST,,,,191.00,Feet,North,WOODLAND ST,,,,0.00,N,Not at Intersection,N,Non-Junction,None,,,         ,Shaquille,Graham,Clear,Not Collision with Motor Vehicle in Transport,no,no,no,no,no,False
103522585,METROPOLITAN NASHVILLE POLICE DEPT,20220656585,Davidson,Nashville,12/27/2022 11:30:00 PM,1,0,0,36.204700,-86.750930,E TRINITY LN,,,,0.00,,,ELLINGTON PKWY S EXT RAMP,,,,0.00,Y,T-Intersection,Y,Intersection-Related,None,,,         ,Dillon,Hunt,Clear,Not Collision with Motor Vehicle in Transport,no,no,no,no,yes,False
103522591,METROPOLITAN NASHVILLE POLICE DEPT,20220656768,Davidson,Antioch,12/28/2022 3:29:00 AM,1,0,0,36.023410,-86.687890,BARNES RD,,,,544.00,Feet,West,STANFORD VILLAGE DR,,,,0.00,N,Not at Intersection,N,Non-Junction,None,,,         ,Lisa,Beck,Clear,Not Collision with Motor Vehicle in Transport,no,no,no,no,no,False
103522685,BELLE MEADE POLICE DEPT,22-0307,Davidson,Belle Meade,12/28/2022 7:15:00 AM,2,0,0,36.118860,-86.855920,HARDING PKE,,,,395.00,Feet,West,BELLE MEADE BLVD,,,,0.00,N,Not at Intersection, ,Non-Junction,None,,,         ,Michael,Germany,Clear,"Sideswipe, Same Direction",no,no,no,no,no,False
103522690,METROPOLITAN NASHVILLE POLICE DEPT,20220656995,Davidson,Nashville,12/28/2022 12:00:00 AM,1,0,0,36.179180,-86.836500,VIKING RD,,,,35.00,Feet,West,BRIARWICK DR,,,,0.00,N,Not at Intersection,N,Non-Junction,None,,,         ,Michael,Richardson,Clear,Not Collision with Motor Vehicle in Transport,no,no,no,no,yes,False
103522695,METROPOLITAN NASHVILLE POLICE DEPT,20220655635,Davidson,Madison,12/27/2022 1:22:00 PM,2,1,0,36.307770,-86.686300,GALLATIN PKEN,,,,0.00,,,GALLATIN PKEN,,,,0.00,,Not at Intersection,N,Non-Junction,None,,,         ,Jessica,Johnson,Clear,Angle,no,no,no,yes,yes,False
103522713,METROPOLITAN NASHVILLE POLICE DEPT,20220656940,Davidson,Nashville,12/28/2022 6:40:00 AM,2,0,0,36.196900,-86.742120,GALLATIN AV,,,,42.00,Feet,South,GALLATIN PKE,,,,0.00,N,Not at Intersection, ,Non-Junction,None,,,         ,Michael,Agee,Clear,Front to Rear,no,no,no,no,no,False
103522744,METROPOLITAN NASHVILLE POLICE DEPT,202206569261,Davidson,Nashville,12/28/2022 6:32:00 AM,3,0,0,36.153010,-86.857270,I40 W EXT RAMP,,,,0.00,,,I 40,,,,0.00,Y,Four-Way, ,,None,,,         ,Deon,Prather,,,no,no,no,no,no,False
103522748,METROPOLITAN NASHVILLE POLICE DEPT,20220657147,Davidson,Nashville,12/28/2022 9:03:00 AM,1,1,0,36.231870,-86.800830,EWING DR,,,,228.00,Feet,East,CLAYMILLE BLVD,,,,0.00,N,Not at Intersection,N,Non-Junction,None,,,         ,Ryan,Worstall,Clear,Not Collision with Motor Vehicle in Transport,no,no,no,no,no,False
103522768,METROPOLITAN NASHVILLE POLICE DEPT,20220657045,Davidson,Goodlettsville,12/28/2022 8:07:00 AM,2,0,0,36.301950,-86.692990,GALLATIN PKEN,,,,103.00,Feet,West,TWIN HILLS DR,,,,0.00,N,Not at Intersection,N,Non-Junction,None,,,         ,Gael,Sobon,Clear,"Sideswipe, Same Direction",no,no,no,no,no,False
103522779,METROPOLITAN NASHVILLE POLICE DEPT,20220657255,Davidson,Madison,12/27/2022 12:00:00 AM,1,0,0,36.262560,-86.744920,TUCKAHOE DR,,,,4.00,Feet,North,FOXBORO DR,,,,0.00,N,Not at Intersection,N,OtherLocation,None,,,         ,Justan,Vance,Snow,Not Collision with Motor Vehicle in Transport,no,no,no,no,yes,False
103522781,METROPOLITAN NASHVILLE POLICE DEPT,20220657301,Davidson,Nashville,12/28/2022 10:49:00 AM,2,0,0,36.081180,-86.726830,NOLENSVILLE PKE,,,,534.00,Feet,South,WELSHWOOD DR,,,,0.00,N,Not at Intersection, ,Non-Junction,None,,,         ,Darrin,Hardin,Clear,Angle,no,no,no,no,no,False
103522799,METROPOLITAN NASHVILLE POLICE DEPT,20220657181,Davidson,Nashville,12/28/2022 9:22:00 AM,2,0,0,36.109620,-86.922510,OLD HICKORY BLVD,,,,76.00,Feet,South,SONYA DR,,,,0.00,N,Not at Intersection,N,Non-Junction,None,,,         ,Jack,Crouch,Clear,Angle,no,no,no,no,yes,False
103522801,METROPOLITAN NASHVILLE POLICE DEPT,20220657142,Davidson,Nashville,12/28/2022 9:04:00 AM,2,1,0,36.188220,-86.629320,LEBANON PKE,,,,0.00,,,HICKORY HILL LN,,,,0.00,Y,T-Intersection,N,Intersection,None,,,         ,Ian,Hammond,Clear,Angle,no,no,no,no,no,False
103522805,METROPOLITAN NASHVILLE POLICE DEPT,20220657229,Davidson,Nashville,12/28/2022 10:00:00 AM,2,0,0,36.178900,-86.774400,I24 E EXT RAMP,,,,0.00,Feet,East,I 24,,,,0.00,N,Not at Intersection,N,Non-Junction,None,,,         ,Jeffery,Leiser,Clear,"Sideswipe, Same Direction",no,no,no,no,no,False
103522810,METROPOLITAN NASHVILLE POLICE DEPT,20220657132,Davidson,Nashville,12/27/2022 3:00:00 PM,2,2,0,36.153590,-86.757290,I 40,,,,0.00,,,,,,,211.10,N,Not at Intersection,N,Non-Junction,None,,,         ,Arend,Groeneweg,Cloudy,Front to Rear,no,no,no,no,no,False
103522817,METROPOLITAN NASHVILLE POLICE DEPT,20220657282,Davidson,Nashville,12/28/2022 10:30:00 AM,2,0,0,36.183010,-86.774980,I 24,,,,0.00,,,,,,,47.40,N,Not at Intersection, ,Non-Junction,None,,,         ,Goran,Manojlovic,Clear,Front to Rear,no,no,no,no,no,False
103522877,METROPOLITAN NASHVILLE POLICE DEPT,20220657426,Davidson,Nashville,12/28/2022 12:27:00 PM,2,0,0,36.082100,-86.761700,HARDING PL,,,,0.00,,,SIDCO DR,,,,0.00,Y,Four-Way,N,Intersection,None,,,         ,Earl,Davis,Clear,"Sideswipe, Same Direction",no,no,no,no,no,False
103522894,METROPOLITAN NASHVILLE POLICE DEPT,20220657410,Davidson,Not in City Limit,12/28/2022 12:15:00 PM,2,1,0,36.326800,-86.869230,WHITES CREEK PKE,,,,27.00,Feet,South,WHITES CREEK PKE PVTDR,,,,0.00,N,Not at Intersection,Y,Non-Junction,None,,,         ,Anthony,Butler,Clear,"Sideswipe, Same Direction",no,no,no,no,no,False
103522981,METROPOLITAN NASHVILLE POLICE DEPT,20220657485,Davidson,Nashville,12/28/2022 12:50:00 PM,2,1,0,36.146260,-86.763540,CHESTNUT ST,,,,59.00,Feet,West,1ST AVS,,,,0.00,N,Not at Intersection,Y,Non-Junction,None,,,         ,Neil,Wolfe,Clear,Angle,no,no,no,no,no,False
103523051,METROPOLITAN NASHVILLE POLICE DEPT,20220657717,Davidson,Nashville,12/28/2022 3:35:00 PM,2,1,0,36.074540,-86.635100,BELL RD,,,,72.00,Feet,South,ANDERSON RD,,,,0.00,N,Not at Intersection,N,Non-Junction,None,,,         ,Brandon,Simpkins,Clear,Angle,no,no,no,no,no,False
103523059,METROPOLITAN NASHVILLE POLICE DEPT,20220657534,Davidson,Nashville,12/28/2022 1:41:00 PM,2,1,0,36.066300,-86.774230,HOGAN RD,,,,0.00,,,FRANKLIN PKE,,,,0.00,Y,Four-Way,N,Intersection,None,,,         ,Earl,Davis,Clear,Angle,no,no,no,no,no,False
103523060,METROPOLITAN NASHVILLE POLICE DEPT,20220657679,Davidson,Nashville,12/28/2022 2:12:00 PM,2,0,0,36.192240,-86.616220,OLD HICKORY BLVD,,,,37.00,Feet,South,JUAREZ DR,,,,0.00,N,Not at Intersection, ,Non-Junction,None,,,         ,Esther,Poysti,Clear,Angle,no,no,no,no,no,False
103523061,METROPOLITAN NASHVILLE POLICE DEPT,20220657636,Davidson,Nashville,12/28/2022 2:47:00 PM,2,0,0,36.141250,-86.731760,I 40,,,,0.00,,,,,,,212.80,N,Not at Intersection, ,Non-Junction,None,,,         ,Ian,Wilson,Clear,"Sideswipe, Same Direction",no,no,no,no,no,False
103523063,METROPOLITAN NASHVILLE POLICE DEPT,20220657711,Davidson,Madison,12/28/2022 3:06:00 PM,2,0,0,36.271950,-86.698650,FEDDERS DR,,,,332.00,Feet,South,BECKLEA DR,,,,0.00,N,Not at Intersection, ,,None,,,         ,Bradley,Campbell,,,no,no,no,no,no,False
103523067,METROPOLITAN NASHVILLE POLICE DEPT,20220652534,Davidson,Nashville,12/25/2022 6:01:00 AM,1,1,0,36.128340,-86.728650,I440 W ENT RAMP,,,,0.00,Feet,East,I 440,,,,0.00,N,Not at Intersection,N,Entrance/Exit Ramp Related,None,,,         ,Cressie,Prill,Clear,Not Collision with Motor Vehicle in Transport,no,no,no,no,no,False
103523079,METROPOLITAN NASHVILLE POLICE DEPT,2022-0657625,Davidson,Nashville,12/28/2022 2:40:00 PM,2,1,0,36.234550,-86.625930,OLD HICKORY BLVD,,,,15.00,Feet,North,MONTCHANIN RD,,,,0.00,N,Not at Intersection,N,Non-Junction,None,,,         ,Calvin,Graham,Clear,Angle,no,no,no,no,no,False
103523081,METROPOLITAN NASHVILLE POLICE DEPT,20220657707,Davidson,Nashville,12/28/2022 3:31:00 PM,2,0,0,36.011080,-86.702690,NOLENSVILLE PKE,,,,0.00,,,LENOX CREEKSIDE DR,,,,0.00,Y,T-Intersection, ,,None,,,         ,Brian,Sherman,,,no,no,no,no,no,False
103523082,METROPOLITAN NASHVILLE POLICE DEPT,20220656944,Davidson,Nashville,12/28/2022 6:30:00 AM,2,0,0,36.044780,-86.669620,BELL RD,,,,0.00,,,BEECHWOOD TER,,,,0.00,Y,T-Intersection,N,Intersection,None,,,         ,Tyler,Heckaman,Clear,Angle,no,no,no,no,yes,False
103523107,METROPOLITAN NASHVILLE POLICE DEPT,20220657785,Davidson,Nashville,12/28/2022 4:13:00 PM,2,0,0,36.115430,-86.810650,HILLSBORO PKE,,,,132.00,Feet,South,HAMPTON PL,,,,0.00,N,Not at Intersection,N,Non-Junction,None,,,         ,Samuel,Sundra,Clear,HeadOn,no,no,no,no,yes,False
103523116,METROPOLITAN NASHVILLE POLICE DEPT,20220657800,Davidson,Nashville,12/28/2022 4:08:00 PM,2,0,0,36.228760,-86.697760,BRILEY PKWYN,,,,1266.00,Feet,South,MUSIC VALLEY DR,,,,0.00,N,Not at Intersection, ,,None,,,         ,Evan,Grace,,,no,no,no,no,no,False
103523133,METROPOLITAN NASHVILLE POLICE DEPT,20220657197,Davidson,Nashville,12/28/2022 9:00:00 AM,2,0,0,36.265690,-86.830890,OLD HICKORY BLVD,,,,0.00,,,WHITES CREEK PKE,,,,0.00,Y,Four-Way, ,,None,,,         ,Sara,Lober,,,no,no,no,no,no,False
103523135,METROPOLITAN NASHVILLE POLICE DEPT,20220657814,Davidson,Nashville,12/28/2022 2:00:00 PM,2,0,0,36.264160,-86.735540,I65 N EXT RAMP,,,,0.00,Feet,East,OLD HICKORY BLVDW,,,,0.00,N,Not at Intersection,Y,Entrance/Exit Ramp Related,None,,,         ,Miles,Posey,Clear,Front to Rear,no,no,no,no,yes,False
103523142,METROPOLITAN NASHVILLE POLICE DEPT,20220657835,Davidson,Nashville,12/28/2022 12:00:00 AM,2,0,0,36.152200,-86.791370,DIVISION ST,,,,0.00,,,DEMONBREUN ST,,,,0.00,Y,Roundabout,N,Intersection,None,,,         ,Darci,Stechman,Clear,Front to Rear,no,no,no,no,yes,False
103523152,METROPOLITAN NASHVILLE POLICE DEPT,20220657803,Davidson,Nashville,12/28/2022 4:13:00 PM,2,0,0,36.089000,-86.649950,MURFREESBORO PKE,,,,30.00,Feet,South,RANSOM PL,,,,0.00,N,Not at Intersection, ,Non-Junction,None,,,         ,Megan,Arnett,Clear,Front to Rear,no,no,no,no,no,False
103523153,METROPOLITAN NASHVILLE POLICE DEPT,20220657775,Davidson,Nashville,12/28/2022 2:50:00 PM,2,0,0,36.093130,-86.652420,MURFREESBORO PKE,,,,300.00,Feet,South,OLD MURFREESBORO PKE,,,,0.00,N,Not at Intersection,N,Non-Junction,None,,,         ,Charis,Holland,Clear,"Sideswipe, Same Direction",no,no,no,no,yes,False
103523157,METROPOLITAN NASHVILLE POLICE DEPT,20220657756,Davidson,Nashville,12/28/2022 2:43:00 PM,2,0,0,36.147300,-86.757920,LAFAYETTE ST,,,,0.00,,,FAIRFIELD AV,,,,0.00,Y,Four-Way, ,Intersection,None,,,         ,William,Boler,Clear,Angle,no,no,no,no,yes,False
103523158,METROPOLITAN NASHVILLE POLICE DEPT,20220657863,Davidson,Nashville,12/28/2022 4:30:00 PM,2,0,0,36.076790,-86.726260,EDMONDSON PKE,,,,235.00,Feet,West,WALLACE RD,,,,0.00,N,Not at Intersection, ,Non-Junction,None,,,         ,Steven,Powers,Clear,Front to Rear,no,no,no,no,no,False
103523162,METROPOLITAN NASHVILLE POLICE DEPT,20220657856,Davidson,Nashville,12/28/2022 4:51:00 PM,2,0,0,36.241230,-86.785860,I 24,,,,0.00,,,,,,,42.80,N,Not at Intersection,N,Non-Junction,None,,,         ,Gabriel,Centeno,Clear,"Sideswipe, Same Direction",no,no,no,no,yes,False
103523163,METROPOLITAN NASHVILLE POLICE DEPT,20220657882,Davidson,Nashville,12/28/2022 4:11:00 PM,2,0,0,36.306340,-86.686540,GALLATIN PKEN,,,,354.00,Feet,East,NORTHSIDE DR,,,,0.00,N,Not at Intersection, ,Non-Junction,None,,,         ,Wesley,Carver,Clear,Front to Rear,no,no,no,no,no,False
103523172,METROPOLITAN NASHVILLE POLICE DEPT,20220657811,Davidson,Nashville,12/28/2022 4:30:00 PM,2,1,0,36.067620,-86.631480,MURFREESBORO PKE,,,,103.00,Feet,North,FOREST VIEW DR,,,,0.00,N,Not at Intersection,N,Non-Junction,None,,,         ,Brandon,Simpkins,Clear,Angle,no,no,no,no,no,False
103523174,METROPOLITAN NASHVILLE POLICE DEPT,20220657942,Davidson,Nashville,12/28/2022 5:30:00 PM,1,0,0,36.054140,-86.673760,I 24,,,,0.00,,,,,,,58.40,N,Not at Intersection,N,Non-Junction,None,,,         ,Andre,Williams,Clear,Not Collision with Motor Vehicle in Transport,no,no,no,no,no,False
103523176,METROPOLITAN NASHVILLE POLICE DEPT,20220657911,Davidson,Nashville,12/28/2022 5:38:00 PM,2,1,0,36.228590,-86.698330,MUSIC VALLEY DR,,,,1290.00,Feet,South,BRILEY PKWYS,,,,0.00,N,Not at Intersection,N,Non-Junction,None,,,         ,Evan,Grace,Clear,Front to Rear,no,no,no,no,no,False
103523180,METROPOLITAN NASHVILLE POLICE DEPT,20220657861,Davidson,Nashville,12/28/2022 5:08:00 PM,2,0,0,36.155520,-86.790010,BROADWAY,,,,62.00,Feet,East,15TH AVS,,,,0.00,N,Not at Intersection, ,Non-Junction,None,,,         ,Dakota,Davis,Clear,Front to Rear,no,no,no,no,no,False
103523194,METROPOLITAN NASHVILLE POLICE DEPT,20220657897,Davidson,Nashville,12/28/2022 5:31:00 PM,2,0,0,36.154630,-86.779160,LAFAYETTE ST,,,,0.00,,,8TH AVS,,,,0.00,Y,Roundabout, ,,None,,,         ,James,Hill,,,no,no,no,no,no,False
103523202,METROPOLITAN NASHVILLE POLICE DEPT,20220658011,Davidson,Nashville,12/28/2022 12:00:00 AM,1,0,0,36.210060,-86.591370,TRENTON DR,,,,141.00,Feet,East,CONCORD DR,,,,0.00,N,Not at Intersection,N,Non-Junction,None,,,         ,Keenan,McCann,Clear,Not Collision with Motor Vehicle in Transport,no,no,no,no,yes,False
103523206,METROPOLITAN NASHVILLE POLICE DEPT,20220657533,Davidson,Nashville,12/28/2022 12:52:00 PM,2,0,0,36.084920,-86.703440,TRAVELERS INN DR,,,,0.00,,,HARDING PL,,,,0.00,Y,T-Intersection,N,Intersection,None,,,         ,Tyler,Heckaman,Clear,Angle,no,no,no,no,no,False
103523211,METROPOLITAN NASHVILLE POLICE DEPT,20220658037,Davidson,Nashville,12/28/2022 6:17:00 PM,2,0,0,36.152070,-86.762000,FAIN ST,,,,0.00,Feet,East,CHARLES E DAVIS BLVD,,,,0.00,N,Not at Intersection,Y,Non-Junction,None,,,         ,William,Boler,Clear,Angle,no,no,no,no,yes,False
103523216,METROPOLITAN NASHVILLE POLICE DEPT,20220657765,Davidson,Nashville,12/28/2022 3:40:00 PM,2,0,0,36.092810,-86.678860,HARDING PL,,,,0.00,,,DONELSON PKE,,,,0.00,Y,T-Intersection,N,Intersection-Related,None,,,         ,Lauren,Ferrer,Clear,Front to Rear,no,no,no,no,no,False
103523217,METROPOLITAN NASHVILLE POLICE DEPT,20220657996,Davidson,Nashville,12/28/2022 4:20:00 PM,2,0,0,36.123680,-86.727930,I440 W ENT RAMP,,,,0.00,Feet,East,I 24,,,,0.00,N,Not at Intersection, ,,None,,,         ,Lauren,Ferrer,,,no,no,no,no,no,False
103523303,METROPOLITAN NASHVILLE POLICE DEPT,20220658072,Davidson,Nashville,12/28/2022 6:28:00 PM,2,0,0,36.047170,-86.655520,HICKORY HOLLOW PKWY,,,,183.00,Feet,South,BELL RD,,,,0.00,N,Not at Intersection, ,Non-Junction,None,,,         ,Nadine,Klemenz,Clear,Angle,no,no,no,no,no,False
103523304,METROPOLITAN NASHVILLE POLICE DEPT,20220655909,Davidson,Nashville,12/27/2022 6:13:00 PM,2,3,1,36.145270,-86.811930,WEST END AV,,,,0.00,,,28TH AVS,,,,0.00,Y,T-Intersection,N,Intersection,None,,,         ,Ryan,Allen,Clear,HeadOn,no,no,no,no,no,Campus
103523322,METROPOLITAN NASHVILLE POLICE DEPT,20220658136,Davidson,Nashville,12/28/2022 6:03:00 PM,2,0,0,36.122550,-86.700990,SATURN DR,,,,58.00,Feet,West,MARS DR,,,,0.00,N,Not at Intersection,N,Non-Junction,None,,,         ,Joshua,Zambrano-Vera,Clear,Not Collision with Motor Vehicle in Transport,no,no,no,no,yes,False
103523338,METROPOLITAN NASHVILLE POLICE DEPT,20220658126,Davidson,Nashville,12/28/2022 8:09:00 PM,2,1,0,36.044770,-86.661530,BELL RD,,,,0.00,,,CANE RIDGE RD,,,,0.00,Y,Four-Way,N,Intersection,None,,,         ,Keith,Parlato,Clear,Angle,no,no,no,no,yes,False
103523340,METROPOLITAN NASHVILLE POLICE DEPT,20220658094,Davidson,Goodlettsville,12/28/2022 5:58:00 PM,2,0,0,36.302830,-86.691920,CONFERENCE DR,,,,36.00,Feet,South,RIVERGATE MARKETPLACE PVTDR,,,,0.00,N,Not at Intersection, ,,None,,,         ,Wesley,Carver,,,no,no,no,no,no,False
103523356,METROPOLITAN NASHVILLE POLICE DEPT,20220658251,Davidson,Nashville,12/28/2022 8:31:00 PM,2,0,0,36.150430,-86.856710,US HWY 70,,,,179.00,Feet,East,ORLANDO AVE,,,,0.00,N,Not at Intersection,N,Non-Junction,None,,,         ,David,Moser,Clear,"Sideswipe, Same Direction",no,no,no,no,yes,False
103523362,METROPOLITAN NASHVILLE POLICE DEPT,20220658131,Davidson,Nashville,12/28/2022 8:34:00 PM,2,5,0,36.180590,-86.796350,GARFIELD ST,,,,0.00,,,ROSA L PARKS BLVD,,,,0.00,Y,Four-Way,N,Intersection,None,,,         ,Gabriel,Centeno,Clear,Angle,no,no,no,no,no,False
103523369,METROPOLITAN NASHVILLE POLICE DEPT,20220658263,Davidson,Nashville,12/28/2022 9:50:00 PM,2,0,0,36.069460,-86.687540,I24 W EXT RAMP,,,,0.00,,,I 24,,,,0.00,Y,T-Intersection,N,Entrance/Exit Ramp Related,None,,,         ,Megan,Arnett,Clear,Angle,no,no,no,no,yes,False
103523373,METROPOLITAN NASHVILLE POLICE DEPT,20220658314,Davidson,Nashville,12/28/2022 7:55:00 PM,2,0,0,36.085980,-86.761940,SIDCO DR,,,,394.00,Feet,North,ELYSIAN FIELDS RD,,,,0.00,N,Not at Intersection,N,Non-Junction,None,,,         ,Ricardo,Cruz,Clear,Angle,no,no,no,no,yes,False
103523376,METROPOLITAN NASHVILLE POLICE DEPT,20220657973,Davidson,Nashville,12/28/2022 6:25:00 PM,1,0,0,36.078890,-86.944654,SAWYER BROWN RD,,,,0.00,,,PRIVATE DRIVE,,,,0.00,Y,Four-Way,N,Intersection-Related,None,,,         ,Jeremy,Huffine,Clear,Not Collision with Motor Vehicle in Transport,no,no,no,no,no,False
103523384,METROPOLITAN NASHVILLE POLICE DEPT,20220658371,Davidson,Nashville,12/28/2022 10:40:00 PM,2,1,0,36.074480,-86.638650,MURFREESBORO PKE,,,,0.00,Feet,,RURAL HILL RD,,,,0.00,Y,Four-Way,N,Intersection-Related,None,,,         ,Mario,Diaz,Clear,HeadOn,no,no,no,no,yes,False
103523400,METROPOLITAN NASHVILLE POLICE DEPT,20220658404,Davidson,Nashville,12/28/2022 10:58:00 PM,4,1,0,36.158640,-86.792190,14TH AVN,,,,132.00,Feet,South,I40 E EXT RAMP,,,,0.00,N,Not at Intersection,N,Non-Junction,None,,,         ,Dallas,Johnson,Clear,Front to Rear,no,no,no,no,yes,False
103523402,METROPOLITAN NASHVILLE POLICE DEPT,20220657903,Davidson,Nashville,12/28/2022 5:34:00 PM,1,1,0,36.045270,-86.714250,OLD HICKORY BLVD,,,,162.00,Feet,East,BRENTWOOD EAST DR,,,,0.00,N,Not at Intersection,N,Non-Junction,None,,,         ,Steven,Powers,Clear,Not Collision with Motor Vehicle in Transport,yes,no,no,no,no,False
103523403,METROPOLITAN NASHVILLE POLICE DEPT,20220657988,Davidson,Nashville,12/28/2022 6:32:00 PM,2,1,0,36.058620,-86.741560,EDMONDSON PKE,,,,533.00,Feet,South,SEVEN MILE CREEK GRNWY,,,,0.00,N,Not at Intersection,N,Non-Junction,None,,,         ,Steven,Powers,Clear,"Sideswipe, Same Direction",no,no,no,no,no,False
103523407,METROPOLITAN NASHVILLE POLICE DEPT,20220658416,Davidson,Nashville,12/28/2022 10:30:00 PM,2,0,0,36.221230,-86.804730,REVELS DR,,,,59.00,Feet,East,WHITES CREEK PKE,,,,0.00,N,Not at Intersection,N,Non-Junction,None,,,         ,Pamela,Caulder,Cloudy,Angle,no,no,no,no,yes,False
103523408,METROPOLITAN NASHVILLE POLICE DEPT,20220658144,Davidson,Nashville,12/28/2022 8:44:00 PM,3,1,0,36.105910,-86.672460,MURFREESBORO PKE,,,,207.00,Feet,East,DONELSON PKE,,,,0.00,N,Not at Intersection,N,Non-Junction,None,,,         ,Parker,Vegas,Clear,Front to Rear,no,no,no,no,no,False
103523428,METROPOLITAN NASHVILLE POLICE DEPT,20220658569,Davidson,Antioch,12/29/2022 12:40:00 AM,1,0,0,36.035550,-86.609750,OLD HICKORY BLVD,,,,434.00,Feet,East,HOBSON PKE,,,,0.00,N,Not at Intersection,N,Non-Junction,None,,,         ,Hunter,Davis-Meints,Clear,Not Collision with Motor Vehicle in Transport,no,no,no,no,yes,False
103523430,METROPOLITAN NASHVILLE POLICE DEPT,20220658489,Davidson,Nashville,12/28/2022 11:56:00 PM,2,1,0,36.149690,-86.779180,DIVISION ST,,,,0.00,,,8TH AVS,,,,0.00,Y,Four-Way,N,Intersection,None,,,         ,Kevin,Steiner,Cloudy,Angle,no,no,no,no,no,False
103523462,METROPOLITAN NASHVILLE POLICE DEPT,20220658725,Davidson,Nashville,12/29/2022 2:34:00 AM,1,1,0,36.061930,-86.684520,CIMARRON WAY,,,,444.00,Feet,South,ARAPAHO BND,,,,0.00,N,Not at Intersection,N,Non-Junction,None,,,         ,Jason,Lyons,Clear,Not Collision with Motor Vehicle in Transport,no,no,no,no,no,False
103523585,METROPOLITAN NASHVILLE POLICE DEPT,20220658928,Davidson,Nashville,12/29/2022 6:16:00 AM,2,0,0,36.125560,-86.752450,NOLENSVILLE PKE,,,,125.00,Feet,South,GLENROSE AV,,,,0.00,N,Not at Intersection, ,Non-Junction,None,,,         ,Earl,Davis,Cloudy,Angle,no,no,no,no,no,False
103523620,METROPOLITAN NASHVILLE POLICE DEPT,20220657607,Davidson,Nashville,12/28/2022 2:24:00 PM,2,0,0,36.136580,-86.795150,WEDGEWOOD AV,,,,0.00,,,MAGNOLIA BLVD,,,,0.00,Y,Y-Intersection,N,Intersection,None,,,         ,Cynthia,Quirouette,Clear,Angle,no,no,no,no,no,False
103523625,METROPOLITAN NASHVILLE POLICE DEPT,20220657468,Davidson,Nashville,12/28/2022 12:45:00 PM,3,0,0,36.125040,-86.816040,WOODLAWN DR,,,,7.00,Feet,South,SHARONDALE DR,,,,0.00,N,Not at Intersection, ,Non-Junction,None,,,         ,Jonathan,Phipps,Clear,Front to Rear,no,no,no,no,no,False
103523650,METROPOLITAN NASHVILLE POLICE DEPT,20220658953,Davidson,Nashville,12/29/2022 6:45:00 AM,3,0,0,36.142460,-86.743330,MURFREESBORO PKE,,,,158.00,Feet,West,POLK AV,,,,0.00,N,Not at Intersection,Y,Non-Junction,None,,,         ,Neil,Wolfe,Clear,Other,no,no,no,no,no,False
103523672,METROPOLITAN NASHVILLE POLICE DEPT,20220659177,Davidson,Nashville,12/29/2022 9:00:00 AM,2,0,0,36.098270,-86.709740,I 24,,,,0.00,,,,,,,54.70,N,Not at Intersection, ,Non-Junction,None,,,         ,Thomas,White,Clear,Angle,no,no,no,no,no,False
103523695,BERRY HILL POLICE DEPT,22-3737,Davidson,Nashville,12/28/2022 12:55:00 PM,1,1,0,36.120730,-86.775240,FRANKLIN PKE,,,,0.00,Feet,East,KIRKWOOD AV,,,,0.00,N,Not at Intersection,N,Non-Junction,None,,,         ,Jovan,Martin,Clear,Not Collision with Motor Vehicle in Transport,yes,no,no,no,no,False