master_record_number,agency,agency_tracking_number,county,city,collision_date,vehicles_involved,number_injured,number_dead,latitude,longitude,roadway_name,roadway_suffix,roadway_number,roadway_local_id,distance_from_reference,miles-feet_indicator,direction_from_reference,intersection_road_name,intersection_road_name_suffix,intersection_road_number,intersection_local_id,mile_marker,intersection_indicator,intersect_type,interchange_related_indicator,relation_to_junction,work_zone_type,construction_maintenance_zone,construction_maintenance_zone_location,fatal_case_number,officer_first_name,officer_last_name,weather_condition(s),manner_of_crash,pedestrian,bicycle,scooter,parking,hitrun,mou
103523715,BERRY HILL POLICE DEPT,22-3747,Davidson,Nashville,12/29/2022 10:08:00 AM,2,0,0,36.118860,-86.774590,FRANKLIN PKE,,,,0.00,,,BERRY RD,,,,0.00,Y,T-Intersection,N,Non-Junction,None,,,         ,Jovan,Martin,Cloudy,"Sideswipe, Opposite Direction",no,no,no,no,no,False
103523721,METROPOLITAN NASHVILLE POLICE DEPT,20220659346,Davidson,Nashville,12/27/2022 12:00:00 AM,1,0,0,36.067230,-86.661670,UNA ANTIOCH PKE,,,,0.00,,,RICHARDS RD,,,,0.00,Y,T-Intersection,N,Intersection,None,,,         ,Jason,Hees,Unknown,Not Collision with Motor Vehicle in Transport,no,no,no,no,yes,False
103523769,METROPOLITAN NASHVILLE POLICE DEPT,20220659416,Davidson,Nashville,12/29/2022 11:56:00 AM,2,0,0,36.045350,-86.713410,OLD HICKORY BLVD,,,,0.00,,,NOLENSVILLE PKE,,,,0.00,Y,Four-Way,N,Intersection-Related,None,,,         ,Earl,Davis,Cloudy,"Sideswipe, Same Direction",no,no,no,no,no,False
103523826,METROPOLITAN NASHVILLE POLICE DEPT,20220659355,Davidson,Nashville,12/29/2022 11:15:00 AM,2,1,0,36.084160,-86.705890,LINBAR DR,,,,0.00,,,HARDING PL,,,,0.00,Y,T-Intersection,N,Non-Junction,None,,,         ,Gregory,Scott,Clear,Angle,no,no,no,no,no,False
103523843,METROPOLITAN NASHVILLE POLICE DEPT,20220657588,Davidson,Nashville,12/28/2022 2:15:00 PM,2,1,0,36.153000,-86.857610,BRILEY PKWY,,,,0.00,,,I40 W EXT RAMP,,,,0.00,Y,Four-Way,N,Intersection-Related,None,,,         ,Jonathan,Phipps,Clear,Angle,no,no,no,no,no,False
103523867,METROPOLITAN NASHVILLE POLICE DEPT,20220659512,Davidson,Nashville,12/29/2022 11:30:00 AM,2,0,0,36.045470,-86.658670,BELL RD,,,,296.00,Feet,West,COLLINS PARK DR,,,,0.00,N,Not at Intersection, ,Non-Junction,None,,,         ,Jason,Hees,Rain,"Sideswipe, Same Direction",no,no,no,no,yes,False
103523906,METROPOLITAN NASHVILLE POLICE DEPT,20220659438,Davidson,Nashville,12/29/2022 12:28:00 PM,2,0,0,36.063150,-86.626670,MURFREESBORO PKE,,,,801.00,Feet,South,HAMILTON CHURCH RD,,,,0.00,N,Not at Intersection, ,Non-Junction,None,,,         ,Joe,Hooper,Cloudy,Front to Rear,no,no,no,no,no,False
103523920,METROPOLITAN NASHVILLE POLICE DEPT,20220659315,Davidson,Nashville,12/29/2022 10:20:00 AM,2,1,0,36.135160,-86.757720,HERRON DR,,,,908.00,Feet,West,INTERSTATE BLVDS,,,,0.00,N,Not at Intersection,N,Non-Junction,None,,,         ,Neil,Wolfe,Clear,HeadOn,no,no,no,yes,no,False
103523926,METROPOLITAN NASHVILLE POLICE DEPT,20220659510,Davidson,Nashville,12/29/2022 12:55:00 PM,2,0,0,36.150310,-86.797250,BROADWAY,,,,0.00,,,LYLE AV,,,,0.00,Y,Four-Way,N,Intersection,Work Zone,Laneclosure,Activity Area,         ,Earl,Davis,Rain,Angle,no,no,no,no,no,False
103523927,BERRY HILL POLICE DEPT,22-3748,Davidson,Berry Hill,12/29/2022 12:00:00 AM,1,1,0,36.120140,-86.771710,BERRY RD,,,,0.00,,,,,,,0.00,,,N,Non-Junction,None,,,         ,John,Gleixner,Rain,Not Collision with Motor Vehicle in Transport,yes,no,no,yes,no,False
103523951,METROPOLITAN NASHVILLE POLICE DEPT,20220659404,Davidson,Nashville,12/29/2022 11:58:00 AM,2,1,0,36.090310,-86.626410,SMITH SPRINGS RD,,,,25.00,Feet,East,BELL RD,,,,0.00,N,Not at Intersection,N,Non-Junction,Construction Zone,,,         ,Christopher,Mikles,Cloudy,Other,no,no,no,no,yes,False
103523979,METROPOLITAN NASHVILLE POLICE DEPT,20220659468,Davidson,Nashville,12/29/2022 1:00:00 PM,2,0,0,36.141140,-86.776630,I 65,,,,0.00,,,,,,,81.90,N,Not at Intersection, ,Non-Junction,None,,,         ,Malik,Burriss,Cloudy,Front to Rear,no,no,no,no,no,False
103523988,METROPOLITAN NASHVILLE POLICE DEPT,20220659511,Davidson,Nashville,12/29/2022 1:15:00 PM,2,0,0,36.198340,-86.620250,OLD HICKORY BLVD,,,,35.00,Feet,South,LEBANON PKE,,,,0.00,N,Not at Intersection,N,Non-Junction,None,,,         ,Kristopher,Marmolejo,"Cloudy, Rain",Front to Rear,no,no,no,no,yes,False
103524004,METROPOLITAN NASHVILLE POLICE DEPT,20220659529,Davidson,Nashville,12/29/2022 12:39:00 PM,1,1,0,36.162120,-86.700920,LEBANON PKE,,,,251.00,Feet,East,MEADOW CLIFF,,,,0.00,N,Not at Intersection,N,Non-Junction,None,,,         ,Joshua,Beauchesne,Rain,Not Collision with Motor Vehicle in Transport,no,no,no,no,no,False
103524017,METROPOLITAN NASHVILLE POLICE DEPT,20220659587,Davidson,Nashville,12/29/2022 12:00:00 AM,2,0,0,36.153660,-86.769820,2ND AVS,,,,162.00,Feet,North,ASH ST,,,,0.00,N,Not at Intersection,N,Non-Junction,None,,,         ,James,Thornton,Rain,"Sideswipe, Same Direction",no,no,no,no,no,False
103524018,METROPOLITAN NASHVILLE POLICE DEPT,20220659555,Davidson,Nashville,12/29/2022 1:51:00 PM,2,1,0,36.073330,-86.637560,MURFREESBORO PKE,,,,528.00,Feet,South,RURAL HILL RD,,,,0.00,N,Not at Intersection,N,Non-Junction,None,,,         ,Stanley,Collins,Rain,Front to Rear,no,no,no,no,no,False
103524028,METROPOLITAN NASHVILLE POLICE DEPT,20220659541,Davidson,Nashville,12/29/2022 1:25:00 PM,1,0,0,36.124980,-86.847640,HARDING PKE,,,,0.00,,,WHITE BRIDGE PKE,,,,0.00,Y,Four-Way, ,Intersection,None,,,         ,Douglas,Atwood,Rain,Not Collision with Motor Vehicle in Transport,no,no,no,no,no,False
103524033,METROPOLITAN NASHVILLE POLICE DEPT,20220659331,Davidson,Nashville,12/29/2022 11:02:00 AM,1,0,0,36.197900,-86.687840,BRILEY PKWY N EXT RAMP,,,,0.00,,,OPRY MILLS DR,,,,0.00,Y,OTHER,N,Entrance/Exit Ramp Related,None,,,         ,Cameron,Fritschie,Cloudy,Not Collision with Motor Vehicle in Transport,no,no,no,no,no,False
103524041,METROPOLITAN NASHVILLE POLICE DEPT,20220659660,Davidson,Madison,12/29/2022 3:24:00 PM,2,0,0,36.261120,-86.712570,GALLATIN PKES,,,,44.00,Feet,South,MAPLE ST,,,,0.00,N,Not at Intersection, ,Non-Junction,None,,,         ,Brian,Otto,Cloudy,Angle,no,no,no,no,no,False
103524064,THP District 3 - Nashville,322110564,Davidson,Nashville,12/29/2022 8:44:00 AM,2,0,0,36.106520,-86.672870,DONELSON PKE,,,,128.00,Feet,North,MURFREESBORO PKE,,,,0.00,N,Not at Intersection,N,Non-Junction,None,,,         ,Lennart,Schaaf,Clear,Front to Rear,no,no,no,no,yes,False
103524070,METROPOLITAN NASHVILLE POLICE DEPT,20220659606,Davidson,Nashville,12/29/2022 2:31:00 PM,2,2,0,36.068770,-86.716280,HOPEDALE DR,,,,5.00,Feet,North,HAYWOOD LN,,,,0.00,N,Not at Intersection,N,Non-Junction,None,,,         ,Zera,Ntahonirukiye,Clear,"Sideswipe, Opposite Direction",no,no,no,no,yes,False
103524073,METROPOLITAN NASHVILLE POLICE DEPT,20220659679,Davidson,Nashville,12/29/2022 12:00:00 AM,2,0,0,36.215680,-86.587140,LEBANON PKE,,,,312.00,Feet,West,BIG HORN DR,,,,0.00,N,Not at Intersection,N,Non-Junction,None,,,         ,Esther,Poysti,Rain,Angle,no,no,no,no,no,False
103524077,METROPOLITAN NASHVILLE POLICE DEPT,20220659637,Davidson,Nashville,12/29/2022 3:10:00 PM,1,1,0,36.170400,-86.768450,INTERSTATE DR,,,,0.00,,,WOODLAND ST,,,,0.00,Y,Four-Way,N,Intersection,None,,,         ,Shedie,Herbert III,"Cloudy, Rain",Not Collision with Motor Vehicle in Transport,no,yes,no,no,no,False
103524097,METROPOLITAN NASHVILLE POLICE DEPT,20220659734,Davidson,Nashville,12/29/2022 3:30:00 PM,1,0,0,36.130170,-86.899320,I 40,,,,0.00,,,,,,,201.00,N,Not at Intersection, ,Non-Junction,None,,,         ,Zachary,Carter,Rain,Not Collision with Motor Vehicle in Transport,no,no,no,no,no,False
103524103,VANDERBILT UNIVERSITY POLICE,20220656980,Davidson,Nashville,12/28/2022 6:29:00 PM,3,2,0,36.138030,-86.805050,BLAKEMORE AV,,,,0.00,,,24TH AVS,,,,0.00,Y,Four-Way,N,Intersection,None,,,         ,Shaneithia,Lewis,,HeadOn,no,no,no,no,no,Campus
103524110,METROPOLITAN NASHVILLE POLICE DEPT,20220659727,Davidson,Nashville,12/29/2022 3:30:00 PM,2,0,0,36.157820,-86.801540,19TH AVN,,,,92.00,Feet,North,CHARLOTTE AV,,,,0.00,N,Not at Intersection,N,Non-Junction,None,,,         ,Benjamin,Ellsworth,Cloudy,Front to Rear,no,no,no,yes,yes,False
103524112,METROPOLITAN NASHVILLE POLICE DEPT,20220659772,Davidson,Nashville,12/29/2022 4:29:00 PM,2,2,0,36.183350,-86.748570,GALLATIN AV,,,,0.00,,,W EASTLAND AV,,,,0.00,Y,T-Intersection,N,Intersection,None,,,         ,Randy,Puckett,Rain,Front to Rear,no,no,no,no,yes,False
103524116,METROPOLITAN NASHVILLE POLICE DEPT,20220659688,Davidson,Nashville,12/29/2022 2:53:00 PM,2,0,0,36.164910,-86.602210,BELL RD,,,,184.00,Feet,East,MILLS RD,,,,0.00,N,Not at Intersection,N,Non-Junction,None,,,         ,Zacarias,Brito Jr.,Rain,Front to Rear,no,no,no,no,yes,False
103524140,METROPOLITAN NASHVILLE POLICE DEPT,20220659824,Davidson,Nashville,12/29/2022 4:15:00 PM,2,0,0,36.198860,-86.838350,CLARKSVILLE PKE,,,,190.00,Feet,South,NORTH GATE SHOPPING CTR PVTDR,,,,0.00,N,Not at Intersection,N,Non-Junction,None,,,         ,Tyler,Jordan,"Cloudy, Rain",Front to Rear,no,no,no,no,yes,False
103524144,METROPOLITAN NASHVILLE POLICE DEPT,20220659738,Davidson,Madison,12/29/2022 4:00:00 PM,2,0,0,36.263920,-86.690420,STATE RT 45,,,,35.00,Feet,West,MYATT DR,,,,0.00,N,Not at Intersection,N,Non-Junction,None,,,         ,Zachary,Wright,Rain,Front to Rear,no,no,no,no,no,False
103524145,METROPOLITAN NASHVILLE POLICE DEPT,20220659802,Davidson,Nashville,12/29/2022 3:25:00 PM,2,0,0,36.163170,-86.780190,CHURCH ST,,,,0.00,,,5TH AVN,,,,0.00,Y,Four-Way, ,Intersection,None,,,         ,Brent,Morris,Rain,HeadOn,no,no,no,no,no,False
103524153,METROPOLITAN NASHVILLE POLICE DEPT,20220659785,Davidson,Goodlettsville,12/29/2022 4:25:00 PM,1,0,0,36.303310,-86.693390,RIVERGATE MALL PVTDR,,,,307.00,Feet,West,CONFERENCE DR,,,,0.00,N,Not at Intersection,N,Non-Junction,None,,,         ,Travis,Garcia,"Cloudy, Rain",Not Collision with Motor Vehicle in Transport,no,no,no,no,no,False
103524159,GOODLETTSVILLE POLICE DEPT,22-39280,Davidson,Goodlettsville,12/29/2022 2:55:00 PM,2,1,0,36.324400,-86.713610,N MAIN ST,,,,19.00,Feet,South,MONCRIEF AV,,,,0.00,N,Not at Intersection,N,Non-Junction,None,,,         ,Donald,Brinton,Rain,Angle,no,no,no,no,no,False
103524166,METROPOLITAN NASHVILLE POLICE DEPT,20220659886,Davidson,Nashville,12/29/2022 5:36:00 PM,2,0,0,36.040220,-86.744880,OLD HICKORY BLVD,,,,423.00,Feet,West,EDMONDSON PKE,,,,0.00,N,Not at Intersection, ,Non-Junction,None,,,         ,Steven,Powers,Rain,Angle,no,no,no,no,no,False
103524216,METROPOLITAN NASHVILLE POLICE DEPT,20220659744,Davidson,Nashville,12/29/2022 3:40:00 PM,2,0,0,36.081180,-86.758720,HARDING PL,,,,110.00,Feet,West,TROUSDALE DR,,,,0.00,N,Not at Intersection,N,Non-Junction,None,,,         ,Flynn,Ireland,"Cloudy, Rain",Front to Rear,no,no,no,no,yes,False
103524228,METROPOLITAN NASHVILLE POLICE DEPT,20220659936,Davidson,Nashville,12/29/2022 6:16:00 PM,2,0,0,36.151420,-86.768640,I 40,,,,0.00,,,,,,,210.45,N,Not at Intersection, ,,None,,,         ,Evan,Grace,,,no,no,no,no,no,False
103524232,METROPOLITAN NASHVILLE POLICE DEPT,20220659898,Davidson,Nashville,12/29/2022 5:20:00 PM,2,0,0,36.201270,-86.776830,I 65,,,,0.00,,,,,,,86.95,N,Not at Intersection,N,Non-Junction,None,,,         ,Tyler,Jordan,Cloudy,Front to Rear,no,no,no,no,no,False
103524253,METROPOLITAN NASHVILLE POLICE DEPT,20220659983,Davidson,Nashville,12/29/2022 6:25:00 PM,2,0,0,36.065740,-86.629460,MURFREESBORO PKE,,,,3.00,Feet,South,HAMILTON CROSSINGS,,,,0.00,N,Not at Intersection, ,Non-Junction,None,,,         ,Nadine,Klemenz,Clear,HeadOn,no,no,no,no,no,False
103524262,METROPOLITAN NASHVILLE POLICE DEPT,20220659915,Davidson,Nashville,12/29/2022 6:00:00 PM,2,1,0,36.090330,-86.626500,SMITH SPRINGS RD,,,,0.00,,,BELL RD,,,,0.00,Y,Four-Way,N,Intersection,None,,,         ,Theodore,Flick,Rain,Front to Rear,no,no,no,no,no,False
103524276,METROPOLITAN NASHVILLE POLICE DEPT,20220660070,Davidson,Nashville,12/29/2022 8:00:00 PM,4,0,0,36.184840,-86.767030,ARRINGTON ST,,,,374.00,Feet,East,MERIDIAN ST,,,,0.00,N,Not at Intersection,N,Non-Junction,None,,,         ,Justen,Ogle,Rain,Angle,no,no,no,no,yes,False
103524281,METROPOLITAN NASHVILLE POLICE DEPT,20220659826,Davidson,Nashville,12/29/2022 5:05:00 PM,2,0,0,36.115070,-86.724850,I 24,,,,0.00,,,,,,,53.25,N,Not at Intersection, ,Non-Junction,None,,,         ,Justin,Ramos,Clear,"Sideswipe, Same Direction",no,no,no,no,no,False
103524344,METROPOLITAN NASHVILLE POLICE DEPT,20220659918,Davidson,Nashville,12/29/2022 5:30:00 PM,2,0,0,36.130380,-86.852250,LIONS HEAD VILLAGE PVTDR,,,,15.00,Feet,South,LIONS HEAD CONDOMINIUMS PVTDR,,,,0.00,N,Not at Intersection,N,Non-Junction,None,,,         ,Nicholas,Perdiou,Clear,Rear to Rear,no,no,no,yes,yes,False
103524349,METROPOLITAN NASHVILLE POLICE DEPT,20220659654,Davidson,Nashville,12/29/2022 3:20:00 PM,1,1,0,36.071120,-87.003820,MCCRORY LN,,,,0.55,Miles,West,SCARCROFT LN,,,,0.00,N,Not at Intersection,N,Non-Junction,None,,,         ,Steven,Begley,Cloudy,Not Collision with Motor Vehicle in Transport,no,no,no,no,no,False
103524350,METROPOLITAN NASHVILLE POLICE DEPT,20220660088,Davidson,Nashville,12/29/2022 6:33:00 PM,2,0,0,36.240470,-86.747870,BRILEY PKWY W EXT RAMP,,,,0.00,Feet,East,BRILEY PKWYE,,,,0.00,N,Not at Intersection, ,,None,,,         ,Bradley,Campbell,,,no,no,no,no,no,False
103524355,METROPOLITAN NASHVILLE POLICE DEPT,20220660019,Davidson,Nashville,12/29/2022 7:32:00 PM,3,0,0,36.129190,-86.727220,I 24,,,,0.00,,,,,,,51.35,N,Not at Intersection,N,Non-Junction,None,,,         ,Nicholas,Ragan,Clear,Angle,no,no,no,no,yes,False
103524356,METROPOLITAN NASHVILLE POLICE DEPT,20220660131,Davidson,Nashville,12/29/2022 8:56:00 PM,1,1,0,36.180060,-86.810620,BUCHANAN ST,,,,125.00,Feet,East,DR D B TODD JR BLVD,,,,0.00,N,Not at Intersection,N,Non-Junction,None,,,         ,Lucas,Thomas,"Cloudy, Rain",Not Collision with Motor Vehicle in Transport,yes,no,no,no,no,False
103524365,METROPOLITAN NASHVILLE POLICE DEPT,20220659972,Davidson,Nashville,12/29/2022 12:00:00 AM,2,0,0,36.140870,-86.728310,I 40,,,,0.00,,,,,,,213.80,N,Not at Intersection, ,Non-Junction,None,,,         ,Esther,Poysti,Rain,Angle,no,no,no,no,no,False
103524409,METROPOLITAN NASHVILLE POLICE DEPT,20220660180,Davidson,Nashville,12/29/2022 12:00:00 AM,1,0,0,36.012470,-86.671920,OLD HICKORY BLVD,,,,1704.00,Feet,West,PETTUS RD,,,,0.00,N,Not at Intersection,N,Non-Junction,None,,,         ,John,Braxton,Clear,Not Collision with Motor Vehicle in Transport,no,no,no,no,no,False
103524443,METROPOLITAN NASHVILLE POLICE DEPT,20220659722,Davidson,Nashville,12/29/2022 3:57:00 PM,5,0,0,36.156290,-86.628610,I 40,,,,0.00,,,,,,,219.00,N,Not at Intersection, ,Non-Junction,None,,,         ,Stephen,Sciolinos,Rain,Front to Rear,no,no,no,no,no,False
103524458,METROPOLITAN NASHVILLE POLICE DEPT,20220660071,Davidson,Nashville,12/29/2022 8:10:00 PM,1,0,0,36.072890,-86.645390,RICE RD,,,,473.00,Feet,East,EDGE O LAKE DR,,,,0.00,N,Not at Intersection,N,Non-Junction,None,,,         ,Alexandra,Foote,Rain,Not Collision with Motor Vehicle in Transport,no,no,no,no,no,False
103524462,METROPOLITAN NASHVILLE POLICE DEPT,20220660256,Davidson,Nashville,12/29/2022 10:05:00 PM,1,0,0,36.238390,-86.783690,I24 W ENT RAMP,,,,0.00,Feet,East,I 24,,,,0.00,N,Not at Intersection,N,Non-Junction,None,,,         ,Nathan,Sizemore,Cloudy,Not Collision with Motor Vehicle in Transport,no,no,no,no,no,False
103524469,METROPOLITAN NASHVILLE POLICE DEPT,20220660097,Davidson,Nashville,12/29/2022 8:26:00 PM,2,0,0,36.054110,-86.682960,SHIHMEN DR,,,,0.00,,,JENNY MURFF DR,,,,0.00,Y,T-Intersection,Y,Intersection,None,,,         ,Taylor,Blackwelder,Clear,HeadOn,no,no,no,no,yes,False
103524490,METROPOLITAN NASHVILLE POLICE DEPT,20220659927,Davidson,Nashville,12/29/2022 5:58:00 PM,2,0,0,36.207070,-86.791650,WHITES CREEK PKE,,,,0.00,,,BAPTIST WORLD CENTER DR,,,,0.00,Y,Four-Way,N,Intersection,None,,,         ,Gabriel,Centeno,Rain,Front to Rear,no,no,no,no,yes,False
103524492,METROPOLITAN NASHVILLE POLICE DEPT,20220659881,Davidson,Nashville,12/29/2022 3:20:00 PM,2,1,0,36.070840,-86.920400,OLD HICKORY BLVD,,,,673.00,Feet,South,BELLEVUE VALLEY PLAZA PVTDR,,,,0.00,N,Not at Intersection,N,Non-Junction,None,,,         ,Steven,Begley,Clear,"Sideswipe, Same Direction",no,no,no,no,yes,False
103524494,METROPOLITAN NASHVILLE POLICE DEPT,20220660421,Davidson,Antioch,12/29/2022 9:40:00 PM,2,0,0,36.081380,-86.593650,SMITH SPRINGS RD,,,,0.00,Feet,East,SCENIC LAKE CT,,,,0.00,N,Not at Intersection,N,Non-Junction,None,,,         ,Douglas,Meringer,Clear,Front to Rear,no,no,no,no,yes,False
103524497,METROPOLITAN NASHVILLE POLICE DEPT,20220660009,Davidson,Nashville,12/29/2022 7:25:00 PM,2,1,0,36.156310,-86.807250,CHARLOTTE AV,,,,0.00,,,22ND AVN,,,,0.00,Y,Four-Way,Y,Intersection,None,,,         ,Samuel,Sundra,Cloudy,HeadOn,no,no,no,no,no,False
103524499,METROPOLITAN NASHVILLE POLICE DEPT,20220660409,Davidson,Nashville,12/29/2022 11:30:00 PM,1,0,0,36.192420,-86.778800,I 65,,,,0.00,,,,,,,86.40,N,Not at Intersection,N,Unknown,None,,,         ,Ian,Pearce,Rain,Not Collision with Motor Vehicle in Transport,no,no,no,no,no,False
103524500,METROPOLITAN NASHVILLE POLICE DEPT,20220659953,Davidson,Nashville,12/29/2022 5:30:00 PM,2,0,0,36.268470,-86.756090,DICKERSON PKE,,,,51.00,Feet,North,BELL GRIMES LN,,,,0.00,N,Not at Intersection, ,Non-Junction,None,,,         ,James,Kidd,Cloudy,Front to Rear,no,no,no,no,yes,False
103524505,METROPOLITAN NASHVILLE POLICE DEPT,20220659952,Davidson,Goodlettsville,12/29/2022 6:11:00 PM,2,0,0,36.294500,-86.701290,GALLATIN PKEN,,,,35.00,Feet,North,MCHENRY CENTER PVTDR,,,,0.00,N,Not at Intersection,N,Non-Junction,None,,,         ,Angel,Vidrios,Cloudy,Front to Rear,no,no,no,no,no,False
103524517,METROPOLITAN NASHVILLE POLICE DEPT,20220660476,Davidson,Nashville,12/30/2022 12:00:00 AM,2,1,0,36.153250,-86.794010,17TH AVS,,,,0.00,Feet,,BROADWAY,,,,0.00,Y,Four-Way,N,Intersection,None,,,         ,Christopher,Bene,Clear,Angle,no,no,no,no,no,False
103524533,METROPOLITAN NASHVILLE POLICE DEPT,20220660538,Davidson,Nashville,12/30/2022 12:40:00 AM,1,0,0,36.107140,-86.719470,I24 W EXT RAMP,,,,0.00,Feet,East,I 24,,,,0.00,N,Not at Intersection,N,Entrance/Exit Ramp Related,None,,,         ,Autumn,Manning,Clear,Not Collision with Motor Vehicle in Transport,no,no,no,no,no,False
103524535,METROPOLITAN NASHVILLE POLICE DEPT,20220660309,Davidson,Nashville,12/29/2022 10:36:00 PM,2,0,0,36.167740,-86.778310,JAMES ROBERTSON PKWY,,,,98.00,Feet,East,2ND AVN,,,,0.00,N,Not at Intersection, ,Non-Junction,None,,,         ,Jonas,Elias,Clear,"Sideswipe, Same Direction",no,no,no,no,no,False
103524544,METROPOLITAN NASHVILLE POLICE DEPT,20220660460,Davidson,Nashville,12/30/2022 12:00:00 AM,2,0,0,36.169090,-86.757770,S 7TH ST,,,,67.00,Feet,South,SHELBY AV,,,,0.00,N,Not at Intersection, ,Non-Junction,None,,,         ,Jordan,Knight,Clear,Angle,no,no,no,no,yes,False
103524545,METROPOLITAN NASHVILLE POLICE DEPT,20220660290,Davidson,Nashville,12/29/2022 10:44:00 PM,2,0,0,36.143500,-86.794410,EDGEHILL AV,,,,0.00,,,17TH AVS,,,,0.00,Y,Four-Way,Y,Intersection,None,,,         ,George,Poulos,"Cloudy, Rain",Front to Rear,no,no,no,no,no,Campus
103524546,METROPOLITAN NASHVILLE POLICE DEPT,20220660703,Davidson,Joelton,12/30/2022 2:14:00 AM,1,0,0,36.338560,-86.914850,I 24,,,,0.00,,,,,,,32.15,N,Not at Intersection,N,Non-Junction,None,,,         ,Nathan,Sizemore,Clear,Not Collision with Motor Vehicle in Transport,no,no,no,no,yes,False
103524558,METROPOLITAN NASHVILLE POLICE DEPT,20220660774,Davidson,Joelton,12/30/2022 3:13:00 AM,1,0,0,36.286850,-86.924610,GRAYS POINT RD,,,,1169.00,Feet,North,RIDGE HILL DR,,,,0.00,N,Not at Intersection,N,Non-Junction,None,,,         ,Nathan,Sizemore,Clear,Not Collision with Motor Vehicle in Transport,no,no,no,no,no,False
103524566,METROPOLITAN NASHVILLE POLICE DEPT,20220660707,Davidson,Nashville,12/30/2022 2:19:00 AM,1,0,0,36.163680,-86.762520,I 24,,,,0.00,,,,,,,49.20,N,Not at Intersection,N,Non-Junction,None,,,         ,Mena,Mahros,Cloudy,Not Collision with Motor Vehicle in Transport,no,no,no,no,yes,False
103524581,METROPOLITAN NASHVILLE POLICE DEPT,20220660437,Davidson,Nashville,12/29/2022 11:35:00 PM,2,0,0,36.183950,-86.748320,GALLATIN AV,,,,47.00,Feet,North,EASTLAND AV,,,,0.00,N,Not at Intersection,N,Non-Junction,None,,,         ,Bradly,Mackay,Cloudy,Angle,no,no,no,no,no,False
103524596,METROPOLITAN NASHVILLE POLICE DEPT,20220660867,Davidson,Antioch,12/30/2022 5:18:00 AM,1,0,0,36.040670,-86.604400,MURFREESBORO PKE,,,,623.00,Feet,North,OLD HICKORY BLVD,,,,0.00,N,Not at Intersection,N,Non-Junction,None,,,         ,Douglas,Meringer,Clear,Not Collision with Motor Vehicle in Transport,no,no,no,no,yes,False
103524609,METROPOLITAN NASHVILLE POLICE DEPT,20220660876,Davidson,Nashville,12/30/2022 5:35:00 AM,2,1,0,36.132640,-86.719750,MURFREESBORO PKE,,,,143.00,Feet,West,WILHAGAN RD,,,,0.00,N,Not at Intersection,N,Non-Junction,None,,,         ,Autumn,Manning,Clear,Angle,no,no,no,no,yes,False
103524618,METROPOLITAN NASHVILLE POLICE DEPT,20220660924,Davidson,Nashville,12/30/2022 6:15:00 AM,2,0,0,36.248650,-86.715580,E PALESTINE AV,,,,5.00,Feet,West,ARGLE AV,,,,0.00,N,Not at Intersection,N,Non-Junction,None,,,         ,Brian,Otto,Cloudy,Angle,no,no,no,no,yes,False
103524780,METROPOLITAN NASHVILLE POLICE DEPT,20220661269,Davidson,Nashville,12/30/2022 10:55:00 AM,1,0,0,36.069230,-87.000950,MCCRORY LN,,,,2063.00,Feet,West,AVONDALE PARK BLVD,,,,0.00,N,Not at Intersection,N,Non-Junction,None,,,         ,Jackson,Smythe,Cloudy,Not Collision with Motor Vehicle in Transport,no,no,no,no,no,False
103524791,METROPOLITAN NASHVILLE POLICE DEPT,20220661221,Davidson,Nashville,12/30/2022 10:05:00 AM,2,0,0,36.074400,-86.920920,OLD HICKORY BLVD,,,,30.00,Feet,South,HIGHWAY 70S,,,,0.00,N,Not at Intersection, ,,None,,,         ,Terence,Mitchell,,,no,no,no,no,no,False
103524804,METROPOLITAN NASHVILLE POLICE DEPT,20220661273,Davidson,Nashville,12/30/2022 10:58:00 AM,1,0,0,36.132470,-86.779240,8TH AVS,,,,11.00,Feet,South,BENTON AV,,,,0.00,N,Not at Intersection, ,Non-Junction,None,,,         ,Michael,Do,Clear,Not Collision with Motor Vehicle in Transport,no,no,no,yes,yes,False
103524874,METROPOLITAN NASHVILLE POLICE DEPT,20220661327,Davidson,Nashville,12/30/2022 11:40:00 AM,2,0,0,36.194050,-86.831850,CLARKSVILLE PKE,,,,236.00,Feet,West,BUENA VISTA PKE,,,,0.00,N,Not at Intersection, ,Non-Junction,None,,,         ,Chase,Harriman,Clear,Angle,no,no,no,no,no,False
103524886,METROPOLITAN NASHVILLE POLICE DEPT,20220661283,Davidson,Nashville,12/30/2022 11:10:00 AM,2,0,0,36.162870,-86.761360,I 24,,,,0.00,,,,,,,49.25,N,Not at Intersection,N,Non-Junction,None,,,         ,Brian,Cavaliere,Clear,Front to Rear,no,no,no,no,yes,False
103524929,METROPOLITAN NASHVILLE POLICE DEPT,20220659232,Davidson,Nashville,12/30/2022 10:20:00 AM,2,1,0,36.112270,-86.735240,ROLYNN DR,,,,291.00,Feet,West,DRUID DR,,,,0.00,N,Not at Intersection,N,Non-Junction,None,,,         ,John,Walden,Clear,Other,no,no,no,no,no,False
103525009,METROPOLITAN NASHVILLE POLICE DEPT,20220661423,Davidson,Nashville,12/30/2022 12:00:00 AM,2,0,0,36.135690,-86.801700,ACKLEN AV,,,,210.00,Feet,West,21ST AVS,,,,0.00,N,Not at Intersection,N,Non-Junction,None,,,         ,Michael,Do,Clear,Unknown,no,no,no,no,yes,Campus